userMediaCount,userFollowerCount,userFollowingCount,userHasHighlighReels,userHasExternalUrl,userTagsCount,userBiographyLength,usernameLength,usernameDigitCount,mediaLikeNumbers_mean,mediaLikeNumbers_std,mediaLikeNumbers_min,mediaLikeNumbers_max,mediaCommentNumbers_mean,mediaCommentNumbers_std,mediaCommentNumbers_min,mediaCommentNumbers_max,mediaCommentsAreDisabled_mean,mediaCommentsAreDisabled_std,mediaCommentsAreDisabled_min,mediaCommentsAreDisabled_max,mediaHashtagNumbers_mean,mediaHashtagNumbers_std,mediaHashtagNumbers_min,mediaHashtagNumbers_max,mediaUploadTimes_mean,mediaUploadTimes_std,mediaUploadTimes_min,mediaUploadTimes_max,mediaHasLocationInfo_mean,mediaHasLocationInfo_std,mediaHasLocationInfo_min,mediaHasLocationInfo_max
0.09209209209209208,8.649037870475783e-05,0.07851239669421488,0.0,0.0,0.0001788846915291334,0.0,0.24,0.0,0.0004031812115762611,0.0003817488122579473,8.294625082946251e-05,0.00024218704589928894,0.0028812387381981176,0.0012394315296676175,0.0,0.000811304171455615,0.0,0.0,0.0,0.0,0.04695340501792115,0.12519689774970494,0.0,0.07874015748031496,0.5482886156247639,0.616430878623018,0.19345227437713852,0.999835606909488,0.5053763440860215,0.9999421881774341,0.0,1.0
1.0,0.002027008339367143,0.30685150626499597,1.0,1.0,0.0006869773447799493,0.9600000000000001,0.32,0.0,0.00048417700940756676,0.000771078348947985,0.00030413625304136254,0.0007763824728542919,0.006966835268963048,0.0026049512949047155,0.0,0.0034480427286863635,0.0,0.0,0.0,0.0,0.42246666666666666,0.40991811699401975,0.0,0.2440944881889764,0.6560295271689993,0.42085296685314344,0.5084773334235111,0.9982635337856776,0.331,0.9411461098044235,0.0,1.0
0.14514514514514515,0.00018992711626848854,0.4557451346307651,1.0,1.0,1.0522628913478436e-05,0.9866666666666667,0.27999999999999997,0.0,0.00021567015471379437,0.0002127485731974672,8.294625082946251e-05,0.00015915148730524703,0.002528969931192663,0.0011042527710823924,0.0,0.0005408694476370766,0.0,0.0,0.0,0.0,0.40890410958904105,0.4140338301537147,0.0,0.23622047244094488,0.9433176344515877,0.12015495881251227,0.8843525475293914,0.9991546750622193,0.8082191780821918,0.7874031705862967,0.0,1.0
0.4764764764764765,0.001046677466506561,0.1458277792588643,0.0,1.0,0.00010372305643285887,0.9133333333333334,0.12,0.0,0.0005522097070243983,0.0009808693648150023,0.00016589250165892502,0.0011735692281291258,0.004268422564908468,0.002220868287865404,0.0,0.0022986951524575755,0.0,0.0,0.0,0.0,0.04982529699510831,0.06394436776993681,0.0,0.03937007874015748,0.7090307818838193,0.3638789030186777,0.5239226071895624,0.9981687626474445,0.7819706498951782,0.8258148765860079,0.0,1.0
0.5625625625625625,0.00017378011395946722,0.18861636896827513,1.0,1.0,8.418103130782749e-05,0.9666666666666667,0.32,0.0,0.00015194203317358849,0.00024489469106219033,2.7648750276487504e-05,0.0004373206085952874,0.005010504831349102,0.002544238779205603,0.0,0.00236630383341221,0.0,0.0,0.0,0.0,0.07359384251036115,0.11291116786439741,0.0,0.11811023622047244,0.630335355258774,0.5424528741476456,0.20948657135274118,0.9979168765350144,0.3836589698046181,0.9725528565442132,0.0,1.0
0.09009009009009009,7.386054521552331e-05,0.06758197813916289,0.0,0.0,0.0001142456853463373,0.0,0.24,0.0,0.00024387117176860015,0.0003015497961546111,0.00011059500110595002,0.00016607111718808384,0.005726826603370162,0.0023420647853152686,0.0,0.001284564938138057,0.0,0.0,0.0,0.0,0.07472527472527472,0.11972633000578292,0.0,0.08661417322834646,0.4103751565390903,0.6465391177401608,0.18376124777316427,0.9664543734032334,0.3516483516483517,0.954969713512107,0.0,1.0
0.0,0.005624752299389085,0.09837376699546788,1.0,1.0,3.457435214428629e-05,0.0,0.32,0.0,0.002293027927797562,0.0,0.010976553859765538,0.0005466507607441093,0.042197669709043296,0.0,0.23809523809523808,0.0013521736190926915,0.0,0.0,0.0,0.0,0.03333333333333333,0.0,0.03333333333333333,0.007874015748031496,0.9998022611553674,0.0,0.9998338285557562,0.997776787061702,0.0,0.0,0.0,0.0
0.042042042042042045,1.8545071958875984e-05,0.017861903492402024,1.0,0.0,3.0064654038509817e-06,0.09333333333333334,0.32,0.0,0.00013834156199564685,7.228782921575453e-05,0.00019354125193541254,5.120526113299252e-05,0.001815481138644886,0.0008776616799445486,0.0,0.0003380434047731729,0.023255813953488372,0.301429799925947,0.0,1.0,0.007751937984496124,0.035719308879832684,0.0,0.023622047244094488,0.8364198056068108,0.20450930096384365,0.7058504560592489,0.9801235214095589,0.4418604651162791,0.993216581584308,0.0,1.0
0.1251251251251251,6.986376246576557e-05,0.059450813116502264,0.0,0.0,9.470366022130592e-05,0.14,0.2,0.0,0.00019320318700051734,0.0002632829611840762,5.529750055297501e-05,0.00016607111718808384,0.002762942659520692,0.001427233835513565,0.0,0.0007436954905009804,0.0,0.0,0.0,0.0,0.018253968253968255,0.053545895704322735,0.0,0.031496062992125984,0.5372842692767321,0.4828439713258039,0.30510770326280756,0.9858631694731583,0.6746031746031746,0.9370458503584408,0.0,1.0
0.13713713713713713,0.0001422854658913761,0.09064249533457744,0.0,1.0,0.00012176184885596476,0.24000000000000002,0.12,0.0,0.0006784731823627878,0.0006093335769651826,0.00024883875248838755,0.0004912937216814147,0.005182974649045535,0.001894666649825343,0.0,0.0010141302143195188,0.0,0.0,0.0,0.0,0.05628019323671497,0.15986242740041384,0.0,0.09448818897637795,0.5287071465892401,0.5378935681145649,0.33704462644838706,0.9842936953060644,0.13043478260869565,0.6735623210795508,0.0,1.0
0.03303303303303303,5.067920526692834e-05,0.0490535857104772,0.0,0.0,7.816810050012553e-05,0.14,0.39999999999999997,0.0,0.0003161651417083276,0.0003390291847240761,0.00027648750276487504,0.00019374963671943114,0.004592099350690005,0.0014998386185204968,0.0,0.0006760868095463458,0.0,0.0,0.0,0.0,0.060784313725490195,0.09781516207475792,0.0,0.047244094488188976,0.6448705266993189,0.37629186627097355,0.5259141781752401,0.9516112128413319,0.6470588235294118,0.9557692240748188,0.0,1.0
0.04504504504504505,1.646674492900195e-05,0.009730738469741401,0.0,0.0,6.012930807701963e-06,0.16666666666666669,0.32,0.0,8.730937775507889e-05,9.289432780265241e-05,0.00011059500110595002,6.36605949220988e-05,0.0003210692260470686,0.00024167945064420448,0.0,6.760868095463458e-05,0.0,0.0,0.0,0.0,0.0,0.0,0.0,0.0,0.516890749973463,0.5635990009763611,0.13490112330503212,0.9374789732859359,0.391304347826087,0.9760845356801588,0.0,1.0
0.31131131131131135,0.0012226957788058924,0.6271660890429218,1.0,1.0,0.00036528554656789427,0.9400000000000001,0.6000000000000001,0.0,0.0011998111594163224,0.0017797846753070472,0.0004976775049767751,0.0013078100478561604,0.006079439914812488,0.0018491962121734418,0.0,0.0010141302143195188,0.0,0.0,0.0,0.0,0.8602564102564102,0.3872620793819625,0.0,0.2755905511811024,0.9037804788244372,0.13992963627146301,0.8473034410161295,0.9977041667122526,0.00641025641025641,0.15961409741011198,0.0,1.0
0.0,2.4140567808536842e-05,0.06011730205278592,0.0,0.0,0.0,0.0,0.2,0.0,0.000491325885037041,0.0,0.002377792523777925,0.00011624978203165869,0.002109883485452165,0.0,0.011904761904761904,6.760868095463458e-05,0.0,0.0,0.0,0.0,0.16666666666666666,0.0,0.16666666666666666,0.03937007874015748,0.9591355008409099,0.0,0.9656591862050163,0.955779700787871,1.0,0.0,1.0,1.0
0.1131131131131131,9.54431720642152e-05,0.09650759797387364,0.0,0.0,8.568426400975299e-05,0.0,0.2,0.0,0.00031635944589831274,0.000424778831664391,0.00011059500110595002,0.00029616015898541615,0.002942732229709598,0.0016155661970096592,0.0,0.000811304171455615,0.0,0.0,0.0,0.0,0.005847953216374269,0.030596840824148423,0.0,0.015748031496062992,0.4565194127891141,0.6193442191232985,0.26782621422685793,0.9904258013964737,0.12280701754385964,0.6564311204866565,0.0,1.0
0.009009009009009009,3.549143081784886e-05,0.03399093575046654,1.0,0.0,9.019396211552946e-06,0.9066666666666667,0.2,0.0,0.0002132496855113015,8.93295404390373e-05,0.00047002875470028755,6.504452089866617e-05,0.0029538368796330305,0.0012111243570119882,0.0,0.0004056520857278075,0.0,0.0,0.0,0.0,0.0,0.0,0.0,0.0,0.7095060306090435,0.4401583143670222,0.5364478689743839,0.980731044401546,0.4,0.9797958971132713,0.0,1.0
0.5385385385385385,0.0016183772710319103,0.6932817915222607,1.0,1.0,0.0008598491055013807,0.7533333333333334,0.12,0.0,0.0006294396436914068,0.000520288094499574,0.00041473125414731257,0.0005189722412127619,0.01387277749989327,0.004420967342898643,0.0,0.003853694814414171,0.0,0.0,0.0,0.0,0.3902288188002474,0.5444481780409147,0.0,0.3543307086614173,0.754448357592385,0.34354618555446254,0.6435443369031413,0.9950997371427617,0.22077922077922077,0.8295438661127955,0.0,1.0
0.001001001001001001,2.5259666978469013e-05,0.02066115702479339,0.0,0.0,6.012930807701963e-06,0.0,0.24,0.0,0.0004044270726852474,0.00018010573672884672,0.0014100862641008628,0.0001231694119144955,0.0,0.0,0.0,0.0,1.0,0.0,1.0,1.0,0.0,0.0,0.0,0.0,0.6109450306581987,0.8659756276509452,0.38453702041645244,0.9507569393998878,0.0,0.0,0.0,0.0
0.07207207207207207,7.561912962541672e-05,0.06491602239402826,1.0,0.0,3.9084050250062765e-05,0.11333333333333334,0.0,0.0,0.0007132948148525358,0.00047072828117931427,0.00044238000442380006,0.00028093697324317515,0.006098430348361737,0.002000212619077767,0.0,0.0007436954905009804,0.0,0.0,0.0,0.0,0.01415525114155251,0.0468793587865804,0.0,0.03937007874015748,0.6810525102760634,0.5913012822767494,0.1904128249554562,0.9954349818090398,0.7808219178082192,0.8273791161940548,0.0,1.0
1.0,0.002395511708894808,0.9621434284190882,1.0,1.0,0.0002961368422793217,0.8266666666666668,0.36000000000000004,0.0,0.0005761217461299212,0.0016859010851670174,0.00019354125193541254,0.0038473142148572757,0.009462827432252961,0.005249834575660073,0.0,0.007707389628828342,0.0,0.0,0.0,0.0,0.16623333333333334,0.18619374600158312,0.0,0.19685039370078738,0.608590286010565,0.37187507405595926,0.4768556906349266,0.9950481159485784,0.487,0.9996619428586847,0.0,1.0
0.06706706706706705,9.800111302406016e-05,0.09410823780325246,0.0,0.0,0.00021496227637534518,0.0,0.27999999999999997,0.0,0.0005128801982968486,0.0005055003249911594,0.0003594337535943375,0.0002975440849619836,0.004561071652374533,0.0018303788017315068,0.0,0.0010141302143195188,0.0,0.0,0.0,0.0,0.023039215686274508,0.07473626623872186,0.0,0.047244094488188976,0.4964846483844747,0.5406239348350149,0.2744039524429942,0.9528592619443286,0.5147058823529411,0.9995673804686133,0.0,1.0
0.04104104104104104,0.0004324518935237891,0.10077312716608904,0.0,0.0,0.0,0.8333333333333334,0.32,0.0,0.000350908439046365,0.00045985703306309614,0.00030413625304136254,0.000333526160352735,0.0025620013751919144,0.0013970648051309083,0.0,0.0007436954905009804,0.0,0.0,0.0,0.0,0.0,0.0,0.0,0.0,0.9668002537619449,0.01753595947420727,0.9545086707195836,0.9743158958433389,0.0,0.0,0.0,0.0
0.02102102102102102,3.9967827497577546e-05,0.03359104238869635,1.0,0.0,1.6535559721180398e-05,0.0,0.12,0.0,0.0002348427237320502,0.00012173595812377642,0.0006359212563592126,0.00010102659628941767,0.0036443442021446486,0.0018052303467077674,0.0,0.000811304171455615,0.0,0.0,0.0,0.0,0.07727272727272727,0.28949552525780475,0.0,0.18110236220472442,0.7947088526078332,0.37729798687993804,0.5494251854725958,0.9915323033278804,0.13636363636363635,0.6863485850246135,0.0,1.0
0.14814814814814814,0.0008326097824295355,0.15422553985603837,1.0,1.0,8.418103130782749e-05,0.8,0.52,0.0,0.00040407714458181736,0.0004418355892472766,0.0003594337535943375,0.0004816062398454431,0.004276408138299019,0.0025593911371475054,0.0,0.0025015211953214795,0.0,0.0,0.0,0.0,0.3434004474272931,0.30319781142127,0.0,0.19685039370078738,0.8833209363185546,0.22270841121323892,0.6820462964154697,0.9921788884836902,0.2483221476510067,0.8640792987614003,0.0,1.0
0.04804804804804805,0.0007964788663717254,0.9702745934417488,1.0,0.0,7.516163509627454e-05,0.4066666666666667,0.52,0.0,0.0009617617685034176,0.0011573264523027248,0.000718867507188675,0.000621382763478747,0.02441436604594648,0.008298753932217424,0.0,0.003177608004867825,0.0,0.0,0.0,0.0,0.8163265306122448,0.5478784190197085,0.0,0.2440944881889764,0.9600610781669872,0.02806187678347732,0.9549367442320404,0.9883691758774136,0.0,0.0,0.0,0.0
0.07607607607607607,0.0002447629755951649,0.36030391895494535,1.0,1.0,6.764547158664709e-05,1.0,0.32,0.0,0.0015053710736755467,0.004029916773271721,2.7648750276487504e-05,0.0020468265193431335,0.00441157456049089,0.0016163675636982559,0.0,0.0007436954905009804,0.0,0.0,0.0,0.0,0.738095238095238,0.4466837825481643,0.13333333333333333,0.25196850393700787,0.9057527813435051,0.11955171092214806,0.8607931768067418,0.9908204796896998,0.5714285714285714,0.989743318610787,0.0,1.0
0.06606606606606606,6.155045434626942e-05,0.05758464409490802,0.0,0.0,8.568426400975299e-05,0.04666666666666667,0.27999999999999997,0.0,0.0006416910936736271,0.0004466244853304319,0.000718867507188675,0.00026156200957123206,0.004534674953807638,0.0018753930928464286,0.0,0.000811304171455615,0.0,0.0,0.0,0.0,0.028855721393034824,0.08904862714313835,0.0,0.05511811023622047,0.6747434777178718,0.5368558937831182,0.4161601406597688,0.994094641211146,0.5522388059701493,0.9945272387437422,0.0,1.0
0.15115115115115116,4.3964610247335304e-05,0.030658491069048253,1.0,0.0,0.0,0.9866666666666667,0.32,0.0,7.470706143289373e-05,4.9614576424010916e-05,0.0,4.0133853320453594e-05,0.0005413516837673318,0.0004726133903280482,0.0,0.0002704347238185383,0.0,0.0,0.0,0.0,0.0,0.0,0.0,0.0,0.7399838135949741,0.2522678675858101,0.6295721910363659,0.9846195816531482,0.2236842105263158,0.8334256643217429,0.0,1.0
0.0,2.19023694686725e-05,0.018528392428685682,0.0,0.0,3.0064654038509817e-06,0.0,0.36000000000000004,0.3333333333333333,0.0004218068351556061,0.0,0.002046007520460075,9.96426703128503e-05,0.006329650456356495,0.0,0.03571428571428571,0.00020282604286390375,0.0,0.0,0.0,0.0,0.0,0.0,0.0,0.0,0.9297433056189774,0.0,0.9409592162087455,0.9254260028545254,1.0,0.0,1.0,1.0
0.004004004004004004,7.913629844520355e-05,0.5735803785657158,0.0,0.0,1.5032327019254909e-06,0.0,0.27999999999999997,0.0,0.0005620035857498331,0.0003358573609176113,0.0016312762663127627,0.00022419600820391318,0.005485697062175629,0.001173148595616874,0.0,0.0003380434047731729,0.0,0.0,0.0,0.0,0.1,0.1630978930566144,0.0,0.05511811023622047,0.9875005491315463,0.013891362539954405,0.9841749654911949,0.9924569820398963,0.6,0.9797958971132713,0.0,1.0
0.2652652652652653,9.592278599418613e-05,0.09610770461210344,0.0,0.0,5.110991186546669e-05,0.6533333333333333,0.08000000000000002,0.0,0.00018230151198952234,0.0002844786153720558,2.7648750276487504e-05,0.00025187452773526046,0.0019909050934153886,0.0010356161399492122,0.0,0.0005408694476370766,0.0,0.0,0.0,0.0,0.08533834586466166,0.1813554339333202,0.0,0.13385826771653542,0.5615864154422576,0.45993825364559826,0.3528415259978148,0.9678050372024574,0.03007518796992481,0.34158847192783603,0.0,1.0
0.07107107107107107,5.723392897653105e-05,0.059317515329245535,0.0,0.0,3.0064654038509815e-05,0.28,0.24,0.0,0.0002194452489845312,0.00022438211378799245,0.00022119000221190003,0.0001674550431646512,0.0007912063070445619,0.0006084367601375344,0.0,0.0002704347238185383,0.0,0.0,0.0,0.0,0.04351851851851852,0.08799396761289924,0.0,0.047244094488188976,0.5949930712693394,0.30904644346291865,0.5208233419577706,0.9189310440187057,0.125,0.6614378277661477,0.0,1.0
0.3023023023023023,0.0001408466241014633,0.14729405491868836,1.0,0.0,2.2548490528882363e-05,0.6133333333333334,0.2,0.3333333333333333,0.00010231747225165211,8.577918317557297e-05,8.294625082946251e-05,9.687481835971557e-05,0.0008564873554805819,0.0008548307241156775,0.0,0.0006760868095463458,0.0,0.0,0.0,0.0,0.027062706270627065,0.15723718340498744,0.0,0.23622047244094488,0.8158735986289125,0.18910108338062942,0.7212703302678243,0.9886641704335846,0.6633663366336634,0.9451167971312256,0.0,1.0
0.04704704704704705,0.00013557087087178306,0.07384697414022927,0.0,0.0,4.810344646161571e-05,0.3066666666666667,0.12,0.0,0.0009860456514675995,0.0006533249735202485,0.0008294625082946251,0.00039995460722796854,0.0010988976486730026,0.0006865783740814406,0.0,0.0003380434047731729,0.0,0.0,0.0,0.0,0.035416666666666666,0.08742335635357838,0.0,0.05511811023622047,0.6872845445389277,0.5894975502118014,0.3750499965404339,0.984714461729685,0.16666666666666666,0.7453559924999299,0.0,1.0
0.11911911911911911,0.00358175682902291,0.3040522527326046,1.0,1.0,0.00010522628913478436,0.7533333333333334,0.44,0.0,0.0049641525881377775,0.0033222613750261763,0.005778588807785888,0.0028619589195413115,0.06289211022885328,0.010395174068703935,0.047619047619047616,0.006625650733554189,0.0,0.0,0.0,0.0,0.5363888888888888,0.3855363097905848,0.0,0.23622047244094488,0.8330700073796802,0.2391732768722106,0.71574102769919,0.9969278100969197,0.7333333333333333,0.8844332774281066,0.0,1.0
0.12112112112112111,0.00015539491331058154,0.1310317248733671,0.0,0.0,0.00023300106879845108,0.9,0.12,0.0,0.0002500036094240273,0.00046355654290589955,2.7648750276487504e-05,0.00038611534746229496,0.0019196480892228714,0.00099726449230326,0.0,0.0006084781285917113,0.0,0.0,0.0,0.0,0.09289617486338797,0.15839131677044815,0.0,0.09448818897637795,0.31312470775876466,0.6670708329894326,0.22153434509630276,0.997743763192525,0.22950819672131148,0.841033136942994,0.0,1.0
0.029029029029029027,7.21019608056299e-05,0.07171420954412157,0.0,0.0,0.0,0.05333333333333334,0.24,0.0,0.0006545025437865201,0.0004692960369154715,0.0009124087591240877,0.00034598149414184136,0.006821956602962,0.0033628135705401027,0.0,0.0018254343857751335,0.03333333333333333,0.3590109871423002,0.0,1.0,0.0022222222222222222,0.014757551700959368,0.0,0.007874015748031496,0.6873666654752428,0.42515430169363866,0.5430633878186413,0.9649274474257377,0.4666666666666667,0.9977753031397177,0.0,1.0
0.06706706706706705,4.732190775713182e-05,0.05305251932817915,0.0,0.0,1.6535559721180398e-05,0.0,0.08000000000000002,0.0,9.653265323487283e-05,0.00019758143946969276,8.294625082946251e-05,0.00020620497050853742,0.001892689597243854,0.0009022740092063531,0.0,0.0003380434047731729,0.0,0.0,0.0,0.0,0.026470588235294117,0.1799504893578861,0.0,0.12598425196850394,0.45021080619828435,0.8171116702113167,0.16642541449074333,0.9879414944651641,0.22058823529411764,0.8292865988159815,0.0,1.0
0.01801801801801802,5.307727491678299e-05,0.050519861370301254,0.0,0.0,4.359374835583923e-05,0.17333333333333334,0.12,0.0,0.0005026074852370984,0.0002962246448165182,0.0008294625082946251,0.00020343711855540272,0.008772673439511634,0.003912775158775917,0.0,0.0013521736190926915,0.0,0.0,0.0,0.0,0.03508771929824561,0.09687810436919186,0.0,0.047244094488188976,0.7358159731534109,0.37191870100138336,0.5332909154672967,0.9381583748093885,0.8421052631578947,0.7292845505553167,0.0,1.0
0.03803803803803804,2.318133994859498e-05,0.012529992002132765,0.0,0.0,2.1045257826956873e-05,0.0,0.27999999999999997,0.3333333333333333,0.00010674293601346218,0.00014002429004266064,5.529750055297501e-05,7.1964150781503e-05,0.00108199153100111,0.0010092334325552703,0.0,0.0006084781285917113,0.0,0.0,0.0,0.0,0.0,0.0,0.0,0.0,0.8675664921855573,0.15973888521766189,0.8320005981074452,0.9918495783612924,0.02564102564102564,0.31612379502405014,0.0,1.0
0.2682682682682683,0.003613411348400991,0.5038656358304452,0.0,0.0,0.00013228447776944319,0.9733333333333334,0.24,0.0,0.0033569838203912814,0.002968652462016111,0.001161247511612475,0.0026336111334076965,0.023765602085204684,0.007471615812439206,0.0,0.004935433709688324,0.0,0.0,0.0,0.0,0.04634448574969021,0.06572705628741478,0.0,0.047244094488188976,0.7131991719307331,0.26676787475292535,0.6477846066532802,0.9887038810397017,0.026022304832713755,0.31840316885299424,0.0,1.0
0.24924924924924927,7.274144604559114e-05,0.08970941082378033,1.0,0.0,0.0002465301631157805,0.0,0.08000000000000002,0.0,0.0002961859120198533,0.0002780473483593199,0.00013824375138243752,0.00020482104453197007,0.002363069503706425,0.0011734572783207076,0.0,0.0006760868095463458,0.0,0.0,0.0,0.0,0.013733333333333332,0.07746033906853211,0.0,0.12598425196850394,0.5799634601822365,0.5566269973104341,0.26486227540582696,0.9962973478103203,0.112,0.6307329070216648,0.0,1.0
0.025025025025025023,0.0001362103561117443,0.3027192748600373,0.0,0.0,6.012930807701963e-06,0.88,0.48000000000000004,0.0,0.00496683753862198,0.004864952613824746,0.003179606281796063,0.002307004602937798,0.012740450277538073,0.003293519024109395,0.0,0.0014873909810019608,0.0,0.0,0.0,0.0,0.6705128205128206,0.5174095946643738,0.0,0.2440944881889764,0.9645878724803474,0.0448830661546337,0.9471402958213044,0.9968663585175497,0.0,0.0,0.0,0.0
0.011011011011011011,4.236589714743221e-05,0.04238869634764063,0.0,0.0,1.5032327019254908e-05,0.15333333333333335,0.24,0.0,0.00022435342264514176,0.000229810095474504,0.0003594337535943375,0.00011763370800822605,0.00457141421847969,0.0019391016549841229,0.0,0.0006760868095463458,0.0,0.0,0.0,0.0,0.0027777777777777775,0.016351464323459193,0.0,0.007874015748031496,0.6452637143444244,0.4943503873505246,0.5493482902857973,0.9851160135112336,0.4166666666666667,0.9860132971832694,0.0,1.0
0.6836836836836837,8.121462547507759e-05,0.07571314316182351,0.0,0.0,7.065193699049807e-05,0.1,0.15999999999999998,0.0,0.00017583915391696696,0.0001916363102623589,0.0,0.00015499970937554492,0.0011814113668540632,0.0006388069844502261,0.0,0.0005408694476370766,0.0,0.0,0.0,0.0,0.18908382066276802,0.37319067576558296,0.0,0.1653543307086614,0.6798349847171092,0.8078818450184357,0.13867190015465614,0.9995640444640719,0.21198830409356725,0.8174332095556198,0.0,1.0
0.49949949949949957,0.0002033563063076746,0.2058117835243935,1.0,0.0,3.3071119442360796e-05,0.9800000000000001,0.44,0.0,0.00017020580712637972,0.00023124571895545925,5.529750055297501e-05,0.00031691904863392667,0.001405182401311142,0.0006655554137981833,0.0,0.00047326076668244207,0.0,0.0,0.0,0.0,0.5518666666666667,0.46634704654635567,0.0,0.2440944881889764,0.8542926319957207,0.3100983719053102,0.5048434701931592,0.9993177505179895,0.522,0.9990315310339308,0.0,1.0
0.030030030030030033,6.043135517633725e-05,0.10983737669954678,0.0,0.0,6.313577348087062e-05,0.04,0.08000000000000002,0.0,0.0002668840062531612,0.0002842477813617895,0.00022119000221190003,0.00018544608086002695,0.004287827728499561,0.0018286160904510454,0.0,0.0006084781285917113,0.0,0.0,0.0,0.0,0.07204301075268817,0.14104435485093933,0.0,0.06299212598425197,0.5539238445404449,0.49784754274692444,0.4534425457176514,0.9904396573114242,0.6774193548387096,0.9349275320122219,0.0,1.0
0.3773773773773774,0.00023708915271563005,0.22340709144228205,1.0,1.0,0.0,0.8,0.15999999999999998,0.0,0.00018258222104640927,0.00020921904950664208,0.00022119000221190003,0.0003086154927745225,0.0016968375121096774,0.0009153101934248148,0.0,0.0008789128524102495,0.0,0.0,0.0,0.0,0.2480599647266314,0.7493535684012146,0.0,0.22834645669291337,0.982422559157988,0.025086360101473405,0.9677899714180471,0.995150310454199,0.0,0.0,0.0,0.0
0.001001001001001001,1.598713099903102e-05,0.006798187150093308,1.0,0.0,0.0,1.0,0.32,0.0,0.002924492630887262,0.004457616984038956,0.00030413625304136254,0.001382542050590798,0.0,0.0,0.0,0.0,0.0,0.0,0.0,0.0,0.0,0.0,0.0,0.0,0.9853690082740911,0.0294756202629753,0.9778843220570845,0.9949396393340093,0.5,1.0,0.0,1.0
0.01801801801801802,3.7569757847722896e-05,0.0418555051986137,0.0,1.0,3.0064654038509817e-06,0.26666666666666666,0.44,0.0,0.00012513124070544763,0.00014856436443135918,0.00019354125193541254,0.00011071407812538923,0.00044418599693729784,0.00035057074385518234,0.0,0.00013521736190926916,0.0,0.0,0.0,0.0,0.19122807017543858,0.2773887114990381,0.0,0.13385826771653542,0.8001798596109824,0.11764219935749609,0.8073136592619008,0.9303583350738815,0.10526315789473684,0.6137844099837158,0.0,1.0
0.15015015015015015,0.0003368488501495836,0.12836576912823247,1.0,0.0,0.0002615624901350354,0.11333333333333334,0.15999999999999998,0.16666666666666666,0.0008252628663659644,0.0010768090224122326,0.00016589250165892502,0.0011182121890664313,0.007922542624181309,0.002438885126078622,0.0,0.0010817388952741533,0.0,0.0,0.0,0.0,0.4993377483443709,0.5776410070511341,0.0,0.2440944881889764,0.6885243883308858,0.4656138988371255,0.37564584559084313,0.9922363715962161,0.16556291390728478,0.7433756397564121,0.0,1.0
0.07707707707707707,3.501181688787793e-05,0.024926686217008796,1.0,0.0,2.5554955932733344e-05,0.9733333333333334,0.12,0.3333333333333333,0.00015702541119479914,0.0001747565271595954,0.0,8.995518847687875e-05,0.0036787712054037747,0.0014592378774731076,0.0,0.0006084781285917113,0.01282051282051282,0.22499908685620823,0.0,1.0,0.20683760683760685,0.18524431771872196,0.0,0.10236220472440945,0.6114931972643252,0.4950017656478779,0.34765240104904116,0.9784315123989504,0.717948717948718,0.8999963474248329,0.0,1.0
0.03303303303303303,7.68981001053392e-05,0.0782458011197014,0.0,0.0,3.758081754813727e-05,0.07333333333333333,0.15999999999999998,0.0,0.0004209548860149023,0.000262057144971236,0.0005529750055297501,0.00017299074707092065,0.004592099350690005,0.0019133599010488062,0.0,0.0009465215333648841,0.0,0.0,0.0,0.0,0.021568627450980392,0.09824756464642864,0.0,0.047244094488188976,0.7926580160465928,0.19610898885640105,0.7517666000091152,0.9864241706211656,0.029411764705882353,0.3379154497963546,0.0,1.0
0.5315315315315315,0.0001485204469809982,0.14942681951479606,1.0,0.0,4.6600213759690214e-05,0.04,0.15999999999999998,0.0,0.00012471743683710576,0.00024004022160439742,0.0,0.00018821393281316168,0.0014951617932621546,0.0011550780167091114,0.0,0.0010141302143195188,0.0,0.0,0.0,0.0,0.0010651629072681705,0.011019542198021386,0.0,0.015748031496062992,0.6169659890208683,0.32766410290463954,0.48975585444708614,0.9944372314317365,0.10150375939849623,0.6039892258193631,0.0,1.0
0.7957957957957958,0.0008944799793957856,0.4933351106371634,1.0,1.0,0.00016986529531758048,1.0,0.08000000000000002,0.16666666666666666,0.0003535687057912496,0.0009743625232545068,0.0,0.0009120072185578937,0.009520981758472583,0.0058680150272897484,0.0,0.005341085795416132,0.0,0.0,0.0,0.0,0.14547738693467335,0.5248304571945798,0.0,0.23622047244094488,0.6281588156267253,0.7312337653727238,0.13784593119794675,0.9952829661850471,0.3869346733668342,0.9740969806201752,0.0,1.0
0.024024024024024024,6.474788054607564e-05,0.04865369234870701,1.0,0.0,4.509698105776473e-06,0.2733333333333334,0.36000000000000004,0.0,0.0005958361900254649,0.0002800106153711268,0.001050652510506525,0.00020343711855540272,0.005401301722757542,0.0020854345596487047,0.0,0.0006760868095463458,0.0,0.0,0.0,0.0,0.0026666666666666666,0.01605020049126991,0.0,0.007874015748031496,0.8824935162166225,0.3559105292371874,0.5771264063538046,0.9999169008230693,0.6,0.9797958971132712,0.0,1.0
0.01801801801801802,0.00017905586718914744,0.26366302319381496,1.0,0.0,4.2090515653913746e-05,0.5,0.27999999999999997,0.0,0.0005474289779238131,0.0003280388690058683,0.001050652510506525,0.00021866030429764372,0.0034424414762640587,0.0024231390525549946,0.0,0.0010141302143195188,0.0,0.0,0.0,0.0,0.01929824561403509,0.0726252103861436,0.0,0.031496062992125984,0.8812345788723075,0.16991807407091697,0.7990261555541753,0.9934203909132817,0.5263157894736842,0.9986139979479092,0.0,1.0
0.08608608608608607,0.0015290092087473267,0.17915222607304718,1.0,1.0,2.4051723230807854e-05,0.9666666666666667,0.32,0.0,0.0012192116458167007,0.003572458934207663,0.0006082725060827251,0.0030404853705185016,0.02129284712904599,0.007907868058975672,0.0,0.004259346900141978,0.0,0.0,0.0,0.0,0.13295019157088123,0.31131445917070255,0.0,0.15748031496062992,0.9165444539256269,0.12178893755585711,0.829262942031713,0.9932860699826209,0.0,0.0,0.0,0.0
0.06306306306306306,0.00038321153004677356,0.23047187416688883,1.0,0.0,3.6077584846211784e-05,0.26,0.24,0.5,0.0021752619331416416,0.0010833210053307208,0.004700287547002875,0.0011998638216839058,0.013813143443819642,0.00472481782068503,0.0,0.002569129876276114,0.0,0.0,0.0,0.0,0.003125,0.02710883200553471,0.0,0.023622047244094488,0.8346387540335751,0.19021327532205212,0.7644966159131554,0.9946102669611507,0.0,0.0,0.0,0.0
0.0,0.0,0.001999466808850973,0.0,0.0,0.0,0.0,0.44,0.6666666666666666,4.692535866996854e-06,0.0,5.529750055297501e-05,0.0,0.0,0.0,0.0,0.0,1.0,0.0,1.0,1.0,0.0,0.0,0.0,0.0,0.8233674023071584,0.0,0.8515653618100263,0.815570239712879,0.0,0.0,0.0,0.0
0.003003003003003003,5.371676015674423e-05,0.0469208211143695,0.0,0.0,0.0,0.0,0.2,0.0,0.0005854662650848174,0.00020180433898612724,0.0019907100199071004,0.00018406215488345957,0.0010549417427260825,0.00033642343250333005,0.0,6.760868095463458e-05,0.0,0.0,0.0,0.0,0.0,0.0,0.0,0.0,0.8963665835156363,0.1867135713825558,0.8254805734944002,0.9995649263455926,0.0,0.0,0.0,0.0
1.0,0.0006968790402477622,1.0,1.0,1.0,0.0005997898480682709,0.7066666666666667,0.36000000000000004,0.0,0.0009012797221878625,0.001623267844092743,8.294625082946251e-05,0.001432363385747223,0.008367797903303286,0.0024170888374471493,0.0,0.0022986951524575755,0.0,0.0,0.0,0.0,0.5114,0.5573942976062629,0.0,0.2440944881889764,0.8237543481919252,0.26512742316566756,0.6730851493337999,0.9950396965738255,0.888,0.6307329070216647,0.0,1.0
0.34234234234234234,0.0010135841053385667,0.4374833377765929,1.0,1.0,0.00010522628913478436,0.7866666666666667,0.52,0.0,0.00037907525201662885,0.0009738544719279347,2.7648750276487504e-05,0.0019305767373114747,0.005363902038817166,0.003045498460574529,0.0,0.0018254343857751335,0.0,0.0,0.0,0.0,0.321865889212828,0.5923371037897881,0.0,0.2440944881889764,0.7506510317372967,0.33167883406969356,0.525681078031683,0.9973080462833623,0.26239067055393583,0.8798677322420496,0.0,1.0
0.035035035035035036,0.00023836812319555253,0.139029592108771,1.0,0.0,1.9542025125031382e-05,0.31333333333333335,0.12,0.0,0.0015255826757499622,0.0015262898375079158,0.003179606281796063,0.0011458907085977786,0.02619771994436438,0.00825647503562266,0.0,0.0033128253667770945,0.19444444444444445,0.7915448249319449,0.0,1.0,0.007407407407407407,0.03447191356074352,0.0,0.015748031496062992,0.8946016618397579,0.2898671941362418,0.6486461527199108,0.9977961573299252,0.2777777777777778,0.8958064164776167,0.0,1.0
0.044044044044044044,3.1494648068091115e-05,0.02692615302585977,0.0,0.0,4.810344646161571e-05,0.7133333333333334,0.2,0.0,0.00035396139203057616,0.00023512535653128766,0.0003594337535943375,0.00015638363535211227,0.005767014860235917,0.0027446874354629517,0.0,0.0011493475762287878,0.0,0.0,0.0,0.0,0.0014814814814814816,0.012192092991197863,0.0,0.007874015748031496,0.6103455694312894,0.5319078597949293,0.33569923928515255,0.9821325720143541,0.6,0.9797958971132712,0.0,1.0
0.6126126126126127,0.00015731336903046525,0.11970141295654492,1.0,0.0,2.7058188634658835e-05,0.17333333333333334,0.15999999999999998,0.0,0.0001735380150923524,0.0002897587337885024,5.529750055297501e-05,0.0002477227498055584,0.001239083286725578,0.0009525501488086044,0.0,0.0010141302143195188,0.0,0.0,0.0,0.0,0.05187601957585644,0.11502790968907028,0.0,0.08661417322834646,0.5369403458295041,0.4213998311353024,0.4356047704075241,0.9931064825922631,0.5856443719412724,0.9852208717943097,0.0,1.0
0.07207207207207207,0.00010359660887372102,0.11490269261530259,1.0,0.0,1.2025861615403927e-05,0.6000000000000001,0.27999999999999997,0.3333333333333333,0.00046410552646474406,0.0003410031356608285,0.0003870825038708251,0.00024218704589928894,0.0018786633774574072,0.000968100623227757,0.0,0.0003380434047731729,0.0,0.0,0.0,0.0,0.02511415525114155,0.11326404102424135,0.0,0.11811023622047244,0.9056973445148335,0.1229296808967046,0.8623479530757505,0.9998093890906352,0.6027397260273972,0.978661430109137,0.0,1.0
0.2062062062062062,9.176613193443805e-05,0.10517195414556119,1.0,0.0,5.110991186546669e-05,0.7933333333333333,0.24,0.0,0.0005151985700406094,0.00023681931795350327,0.0008571112585711126,0.00030169586289168567,0.003017031457458168,0.0018056400644903066,0.0,0.0012169562571834225,0.024154589371980676,0.30705794361489286,0.0,1.0,0.08985507246376812,0.1426718382752979,0.0,0.08661417322834646,0.7810438713597385,0.31066006184725853,0.6929691994463463,0.9995752702970746,0.8599033816425121,0.6941744906931809,0.0,1.0
0.015015015015015015,3.3253232477984524e-05,0.02759264196214343,1.0,0.0,4.6600213759690214e-05,0.24000000000000002,0.15999999999999998,0.0,0.00030956253586787274,8.706970338043982e-05,0.0008294625082946251,9.410696640658084e-05,0.00909887253101246,0.0019137548310528313,0.0,0.0006760868095463458,0.0,0.0,0.0,0.0,0.0,0.0,0.0,0.0,0.7775002591915969,0.31994301747543696,0.5967567183908509,0.9824889714620495,0.5625,0.9921567416492215,0.0,1.0
0.04604604604604605,2.7178122698352736e-05,0.02346041055718475,0.0,0.0,3.0064654038509817e-06,0.08,0.27999999999999997,0.3333333333333333,0.000437460947451603,0.00011605347791141561,0.0013547887635478877,0.000143928301563006,0.0,0.0,0.0,0.0,0.9574468085106383,0.40369502044702726,0.0,1.0,0.022695035460992906,0.16287235106236356,0.0,0.14960629921259844,0.9712934963423496,0.04592534156462946,0.9457689223400019,0.9998767440886533,0.851063829787234,0.7120510864119792,0.0,1.0
0.08008008008008008,5.7553671596511676e-05,0.047454012263396426,0.0,0.0,7.215516969242357e-05,0.15333333333333335,0.08000000000000002,0.0,0.0002571639824528663,0.0003040859571360545,0.00016589250165892502,0.00019651748867256588,0.006017075125178396,0.004409124747737139,0.0,0.0033128253667770945,0.0,0.0,0.0,0.0,0.055967078189300405,0.09874630921385527,0.0,0.06299212598425197,0.4811065835305408,0.6787620567984156,0.1507918581150749,0.9604342714534759,0.5185185185185185,0.9993138935727438,0.0,1.0
0.004004004004004004,2.382082518855622e-05,0.026526259664089575,0.0,0.0,7.516163509627454e-06,0.0,0.08000000000000002,0.0,0.000201663177197729,0.00014851899526254427,0.0004976775049767751,8.303555859404192e-05,0.000421976697090433,0.0002691387460026641,0.0,6.760868095463458e-05,0.0,0.0,0.0,0.0,0.04666666666666666,0.0709941887133338,0.0,0.023622047244094488,0.4694954287126718,0.46973473633006085,0.3977519158567073,0.7731914647418661,0.0,0.0,0.0,0.0
0.07307307307307306,0.001032289048607433,0.7140762463343108,1.0,0.0,2.1045257826956873e-05,0.29333333333333333,0.03999999999999998,0.0,0.0005732926026337328,0.00019848482174532485,0.0015206812652068127,0.00020620497050853742,0.005046613201689638,0.001953285206539816,0.0,0.0010141302143195188,0.0,0.0,0.0,0.0,0.0013513513513513514,0.01519019803551061,0.0,0.015748031496062992,0.9871026931537887,0.010100121471879853,0.9846742058873943,0.9948483542215536,0.9864864864864865,0.23091902014371712,0.0,1.0
0.025025025025025023,3.13347767581008e-05,0.049586776859504134,0.0,0.0,1.5032327019254908e-05,0.18000000000000002,0.36000000000000004,0.0,0.00017648480336246572,0.0001233211558072857,0.00044238000442380006,9.133911445344611e-05,0.0013795392020264155,0.000745109585689669,0.0,0.0002704347238185383,0.0,0.0,0.0,0.0,0.10256410256410257,0.13720822430603638,0.0,0.06299212598425197,0.653178534905889,0.32056414005295997,0.5479875671424548,0.9197334472641252,0.5769230769230769,0.9880948137434714,0.0,1.0
0.5305305305305306,4.8600878237054304e-05,0.06438283124500133,0.0,0.0,6.012930807701963e-06,0.5800000000000001,0.76,0.0,0.0001030251153681539,0.00010362336685627543,2.7648750276487504e-05,8.165163261747455e-05,0.0011125562635152658,0.0006196493643739056,0.0,0.0004056520857278075,0.0,0.0,0.0,0.0,0.1652856246076585,0.263544895011591,0.0,0.12598425196850394,0.8610274554841002,0.18619726678307627,0.732840286708786,0.9950357488571369,0.0,0.0,0.0,0.0
0.0980980980980981,5.067920526692834e-05,0.040655825113303116,0.0,0.0,7.065193699049807e-05,0.2066666666666667,0.24,0.0,0.00040354930690391613,0.0003166677842239752,0.00041473125414731257,0.0001951335626959985,0.00272793016300886,0.0014353191128599534,0.0,0.000811304171455615,0.0,0.0,0.0,0.0,0.01515151515151515,0.057815499801842925,0.0,0.03937007874015748,0.6156757582574199,0.5109832858584629,0.38513599744959226,0.99689113420074,0.35353535353535354,0.956134106359534,0.0,1.0
0.05805805805805806,9.800111302406016e-05,0.06864836043721674,1.0,0.0,1.6535559721180398e-05,0.12666666666666668,0.15999999999999998,0.0,0.0004250471298534696,0.0003086846617936807,0.0005253262552532625,0.00022973171211018264,0.0022886871706599755,0.0013416284731763107,0.0,0.0006084781285917113,0.0,0.0,0.0,0.0,0.02824858757062147,0.1156940961201771,0.0,0.07874015748031496,0.3788110879493809,0.31460294006937733,0.37142195026042213,0.9914755516582607,0.06779661016949153,0.5027931177691976,0.0,1.0
0.001001001001001001,2.7018251388362425e-05,0.07411356971474273,0.0,0.0,1.5032327019254909e-06,0.0,0.44,0.3333333333333333,0.0009113368114040434,0.00029267182218437596,0.0034837425348374254,0.00026156200957123206,0.009494475684534742,0.0016821171625166502,0.023809523809523808,0.00047326076668244207,0.0,0.0,0.0,0.0,0.4666666666666667,0.0,0.4666666666666667,0.11023622047244094,0.9902361616897544,0.008784464483482515,0.9888681553210672,0.9914943927975726,0.0,0.0,0.0,0.0
0.06406406406406406,0.000161310151780223,0.9502799253532391,1.0,1.0,9.019396211552946e-06,0.9333333333333333,0.2,0.0,0.0001869572243381947,0.0002091570721376902,0.00013824375138243752,0.00017714252500062276,0.00402500849532413,0.00169694994855343,0.0,0.0009465215333648841,0.0,0.0,0.0,0.0,0.15282051282051282,0.1729968266455402,0.0,0.11023622047244094,0.9064795912334658,0.18822528933432853,0.6648458486419981,0.9982040482833456,0.046153846153846156,0.4196363599072571,0.0,1.0
0.014014014014014014,1.2310090869253886e-05,0.06691548920287924,1.0,0.0,0.0,0.8133333333333334,0.24,0.3333333333333333,1.7051478068140833e-05,2.390880571732424e-05,2.7648750276487504e-05,1.3839259765673653e-05,0.00028131779806028865,0.00033567499234931454,0.0,0.00013521736190926916,0.0,0.0,0.0,0.0,0.0,0.0,0.0,0.0,0.9963297363106252,0.0008458398427827477,0.996588409280676,0.9946131356698613,0.06666666666666667,0.4988876515698589,0.0,1.0
0.023023023023023025,1.2949576109215127e-05,0.01719541455611837,0.0,0.0,2.7058188634658835e-05,0.0,0.15999999999999998,0.0,2.6417238954945255e-05,3.16522274976142e-05,2.7648750276487504e-05,2.2142815625077845e-05,0.0014065889903014431,0.0007180536782341423,0.0,0.0002704347238185383,0.0,0.0,0.0,0.0,0.06111111111111111,0.079496312227534,0.0,0.031496062992125984,0.3117875193213866,0.2409298963352807,0.3646657566192788,0.714973698220839,0.041666666666666664,0.3996526269427267,0.0,1.0
0.1091091091091091,0.0004994379724097291,0.22940549186883497,1.0,1.0,8.869072941360396e-05,0.64,0.27999999999999997,0.0,0.005352498113943255,0.0037188223514513182,0.0012441937624419377,0.0022405761560625645,0.025472047897095226,0.0059939420533755144,0.0,0.002907173281049287,0.0,0.0,0.0,0.0,0.3942424242424243,0.21013376951292934,0.13333333333333333,0.1653543307086614,0.9149175019386142,0.17926519013426773,0.7535005366601029,0.9981210269194909,0.41818181818181815,0.9865207248182211,0.0,1.0
0.19519519519519518,4.716203644714151e-05,0.02359370834444148,1.0,0.0,0.0,0.68,0.24,0.0,0.0002463835523978187,0.00021025963044534488,0.0,0.00016053541328181438,0.005726826603370162,0.0022948569611602435,0.0,0.00162260834291123,0.0,0.0,0.0,0.0,0.5605442176870747,0.519373106690989,0.0,0.23622047244094488,0.571393985544943,0.5697318522459192,0.13362477126942895,0.9917949172696305,0.7040816326530612,0.91290894883041,0.0,1.0
0.03803803803803804,3.677040129777134e-05,0.05905091975473207,0.0,0.0,7.516163509627454e-06,0.0,0.36000000000000004,0.0,0.0001423937308244544,0.00018639723974775438,2.7648750276487504e-05,0.00012178548593792815,0.0014606885668514988,0.001257894193350215,0.0,0.0006760868095463458,0.0,0.0,0.0,0.0,0.020512820512820513,0.04758548463959677,0.0,0.023622047244094488,0.5495176176737289,0.5354400725671125,0.15444005265631766,0.8391425385049827,0.23076923076923078,0.8426500884694862,0.0,1.0
0.07007007007007006,7.370067390553301e-05,0.05558517728605705,0.0,0.0,3.6077584846211784e-05,0.0,0.24,0.3333333333333333,0.0002723245588847274,0.00031468135441251976,0.00022119000221190003,0.00020343711855540272,0.002288183498307278,0.001413842243405744,0.0,0.0009465215333648841,0.0,0.0,0.0,0.0,0.09906103286384976,0.24118095813951962,0.0,0.12598425196850394,0.516984263450837,0.5058245873994223,0.4304785217108025,0.9953208040898174,0.014084507042253521,0.23567888071382406,0.0,1.0
0.2572572572572573,0.0006135860877428106,0.44708077845907757,1.0,1.0,4.058728295198825e-05,0.8733333333333334,0.6399999999999999,0.0,0.0001557662334129574,0.00030680556629685083,0.00011059500110595002,0.00047053483203290415,0.05333589182991868,0.18370562981698774,0.0,0.2535325535798797,0.0,0.0,0.0,0.0,0.1263565891472868,0.2486864354066084,0.0,0.18110236220472442,0.841883257337499,0.22865962818317195,0.7426779401415633,0.9963661397564634,0.19767441860465115,0.7964904088159862,0.0,1.0
0.011011011011011011,0.00021806446682678314,0.0663822980538523,1.0,1.0,1.0522628913478436e-05,0.2,0.2,0.0,0.0012217586799718396,0.0015216512650823963,0.0021566025215660253,0.0009715160355502904,0.016527420636041956,0.0053464400414931805,0.011904761904761904,0.002095869109593672,0.0,0.0,0.0,0.0,0.01388888888888889,0.06596093817095859,0.0,0.031496062992125984,0.9529457040318423,0.1428380084669369,0.8275880107013815,0.9969234785023913,0.6666666666666666,0.9428090415820634,0.0,1.0
1.0,0.00022957520114608548,0.38496400959744065,0.0,0.0,4.5096981057764727e-05,0.08666666666666667,0.12,0.0,0.00020341853320723522,0.00022022395190969709,2.7648750276487504e-05,0.00023111563808675002,0.0031205176749837522,0.0015629117498536565,0.0,0.0015549996619565953,0.0,0.0,0.0,0.0,0.004166666666666667,0.036821997927563556,0.0,0.09448818897637795,0.5559596605774679,0.47826203360963343,0.3392214449295361,0.9904317930032756,0.518,0.9993517899118408,0.0,1.0
0.04504504504504505,0.006079746047621507,0.10263929618768328,1.0,1.0,1.5032327019254909e-06,0.9400000000000001,0.24,0.0,0.008028727363939208,0.022942557632302123,0.0008847600088476001,0.014787249059622297,0.011329156976232277,0.009556113318140278,0.0,0.006625650733554189,0.0,0.0,0.0,0.0,0.6239130434782608,0.6581814956129384,0.0,0.2440944881889764,0.9702252586997124,0.11217936827801032,0.8744570791823412,0.9994637589725679,0.08695652173913043,0.5635426694267704,0.0,1.0
0.01901901901901902,5.563521587662795e-05,0.07784590775793121,0.0,0.0,0.00010071659102900788,0.0,0.15999999999999998,0.0,0.00023323641235221403,0.00041523527983627375,0.00019354125193541254,0.00024080311992272157,0.003797790273813897,0.0025408322666923304,0.0,0.0008789128524102495,0.0,0.0,0.0,0.0,0.115,0.09064510472749311,0.03333333333333333,0.047244094488188976,0.6463137728274928,0.25698068641334526,0.6330837927770787,0.9650892467470724,0.1,0.6000000000000001,0.0,1.0
0.17917917917917917,0.011138713780954882,0.4532124766728872,1.0,1.0,0.0,0.62,0.24,0.0,0.006662268028100428,0.007820449913153955,0.004423800044238001,0.008667528391241408,0.09318652060747061,0.024988257937313737,0.023809523809523808,0.017916300452978165,0.0,0.0,0.0,0.0,0.04555555555555556,0.1014988867826874,0.0,0.07086614173228346,0.7587328438337346,0.33628099019690905,0.5313059677001126,0.9907269639357503,0.2777777777777778,0.8958064164776167,0.0,1.0
0.8278278278278278,0.003142750211789518,0.34910690482537987,1.0,1.0,0.0004885506281257845,0.9600000000000001,0.08000000000000002,0.0,0.0005707242523935751,0.0010426813850152152,2.7648750276487504e-05,0.0012898190101607845,0.0075757048336344045,0.0043199950303989655,0.0,0.00324521668582246,0.0012077294685990338,0.06946282050506475,0.0,1.0,0.3567230273752013,0.562429487818561,0.0,0.25196850393700787,0.836965109255206,0.3572382057856812,0.5806358890023038,0.9951034773579179,0.30434782608695654,0.9202613255876838,0.0,1.0
0.11911911911911911,6.187019696625005e-05,0.024660090642495334,0.0,0.0,0.0,0.0,0.24,0.0,0.0002866309048305938,0.0001884822287002081,0.0003870825038708251,0.00017299074707092065,0.0007208768575294897,0.0007189069545890962,0.0,0.00047326076668244207,0.008333333333333333,0.18181186857726192,0.0,1.0,0.03361111111111111,0.07541521217906226,0.0,0.031496062992125984,0.43866011875902444,0.5975628104502145,0.19002077178934051,0.9936577519183141,0.5,1.0,0.0,1.0
0.003003003003003003,4.140666928749034e-05,0.022927219408157822,0.0,0.0,7.516163509627454e-06,0.05333333333333334,0.27999999999999997,0.3333333333333333,0.0010243052674613752,0.0011101184937347102,0.0027648750276487504,0.0005383472048847051,0.009494475684534742,0.001212991936158355,0.023809523809523808,0.00047326076668244207,0.0,0.0,0.0,0.0,0.0,0.0,0.0,0.0,0.9899496438052307,0.016239149694489724,0.9838344332821984,0.9950540089921516,0.0,0.0,0.0,0.0
0.04604604604604605,0.0006342094867315606,0.6125033324446814,0.0,0.0,0.0,0.2066666666666667,0.32,0.0,0.0027432993625792668,0.002104126372000982,0.002294846272948463,0.0015458453158257472,0.014993640088106875,0.003899287046030241,0.0,0.0016902170238658645,0.0,0.0,0.0,0.0,0.0014184397163120566,0.011941666860103917,0.0,0.007874015748031496,0.8890089730210704,0.5537342004807897,0.18221688544935866,0.9937807225150506,0.5106382978723404,0.9997736276145303,0.0,1.0
0.03403403403403404,4.108692666750973e-05,0.04705411890162623,1.0,0.0,2.5554955932733344e-05,0.0,0.24,0.0,0.00034235649243396626,0.00023675094512817752,0.00027648750276487504,0.00014254437558643864,0.00771614531822506,0.002618022150002858,0.0,0.000811304171455615,0.0,0.0,0.0,0.0,0.005714285714285714,0.03601649418456105,0.0,0.023622047244094488,0.7187148817039928,0.38451593783987265,0.42630139415456636,0.9778321649674133,0.5714285714285714,0.9897433186107871,0.0,1.0
0.024024024024024024,2.8936707108246148e-05,0.03625699813383098,0.0,0.0,1.8038792423105892e-05,0.12000000000000001,0.24,0.0,8.579809406200422e-05,0.00012894866406440043,0.00011059500110595002,8.995518847687875e-05,0.0014347207701074722,0.0008451128048697884,0.0,0.0002704347238185383,0.0,0.0,0.0,0.0,0.24666666666666667,0.23605493609443096,0.0,0.1653543307086614,0.2913379624818164,0.27261576943049254,0.3352858221236268,0.5987621630850111,0.04,0.39191835884530857,0.0,1.0
0.014014014014014014,0.004085191584182397,0.4953345774460144,1.0,1.0,4.509698105776473e-06,0.9733333333333334,0.08000000000000002,0.5,0.007401519443251668,0.004358534268895704,0.006442158814421588,0.002394191939461542,0.23855749275512478,0.03895736219125225,0.10714285714285714,0.014130214319518627,0.0,0.0,0.0,0.0,0.0,0.0,0.0,0.0,0.8844027956992466,0.138940528641414,0.8593497752966535,0.9935508782530968,0.4,0.9797958971132714,0.0,1.0
0.31631631631631635,0.000407671840475291,0.2857904558784324,0.0,0.0,0.0001157489180482628,0.8866666666666667,0.2,0.0,0.0001363839852480746,0.00037888911364813445,0.0,0.0005508025386738114,0.003354515068352969,0.0017386613297373048,0.0,0.0010141302143195188,0.0,0.0,0.0,0.0,0.027024185068349103,0.13360387614288563,0.0,0.13385826771653542,0.5040331196574215,1.0,0.08489343441954755,0.9899617294026539,0.45741324921135645,0.9963661348264824,0.0,1.0
0.02102102102102102,0.00016386809274006797,0.07877899226872834,0.0,0.0,0.0,0.15333333333333335,0.15999999999999998,0.0,0.0009389864335159777,0.0008683840031959282,0.0013824375138243752,0.0005092847593767904,0.011028936401227226,0.0024083767063756262,0.0,0.0009465215333648841,0.0,0.0,0.0,0.0,0.22575757575757574,0.17009954404042557,0.0,0.09448818897637795,0.9430790141839234,0.052032391411093074,0.9308567015769942,0.9818241209836867,0.9545454545454546,0.41659779045053097,0.0,1.0
0.03703703703703704,3.3892717717945765e-05,0.0325246600906425,0.0,0.0,3.3071119442360796e-05,0.0,0.36000000000000004,0.0,0.00020882851786533304,0.00022559082366990766,0.00011059500110595002,0.0001273211898441976,0.0009994184931089202,0.000798168323989404,0.0,0.0004056520857278075,0.0,0.0,0.0,0.0,0.04473684210526316,0.07710929493618339,0.0,0.031496062992125984,0.5561544538299161,0.7358576280940651,0.30285667011987183,0.9565085084266292,0.6578947368421053,0.9488292830168393,0.0,1.0
0.2182182182182182,7.561912962541672e-05,0.07957877899226873,0.0,0.0,5.110991186546669e-05,0.12000000000000001,0.08000000000000002,0.0,0.0002213972758322611,0.0003022559662369837,0.0,0.00021312460039137426,0.0024952503321100947,0.002557761476788293,0.0,0.003380434047731729,0.0,0.0,0.0,0.0,0.010197869101978691,0.05459609408628669,0.0,0.03937007874015748,0.4476186042733339,0.5854913129717486,0.15759105835278753,0.985007365707899,0.2374429223744292,0.851031799614374,0.0,1.0
0.09509509509509509,0.0004652255120718027,0.0646494268195148,1.0,0.0,1.3529094317329417e-05,0.44,0.44,0.0,0.0005712245152827179,0.001245533717782188,8.294625082946251e-05,0.0008400430677763907,0.0037362520054882086,0.0020359389954364006,0.0,0.001284564938138057,0.0,0.0,0.0,0.0,0.12291666666666666,0.4263922407884626,0.0,0.25196850393700787,0.6127800584804817,0.5360098446039779,0.39934348919111606,0.9951149936930692,0.19791666666666666,0.7968579791210533,0.0,1.0
0.17717717717717718,8.649037870475783e-05,0.08237803252466008,1.0,0.0,4.359374835583923e-05,0.9266666666666667,0.24,0.0,0.00038434596136649956,0.0001965698761594218,0.0003594337535943375,0.00017299074707092065,0.0015646326970768865,0.0008410394684866049,0.0,0.0004056520857278075,0.0056179775280898875,0.14948465950168616,0.0,1.0,0.2941947565543071,0.2868867382935238,0.0,0.2047244094488189,0.7153996605318138,0.35694793794975754,0.4534925976626383,0.9967642055122381,0.7303370786516854,0.8875693329497303,0.0,1.0
0.005005005005005005,1.6786487548982572e-05,0.01812849906691549,0.0,0.0,6.012930807701963e-06,0.12666666666666668,0.2,0.6666666666666666,0.0001514549745055816,6.360620231983333e-05,0.0004976775049767751,4.705348320329042e-05,0.0,0.0,0.0,0.0,0.0,0.0,0.0,0.0,0.0,0.0,0.0,0.0,0.8554727127832944,0.16606574223875156,0.8096669787065123,0.9367410511422856,0.6666666666666666,0.9428090415820634,0.0,1.0
0.2572572572572573,0.0006145453156027525,0.4342841908824313,1.0,1.0,4.058728295198825e-05,0.8733333333333334,0.6399999999999999,0.0,0.0001559234147272888,0.0003070491597372093,0.00011059500110595002,0.00047053483203290415,0.05333589182991868,0.18370562981698774,0.0,0.2535325535798797,0.0,0.0,0.0,0.0,0.1263565891472868,0.2486864354066084,0.0,0.18110236220472442,0.841883257337499,0.22865962818317195,0.7426779401415633,0.9963661397564634,0.19767441860465115,0.7964904088159862,0.0,1.0
0.4184184184184184,0.0010364457026671812,0.15022660623833645,1.0,0.0,0.00015633620100025106,0.8666666666666667,0.44,0.0,0.0005505995856817728,0.0008301592964646637,0.00022119000221190003,0.0008580341054717664,0.0091545779869977,0.003706365167114255,0.0,0.004191738219187344,0.002386634844868735,0.0975897293568538,0.0,1.0,0.569848846459825,0.5940150252529041,0.0,0.26771653543307083,0.7571273750192589,0.4014147182334701,0.4612563394469298,0.9946129592935575,0.6539379474940334,0.9514265254265812,0.0,1.0
0.008008008008008008,2.989593496818801e-05,0.03105838443081845,1.0,0.0,1.5032327019254909e-06,0.26666666666666666,0.2,0.16666666666666666,0.00022741097345011229,0.00010242223255027381,0.00047002875470028755,7.334807675807036e-05,0.00046886299676714773,0.00027972916029109544,0.0,6.760868095463458e-05,0.0,0.0,0.0,0.0,0.04444444444444444,0.07378775850479682,0.0,0.031496062992125984,0.6829007366970972,0.29350389182068104,0.6332335222608165,0.9161378710536594,0.6666666666666666,0.9428090415820634,0.0,1.0
0.1921921921921922,6.203006827624036e-05,0.06065049320181285,1.0,0.0,2.7058188634658835e-05,0.11333333333333334,0.12,0.0,0.00023092961659082012,0.00020021492848040868,0.00013824375138243752,0.00013008904179733234,0.001617941740139484,0.0009546351788817016,0.0,0.0005408694476370766,0.0,0.0,0.0,0.0,0.045768566493955096,0.09025135216611573,0.0,0.05511811023622047,0.5541915811129856,0.5139880789416814,0.37977591410324685,0.9635889069036532,0.44559585492227977,0.9940627525430422,0.0,1.0
0.043043043043043044,0.0004049540282054557,0.3981604905358571,1.0,1.0,9.320042751938043e-05,0.5933333333333334,0.2,0.0,0.00048632262008345287,0.0006838079872125194,0.00024883875248838755,0.0005812489101582934,0.015680270448701315,0.005474505407733929,0.0,0.0020282604286390375,0.0,0.0,0.0,0.0,0.37727272727272726,0.5723140627790009,0.0,0.2440944881889764,0.7931687569161285,0.2791961616845273,0.6370643175429116,0.994974146839156,0.1590909090909091,0.7315216790650493,0.0,1.0
0.1111111111111111,8.47317942948644e-05,0.0617168754998667,0.0,0.0,8.568426400975299e-05,0.0,0.08000000000000002,0.0,0.00037789189962782475,0.00046069677730934744,8.294625082946251e-05,0.0003127672707042246,0.0042762817071217984,0.0015765814234295786,0.0,0.0006760868095463458,0.0,0.0,0.0,0.0,0.024702380952380955,0.04984157052312119,0.0,0.023622047244094488,0.4450209632597,0.481598645439977,0.28849226424331853,0.9757684740211108,0.0,0.0,0.0,0.0
0.14914914914914915,0.0005926429461340799,0.47200746467608634,0.0,0.0,1.9542025125031382e-05,0.14666666666666667,0.12,0.0,0.0012991372446593144,0.0014631033310329449,0.00041473125414731257,0.0010351766304723894,0.007483053428403679,0.0026273633841357776,0.0,0.0015549996619565953,0.0,0.0,0.0,0.0,0.6946666666666667,0.5801109721487223,0.0,0.2440944881889764,0.9783749849878092,0.02594804427835954,0.9702363409616162,0.9994727386014626,0.9866666666666667,0.2293953404544701,0.0,1.0
0.009009009009009009,0.013293619168314274,0.5595841109037589,1.0,1.0,1.3529094317329417e-05,0.7066666666666667,0.12,0.0,0.0034592099895586316,0.0023244947996269145,0.005667993806679939,0.001496023980669322,0.458055704691665,0.3901654945291146,0.0,0.1319721452234467,0.3,0.9165151389911679,0.0,1.0,0.0,0.0,0.0,0.0,0.9043959851745944,0.27798662138166613,0.7303700119476693,0.9944349852276284,0.0,0.0,0.0,0.0
0.05105105105105105,0.00027641749497324636,0.5313249800053319,1.0,1.0,0.0,0.6466666666666667,0.44,0.0,0.0003285577249781045,0.00020404370413404862,0.00024883875248838755,0.0001508479314458428,0.002759078404052831,0.0009380814926612833,0.0,0.0004056520857278075,0.0,0.0,0.0,0.0,0.05961538461538462,0.0649501848161576,0.0,0.031496062992125984,0.9917076633480475,0.009518007685436586,0.9892033644717326,0.998296215277322,0.019230769230769232,0.27467032417472503,0.0,1.0
0.008008008008008008,5.4675988016686085e-05,0.046520927752599306,0.0,0.0,1.9542025125031382e-05,0.0,0.08000000000000002,0.0,0.00037159863246345867,0.0002981582641765819,0.00033178500331785003,0.00013700867168016918,0.0009377259935342955,0.00046085629294453695,0.0,0.00013521736190926916,0.1111111111111111,0.6285393610547089,0.0,1.0,0.014814814814814814,0.056547694757583686,0.0,0.023622047244094488,0.7898661388058388,0.6773599388950908,0.4023716677438509,0.9766535043774702,0.3333333333333333,0.9428090415820634,0.0,1.0
0.1181181181181181,0.0016343644020309412,0.9474806718208477,0.0,0.0,0.0001473168047886981,0.11333333333333334,0.36000000000000004,0.0,0.0012476619907499068,0.00300141254751796,0.00033178500331785003,0.0026087004658294837,0.007162965782543484,0.004463347419740353,0.0,0.003380434047731729,0.0,0.0,0.0,0.0,0.10448179271708684,0.3261168217516616,0.0,0.23622047244094488,0.5920669755101846,0.5051598692865463,0.3324475471594157,0.9807308161498591,0.7815126050420168,0.8264397212197814,0.0,1.0
0.008008008008008008,5.435624539670547e-05,0.12649960010663822,1.0,1.0,0.0,0.8666666666666667,0.15999999999999998,0.0,0.0002731133117980926,0.00018741192139945905,0.0007465162574651626,0.00013147296777389972,0.003750903974137182,0.0006164930431751482,0.0,0.00020282604286390375,0.0,0.0,0.0,0.0,0.3592592592592593,0.6959881598545238,0.0,0.23622047244094488,0.9977147671927584,0.007705114374827421,0.9941585576809997,0.9991488805818767,0.3333333333333333,0.9428090415820634,0.0,1.0
0.025025025025025023,4.54034520372481e-05,0.026659557451346308,0.0,0.0,2.2548490528882363e-05,0.34,0.24,0.0,0.00020188599466529773,0.00018236848819582345,0.00024883875248838755,0.00010656230019568713,0.0011360911075511658,0.0007967958325374231,0.0,0.0003380434047731729,0.0,0.0,0.0,0.0,0.08717948717948718,0.09293220243533318,0.0,0.03937007874015748,0.5750683247561748,0.5500641597657093,0.2604647073824289,0.9292139693000125,0.46153846153846156,0.9970370305242862,0.0,1.0
0.12812812812812813,0.00021023077263725794,0.17288723007198079,1.0,0.0,0.00010672952183670984,0.92,0.36000000000000004,0.0,0.0008537410869383197,0.0008364457029813794,0.00033178500331785003,0.00046084735019693266,0.006558630059428823,0.0043984019589380155,0.0,0.004394564262051248,0.0,0.0,0.0,0.0,0.10697674418604651,0.2492313591752977,0.0,0.11811023622047244,0.6287291861748621,0.6367374091021764,0.22767955210799418,0.99333480171794,0.3643410852713178,0.9624898105531012,0.0,1.0
0.006006006006006006,2.8137350558294597e-05,0.02505998400426553,0.0,0.0,1.5032327019254908e-05,0.0,0.24,0.0,0.00020745643135451524,9.888257192214828e-05,0.0006635700066357001,7.749985468777246e-05,0.0012056477059726655,0.0006079224599785402,0.0,0.00013521736190926916,0.0,0.0,0.0,0.0,0.019047619047619046,0.08280930335739259,0.0,0.031496062992125984,0.8033148966321981,0.4666831880505031,0.5694084192318831,0.9918560316590073,0.2857142857142857,0.9035079029052513,0.0,1.0
0.009009009009009009,0.0006741773142291381,0.09250866435617168,0.0,0.0,9.019396211552946e-06,0.52,0.32,0.0,0.00014778591353961697,4.108029849997904e-05,0.0006082725060827251,4.705348320329042e-05,0.0014769184398165153,0.0005255102009353076,0.0,0.00013521736190926916,0.0,0.0,0.0,0.0,0.6299999999999999,0.18977947548048518,0.5,0.19685039370078738,0.9999975120017845,0.001985185066536686,0.9990061077598655,0.9991136260712059,0.3,0.9165151389911681,0.0,1.0
0.01801801801801802,0.0005518757620865508,0.2198080511863503,1.0,0.0,1.0522628913478436e-05,0.29333333333333333,0.15999999999999998,0.16666666666666666,0.001079188727894087,0.00028783377986438865,0.003898473788984738,0.00035566897597781285,0.009994184931089202,0.0016313055813063024,0.011904761904761904,0.0007436954905009804,0.0,0.0,0.0,0.0,0.7842105263157895,0.5341381144188245,0.0,0.22834645669291337,0.9725973049880503,0.04490700037990608,0.9610911874464501,0.9980714755531102,0.3157894736842105,0.929659038560826,0.0,1.0
0.07907907907907907,0.0024223700889731805,0.06105038656358304,1.0,0.0,6.012930807701963e-06,0.0,0.39999999999999997,0.0,0.005845161714031045,0.003469405263861307,0.012082503870825038,0.003358788345128996,0.02763947365942336,0.008031717534577298,0.0,0.00473260766682442,0.0,0.0,0.0,0.0,0.29750000000000004,0.18538879328279168,0.1,0.14960629921259844,0.8574158111548176,0.2219132719103558,0.7645403274666966,0.9963068358179745,0.975,0.3122498999199199,0.0,1.0
0.5215215215215215,0.002666013965398413,0.4802719274860037,1.0,0.0,9.92133583270824e-05,0.9466666666666668,0.6000000000000001,0.0,0.0024490795498254762,0.004414940440507605,0.00022119000221190003,0.003284056342394358,0.0216364105318495,0.010225840507471731,0.0,0.006219998647826381,0.0,0.0,0.0,0.0,0.5235632183908047,0.7653726586199114,0.0,0.26771653543307083,0.7805093536441277,0.4536455885203754,0.5026828783862554,0.9985304378216489,0.4425287356321839,0.9933721433017227,0.0,1.0
0.04704704704704705,6.28294248261919e-05,0.06598240469208211,1.0,0.0,1.5032327019254908e-05,0.48000000000000004,0.24,0.0,0.00041878951528228,0.0002606416737628943,0.0006912187569121876,0.00021174067441480688,0.004835149654161211,0.002326590942431683,0.0,0.0012169562571834225,0.0,0.0,0.0,0.0,0.0,0.0,0.0,0.0,0.501906066228492,0.5098238608134367,0.41067807020823466,0.972014651953085,0.6041666666666666,0.9780578828587919,0.0,1.0
0.030030030030030033,0.00042269974361438015,0.17555318581711543,1.0,0.0,1.6535559721180398e-05,0.6733333333333333,0.36000000000000004,0.0,0.004868596598404915,0.005508240455191045,0.00041473125414731257,0.003689546653528596,0.060165709714184314,0.024990986033048692,0.0,0.013183692786153743,0.0,0.0,0.0,0.0,0.016129032258064516,0.05794891665208501,0.0,0.023622047244094488,0.6535402357270561,0.4481545864836102,0.4061709636910811,0.9961902458934153,0.06451612903225806,0.49134020037831666,0.0,1.0
0.0,0.0001608305378502521,0.1864836043721674,0.0,0.0,0.0,0.62,0.36000000000000004,0.3333333333333333,0.005125929210466033,0.0,0.024496792744967927,0.001223390563285551,0.05907673759266062,0.0,0.3333333333333333,0.0018930430667297683,0.0,0.0,0.0,0.0,0.0,0.0,0.0,0.0,0.9170180461824353,0.0,0.9302654410788493,0.9122844638118073,0.0,0.0,0.0,0.0
0.006006006006006006,5.8672770766443844e-05,0.05785123966942148,0.0,0.0,3.0064654038509817e-06,0.5800000000000001,0.44,0.0,0.0004251172661023411,0.00019367242536406777,0.0008847600088476001,0.00013700867168016918,0.005726826603370162,0.001331891378177112,0.0,0.0004056520857278075,0.0,0.0,0.0,0.0,0.08571428571428572,0.10419942167473738,0.0,0.03937007874015748,0.9460154877756146,0.039052151318361386,0.9447736961693112,0.9797825704510892,1.0,0.0,1.0,1.0
0.5285285285285285,0.00028616964488265527,0.17235403892295387,0.0,0.0,0.0,0.9133333333333334,0.2,0.3333333333333333,0.00016727599751472562,0.00022701821188414185,0.0,0.00031138334472765716,0.0022694209890780376,0.0011543281220147941,0.0,0.0008789128524102495,0.0,0.0,0.0,0.0,0.20220541902961564,0.29220484388793805,0.0,0.19685039370078738,0.4973252799678747,0.6360530488853007,0.2614880009717089,0.9994841200606155,0.47448015122873344,0.9986966252445068,0.0,1.0
0.009009009009009009,4.348499631736438e-05,0.039722740602505996,0.0,0.0,3.0064654038509817e-06,0.0,0.32,0.0,0.0004345519943005359,0.00020139655094827684,0.0010783012607830126,0.00015776756132867965,0.009072498987444309,0.002041954442080177,0.011904761904761904,0.000811304171455615,0.0,0.0,0.0,0.0,0.013333333333333334,0.07099418871333381,0.0,0.031496062992125984,0.5802620882837957,0.4477822980595739,0.4658672434908837,0.9569021595872611,0.5,1.0,0.0,1.0
0.061061061061061066,0.000126777948822316,0.12556651559584112,1.0,1.0,0.0,0.9266666666666667,0.48000000000000004,0.0,0.0005008567225207861,0.002800909512227311,0.00030413625304136254,0.003379547234777506,0.01905701212666472,0.038782612789829946,0.0,0.03103238455817727,0.0,0.0,0.0,0.0,0.22258064516129034,0.3180240624786183,0.0,0.14960629921259844,0.9695964083793589,0.05914687452784486,0.9408352873059096,0.9976625211543277,0.3709677419354839,0.9661276859272219,0.0,1.0
0.023023023023023025,3.117490544811049e-05,0.03505731804852039,0.0,0.0,4.509698105776473e-06,0.32666666666666666,0.15999999999999998,0.0,0.00022604312177420445,0.00016686084458415558,0.00022119000221190003,0.00011209800410195659,0.002109883485452165,0.0012587812213099294,0.0,0.0006084781285917113,0.0,0.0,0.0,0.0,0.06111111111111111,0.09144069743398399,0.0,0.03937007874015748,0.6493300277416321,0.5369583059204834,0.43217351265508164,0.9747467727792163,0.5416666666666666,0.9965217285917832,0.0,1.0
0.06706706706706705,5.01995913369574e-05,0.05211943481738203,0.0,0.0,5.8626075375094144e-05,0.0,0.2,0.0,0.00015182415246655327,0.00022453883962290092,5.529750055297501e-05,0.00012870511582076496,0.0011480248376725013,0.0007427698737450679,0.0,0.0003380434047731729,0.0,0.0,0.0,0.0,0.07745098039215687,0.1301090134019039,0.0,0.06299212598425197,0.4947562968849617,0.5515831753061587,0.28792742063576426,0.9382354564418254,0.4117647058823529,0.9843059135695007,0.0,1.0
0.013013013013013013,5.32371462267733e-05,0.12170087976539588,0.0,0.0,1.5032327019254909e-06,0.35333333333333333,0.08000000000000002,0.0,0.0005533964652883221,0.000229778011038898,0.0018248175182481753,0.00020205319257883534,0.007836710088822326,0.0017879535942093162,0.011904761904761904,0.0006760868095463458,0.0,0.0,0.0,0.0,0.28809523809523807,0.6897971270145106,0.0,0.2204724409448819,0.9083386980279071,0.15749464729513135,0.8838431591298397,0.995458932673631,0.0,0.0,0.0,0.0
0.30130130130130134,6.602685102599812e-05,0.052785923753665684,1.0,0.0,4.509698105776473e-06,0.10666666666666667,0.27999999999999997,0.0,0.0001442677585318203,0.0001441697379607982,5.529750055297501e-05,0.00010102659628941767,0.0008593234063265441,0.0006826937045899775,0.0,0.0005408694476370766,0.0,0.0,0.0,0.0,0.07373068432671082,0.11666832466885156,0.0,0.07086614173228346,0.5484728070111551,0.4741431575196018,0.15074151067914165,0.9951055990611044,0.27483443708609273,0.8928616225992991,0.0,1.0
0.03203203203203203,4.268563976741282e-05,0.03345774460143962,0.0,0.0,2.2548490528882363e-05,0.0,0.36000000000000004,0.0,0.00030664396464494633,0.00025043429828454545,0.0003594337535943375,0.00014254437558643864,0.0015983965798880037,0.0006632009310160809,0.0,0.00020282604286390375,0.0,0.0,0.0,0.0,0.00202020202020202,0.014116383862067445,0.0,0.007874015748031496,0.7146614782929825,0.4353656214951014,0.5019427959837088,0.9886614002881027,0.45454545454545453,0.9958591954639383,0.0,1.0
0.08008008008008008,3.820924308768414e-05,0.033857637963209807,0.0,0.0,4.058728295198825e-05,0.0,0.24,0.0,0.00022340576069974157,0.000203434610980139,0.00027648750276487504,0.000143928301563006,0.001302397213242077,0.0007214928876119715,0.0,0.0002704347238185383,0.012345679012345678,0.22084621999997928,0.0,1.0,0.05473251028806584,0.10932983723290442,0.0,0.05511811023622047,0.4867676692925862,0.6179167890722305,0.32837246529079955,0.9489047651425269,0.2222222222222222,0.8314794192830982,0.0,1.0
0.3583583583583584,0.00042493794195424454,0.5747800586510263,0.0,1.0,6.012930807701963e-06,0.9866666666666667,0.44,0.3333333333333333,6.561045910339812e-05,9.690796776807478e-05,0.0,0.00010656230019568713,0.0004995545856920167,0.0005844578444347838,0.0,0.000811304171455615,0.0,0.0,0.0,0.0,0.26295264623955433,0.6298479748714233,0.0,0.23622047244094488,0.9795884806606221,0.05560332828505439,0.9462318975545045,0.9984580975992694,0.0,0.0,0.0,0.0
0.7207207207207207,0.00046154847194202555,0.1576912823247134,1.0,1.0,3.0064654038509815e-05,0.7000000000000001,0.39999999999999997,0.0,0.0004014862529607207,0.001316326229323454,0.0,0.0014157562740284148,0.004374862428226056,0.002090079710540017,0.0,0.001960651747684403,0.0,0.0,0.0,0.0,0.29939898289412853,0.5321452694725074,0.0,0.25984251968503935,0.9136680795981658,0.13817014702274769,0.7798239465786816,0.9989586846755794,0.011095700416088766,0.209500222895969,0.0,1.0
0.024024024024024024,4.876074954704462e-05,0.040789122900559846,1.0,0.0,0.0,0.14,0.32,0.0,0.0004197212636591631,0.0001881545589987347,0.0005529750055297501,0.00014116044960987126,0.002700650861378771,0.0010339972966571648,0.0,0.0003380434047731729,0.0,0.0,0.0,0.0,0.008,0.025267016944391436,0.0,0.007874015748031496,0.875257084446198,0.25642091565341996,0.6774133276404326,0.9946291703509216,0.04,0.39191835884530857,0.0,1.0
0.006006006006006006,6.58669797160078e-05,0.07251399626766196,0.0,0.0,9.019396211552946e-06,0.22666666666666668,0.12,0.0,0.00046484243746316105,0.00041888365123971644,0.0009677062596770627,0.00025049060175869314,0.004521178897397496,0.0015014577169580217,0.0,0.0004056520857278075,0.0,0.0,0.0,0.0,0.1,0.08366745377339299,0.0,0.03937007874015748,0.6608885758789889,0.17674303737100303,0.6315073739069108,0.7578608571383114,0.42857142857142855,0.9897433186107869,0.0,1.0
0.015015015015015015,7.418028783550394e-05,0.06304985337243402,0.0,0.0,6.163254077894512e-05,0.05333333333333334,0.27999999999999997,0.0,0.0003638742935877437,0.0003167090374086133,0.00033178500331785003,0.00017437467304748803,0.00843953394180866,0.002638297679403396,0.0,0.0009465215333648841,0.0,0.0,0.0,0.0,0.0020833333333333333,0.014320797425221271,0.0,0.007874015748031496,0.4734732074703105,0.41028122740009576,0.36952864689955156,0.9223044172112163,0.5625,0.9921567416492215,0.0,1.0
0.005005005005005005,9.384445896431209e-05,0.13369768061850174,1.0,0.0,3.0064654038509815e-05,0.37333333333333335,0.27999999999999997,0.0,0.0006863654416488444,0.0005973356090609939,0.0019354125193541253,0.0003584368279309476,0.009494475684534742,0.0014919408869324144,0.023809523809523808,0.0005408694476370766,0.0,0.0,0.0,0.0,0.03333333333333333,0.05916182392777817,0.0,0.023622047244094488,0.908165783192465,0.20008282646650163,0.8079861502211552,0.9974767865310179,0.3333333333333333,0.9428090415820634,0.0,1.0
0.05105105105105105,5.147856181687988e-05,0.043721674220207944,1.0,0.0,1.3529094317329417e-05,0.33333333333333337,0.03999999999999998,0.3333333333333333,0.0002559192305507078,0.00020873437872970498,0.00030413625304136254,0.00014116044960987126,0.0022721822151023315,0.001382999384489018,0.0,0.0007436954905009804,0.0,0.0,0.0,0.0,0.027564102564102563,0.07845370743995464,0.0,0.03937007874015748,0.8828040393020622,0.10818033863515183,0.8656228074703707,0.9949198385001035,0.0,0.0,0.0,0.0
0.003003003003003003,0.0010597869139257663,0.8144494801386297,0.0,0.0,1.3529094317329417e-05,0.4866666666666667,0.32,0.5,0.018905184222382104,0.016262892936146727,0.005944481309444813,0.006829674694359948,0.4662842502849284,0.103594384178762,0.09523809523809523,0.029883036981948483,0.0,0.0,0.0,0.0,0.09166666666666666,0.1640340920141975,0.0,0.047244094488188976,0.9246621557244712,0.10335411570616637,0.9143379514163996,0.9931704138149664,0.25,0.8660254037844386,0.0,1.0
0.006006006006006006,2.4620181738507772e-05,0.022394028259130897,0.0,0.0,1.3529094317329417e-05,0.22,0.2,0.3333333333333333,0.00037959884058473494,8.898055208011057e-05,0.0012165450121654502,0.0001037944482425524,0.002712707338438498,0.0009319274841767172,0.0,0.0002704347238185383,0.0,0.0,0.0,0.0,0.009523809523809523,0.0414046516786963,0.0,0.015748031496062992,0.8613988206038101,0.06901187242036236,0.8535691618995775,0.897750765850553,0.0,0.0,0.0,0.0
1.0,0.0012706571718029856,0.4873367102106105,1.0,0.0,0.0002615624901350354,0.9933333333333334,0.36000000000000004,0.6666666666666666,0.0007140127815697473,0.0012616573425316348,2.7648750276487504e-05,0.0014268276818409538,0.0036796367986285756,0.0017669711960534185,0.0,0.0018254343857751335,0.0,0.0,0.0,0.0,0.0804,0.17256862110849377,0.0,0.14960629921259844,0.6753141607025475,0.42540125613416746,0.5049913423052343,0.9989023843217977,0.508,0.9998719918069513,0.0,1.0
0.17417417417417416,0.0002393273510554944,0.15662490002665955,0.0,0.0,0.0003953502006064041,0.23333333333333334,0.32,0.0,0.0009431666049569004,0.0010772179444675622,8.294625082946251e-05,0.0005895524660176975,0.006594892951670482,0.0022455836096865406,0.0,0.001284564938138057,0.0,0.0,0.0,0.0,0.042095238095238095,0.2664594420602739,0.0,0.23622047244094488,0.572603271860026,0.7574150239227562,0.2188925673900135,0.996586563448763,0.32,0.9329523031752479,0.0,1.0
0.015015015015015015,2.4780053048498083e-05,0.02172753932284724,0.0,0.0,7.516163509627454e-06,0.12000000000000001,0.36000000000000004,0.0,0.0002577853268415957,0.00011966865549813863,0.00030413625304136254,8.718733652374402e-05,0.001714280331929884,0.0007967892660890139,0.0,0.0002704347238185383,0.0,0.0,0.0,0.0,0.010416666666666666,0.03448904732790543,0.0,0.015748031496062992,0.8664031119055862,0.2378458012874171,0.7342449493558272,0.9977608820691026,0.8125,0.7806247497997998,0.0,1.0
0.05005005005005005,0.006394372785682438,0.3369768061850173,1.0,0.0,0.0003472467541447884,0.68,0.15999999999999998,0.0,0.004905217586414354,0.003600467032480273,0.0015483300154833003,0.0024191026070397546,0.2306805944094367,0.06235394042986521,0.0,0.017781083091068895,0.29411764705882354,0.9112901991076274,0.0,1.0,0.009150326797385621,0.06208088298443162,0.0,0.05511811023622047,0.9449100197398295,0.22126844308296498,0.4546311200570381,0.995095275859776,0.8823529411764706,0.6443794794178425,0.0,1.0
0.4764764764764765,0.0006829702362786052,0.23113836310317248,1.0,1.0,0.00047201506840460414,1.0,0.08000000000000002,0.0,0.000558428042723087,0.0011380727324959742,0.0,0.0008248198820341497,0.013353748936226595,0.005833237363726625,0.0,0.005476303157325401,0.0,0.0,0.0,0.0,0.054157931516422085,0.15664059932047467,0.0,0.14173228346456693,0.5029379730736094,0.7644655955121303,0.15301226151078762,0.9933436101580702,0.3039832285115304,0.9199509232458807,0.0,1.0
0.016016016016016016,1.3748932659166678e-05,0.015195947747267395,0.0,0.0,3.0064654038509817e-06,0.0,0.24,0.16666666666666666,0.0001304402290348864,9.96948920795878e-05,0.00013824375138243752,5.8124891015829343e-05,0.006081428869832711,0.0031038796228275243,0.0,0.0010141302143195188,0.0,0.0,0.0,0.0,0.00784313725490196,0.05568171663790887,0.0,0.031496062992125984,0.6251880264775771,0.658509724294817,0.4268010862297835,0.9842200685741727,0.0,0.0,0.0,0.0
0.04804804804804805,0.00011942386856276172,0.037989869368168484,0.0,0.0,4.509698105776473e-06,0.0,0.0,0.0,0.00027366505028921515,0.00048536912229567704,0.00011059500110595002,0.00031691904863392667,0.002196001178735927,0.0010259237157431217,0.0,0.0004056520857278075,0.0,0.0,0.0,0.0,0.020408163265306124,0.04600751567448633,0.0,0.023622047244094488,0.3953711063380929,0.671677267285251,0.20505560018852442,0.9350285721053231,0.46938775510204084,0.9981240212765293,0.0,1.0
0.06406406406406406,0.000705032477057268,0.9033591042388696,1.0,1.0,3.0064654038509817e-06,0.88,0.6799999999999999,0.16666666666666666,0.0002740342906640433,0.00029313609722557866,8.294625082946251e-05,0.0001785264509771901,0.00412238773311423,0.0014134996866277932,0.0,0.0006084781285917113,0.0,0.0,0.0,0.0,0.030256410256410255,0.08603024744127882,0.0,0.05511811023622047,0.8338118511170345,0.19896008574458154,0.7427300647444719,0.9736442185644991,0.27692307692307694,0.8949562813691683,0.0,1.0
0.016016016016016016,8.601076477478689e-05,0.09744068248467075,0.0,0.0,0.00023901399960615306,0.0,0.12,0.0,0.00025993649842187295,0.00035759934983233243,0.00019354125193541254,0.0001951335626959985,0.0034751022113329775,0.0016145220208605602,0.0,0.0006084781285917113,0.0,0.0,0.0,0.0,0.052941176470588235,0.07333041085768341,0.0,0.031496062992125984,0.4577117252393572,0.39467247078919415,0.2849581587564023,0.7436440347700151,0.11764705882352941,0.6443794794178425,0.0,1.0
0.014014014014014014,3.9168470947626005e-05,0.03905625166622234,0.0,0.0,3.156788674043531e-05,0.12666666666666668,0.44,0.0,0.0004272138723686066,0.00027241980845765155,0.0006082725060827251,0.00016191933925838173,0.004782402567024907,0.0011645413730106075,0.0,0.00047326076668244207,0.0,0.0,0.0,0.0,0.02666666666666667,0.03864434156678321,0.0,0.015748031496062992,0.6670313301154343,0.26255405345534055,0.6030478388317748,0.8981991196031531,0.3333333333333333,0.9428090415820635,0.0,1.0
0.03703703703703704,0.00042269974361438015,0.7426019728072514,0.0,1.0,4.509698105776473e-06,0.88,0.39999999999999997,0.0,0.0006838753587218048,0.0004300781085636261,0.0009677062596770627,0.000348749346094976,0.00893924318836312,0.0029548636073479066,0.0,0.0009465215333648841,0.0,0.0,0.0,0.0,0.9070175438596491,0.4483411007353098,0.0,0.2440944881889764,0.9849313913659001,0.07290887055765846,0.8828660127837571,0.9972572499077765,0.0,0.0,0.0,0.0
0.7487487487487487,0.00014164598065141487,0.3749666755531858,1.0,1.0,8.418103130782749e-05,0.9133333333333334,0.27999999999999997,0.0,0.00031543216971063794,0.0010365487019936724,2.7648750276487504e-05,0.0010393284084020914,0.0032563755796831814,0.0013723436706883766,0.0,0.00162260834291123,0.0,0.0,0.0,0.0,0.7114819759679574,0.42274390797701533,0.0,0.25196850393700787,0.7820610307331028,0.42955359772648166,0.5631041156734593,0.9986662787010472,0.0,0.0,0.0,0.0
0.1011011011011011,5.179830443686051e-05,0.03452412689949347,0.0,0.0,4.058728295198825e-05,0.09333333333333334,0.2,0.0,0.00035660432758707075,0.0003158419330826179,0.0003870825038708251,0.00020343711855540272,0.00421976697090433,0.0017701843541054136,0.0,0.0010817388952741533,0.0,0.0,0.0,0.0,0.029411764705882353,0.07236057244442563,0.0,0.047244094488188976,0.5697469740903642,0.39659954573361117,0.42349063784004404,0.9968379204322817,0.5,1.0,0.0,1.0
0.2882882882882883,0.00016306873619011643,0.1213009864036257,1.0,0.0,0.00033973059063516095,0.8866666666666667,0.2,0.0,0.00044608237420013257,0.0005625731807059409,0.0,0.0003639725318372171,0.0024676145954423243,0.0014599811016298486,0.0,0.001284564938138057,0.07958477508650519,0.5412985817861915,0.0,1.0,0.06366782006920416,0.09541213476909428,0.0,0.07086614173228346,0.5071179058419197,0.7552447511761131,0.15473146160615858,0.9981617439080486,0.3944636678200692,0.9774703731367151,0.0,1.0
0.06406406406406406,6.10708404162985e-05,0.06065049320181285,0.0,0.0,1.5032327019254908e-05,0.0,0.27999999999999997,0.0,0.0006437330328540328,0.00032836940974722873,0.0006082725060827251,0.0002643298615243668,0.007660500039487861,0.004136893779380029,0.0,0.0033128253667770945,0.0,0.0,0.0,0.0,0.009230769230769232,0.03952747222357961,0.0,0.023622047244094488,0.6985343708080709,0.4527687348754527,0.32219970163772604,0.994192426309163,0.27692307692307694,0.8949562813691684,0.0,1.0
0.01801801801801802,9.176613193443805e-05,0.08157824580111969,0.0,0.0,4.058728295198825e-05,0.22,0.12,0.0,0.0009130138060283763,0.00030172243549011536,0.0022119000221190004,0.00029200838105571407,0.0024430229831551385,0.0010300251140900557,0.0,0.0003380434047731729,0.0,0.0,0.0,0.0,0.02456140350877193,0.06878565302290289,0.0,0.031496062992125984,0.9040637868502266,0.12343881344751145,0.8330020042602104,0.9950662256449805,0.8421052631578947,0.7292845505553167,0.0,1.0
0.1181181181181181,4.844100692706399e-05,0.0663822980538523,1.0,0.0,7.516163509627454e-05,0.0,0.27999999999999997,0.0,0.00012907711040976023,0.00013714369112863804,8.294625082946251e-05,0.00010241052226598503,0.0020212329188365277,0.0013153707064537455,0.0,0.0008789128524102495,0.0,0.0,0.0,0.0,0.048459383753501395,0.09663558165738273,0.0,0.047244094488188976,0.5139761021570699,0.446806551540084,0.4498662103532247,0.9775890094820365,0.058823529411764705,0.47058823529411775,0.0,1.0
0.031031031031031032,5.547534456663764e-05,0.0494534790722474,0.0,0.0,1.5032327019254908e-05,0.7733333333333334,0.15999999999999998,0.0,0.0002787858731599458,0.00037404771852100443,0.00030413625304136254,0.000272633417383771,0.005142840995789652,0.006354168358589272,0.0,0.003650868771550267,0.03125,0.34798527267687634,0.0,1.0,0.11041666666666666,0.21557438422370873,0.0,0.08661417322834646,0.5632844992919033,0.3924320711013611,0.4788653414452124,0.9532170464647649,0.1875,0.7806247497997998,0.0,1.0
0.031031031031031032,3.309336116799421e-05,0.03332444681418288,1.0,0.0,0.0,0.15333333333333335,0.2,0.6666666666666666,0.0002684666391931703,0.00011635183390966423,0.0006082725060827251,0.00012870511582076496,0.0023076850622133055,0.0014209596990180293,0.0,0.0006760868095463458,0.0625,0.4841229182759271,0.0,1.0,0.026041666666666668,0.04113335897878204,0.0,0.015748031496062992,0.8050302233199922,0.33058183957943,0.6393874715832162,0.9990797151329707,0.375,0.9682458365518543,0.0,1.0
0.0,0.001223495135355844,0.3161823513729672,1.0,0.0,0.0,0.1,0.12,0.0,0.001476179091690702,0.0,0.007078080070780801,0.00035151719804811076,0.027428485310878145,0.0,0.15476190476190477,0.0008789128524102495,0.0,0.0,0.0,0.0,0.4666666666666667,0.0,0.4666666666666667,0.11023622047244094,0.9812579993594444,0.0,0.9842500075276313,0.9786258894611626,0.0,0.0,0.0,0.0
0.49849849849849853,0.0008845679581763864,0.452812583311117,1.0,1.0,0.0003141756347024276,0.7733333333333334,0.24,0.0,0.0020036438534247083,0.005954136753473785,0.0,0.004310929417007343,0.0032092215740645155,0.0015460283625471202,0.0,0.0010817388952741533,0.0,0.0,0.0,0.0,0.15711422845691383,0.1962358029336128,0.0,0.1653543307086614,0.5607523922057798,0.6354154024181994,0.13304218554120517,0.9938319753940119,0.2865731462925852,0.904320691163381,0.0,1.0
0.5345345345345346,0.00015059877401087224,0.10663822980538523,1.0,1.0,0.00033822735793323543,0.9800000000000001,0.08000000000000002,0.0,0.0003135541962670229,0.0003687246506622867,0.0,0.00032107082656362875,0.0049020283596580205,0.001673368264236592,0.0,0.0008789128524102495,0.0,0.0,0.0,0.0,0.5353894080996884,0.5147384649389083,0.0,0.25196850393700787,0.8212231765463986,0.2041581922157933,0.7517627459629166,0.9994788495216449,0.1588785046728972,0.7311255033872129,0.0,1.0
1.0,0.0014684179822609992,0.46387629965342575,0.0,1.0,5.561960997124316e-05,0.8533333333333334,0.39999999999999997,0.5,0.0005861498690753181,0.0008677446255120299,5.529750055297501e-05,0.000863569809378036,0.008787664716908268,0.003960649789145662,0.0,0.003177608004867825,0.0,0.0,0.0,0.0,0.28026666666666666,0.27424256564519783,0.0,0.19685039370078738,0.7619582310710431,0.3139097548077341,0.6431537907408504,0.9974326717048347,0.568,0.9907088371464141,0.0,1.0
0.04504504504504505,4.956010609699616e-05,0.05318581711543588,1.0,0.0,2.2548490528882363e-05,0.38,0.24,0.0,0.00029045109416586597,0.00021063312384368246,0.00024883875248838755,0.00015223185742241019,0.00197228238857485,0.0010903818151910129,0.0,0.0005408694476370766,0.08695652173913043,0.5635426694267704,0.0,1.0,0.02753623188405797,0.08835979960313624,0.0,0.05511811023622047,0.5606600551353527,0.4576355932380932,0.415968827157303,0.9748725394591267,0.6086956521739131,0.9760845356801587,0.0,1.0
0.03803803803803804,0.00010535519328361442,0.11063716342308717,1.0,0.0,4.810344646161571e-05,0.22,0.32,0.0,0.0012839618896681021,0.0006619042800321492,0.00232249502322495,0.00048437409179857783,0.00903462928385927,0.0019805069821595537,0.0,0.0010141302143195188,0.0,0.0,0.0,0.0,0.003418803418803419,0.0223977913388289,0.0,0.015748031496062992,0.9093910622603412,0.125919615979149,0.8404173326698405,0.9774577906993134,0.46153846153846156,0.9970370305242863,0.0,1.0
0.10010010010010009,0.00023676941009564942,0.13236470274593443,1.0,1.0,3.3071119442360796e-05,0.9600000000000001,0.32,0.3333333333333333,0.0010276894456321712,0.0006529726258215139,0.00143773501437735,0.0006020077998068039,0.007311477424834235,0.002504288625716303,0.0,0.0010141302143195188,0.0,0.0,0.0,0.0,0.0372937293729373,0.08742955755793887,0.0,0.08661417322834646,0.6055173395796745,0.6376686823238452,0.4165140079530376,0.9980019729142127,0.1485148514851485,0.7112192077650681,0.0,1.0
0.5785785785785786,0.003567368411123782,0.8663023193814983,1.0,0.0,0.00020293641475994126,0.15333333333333335,0.12,0.0,0.004871376224278125,0.00414523366010948,0.0022119000221190004,0.0028259768441505602,0.016015436819623946,0.006951381960275678,0.0,0.009397606652694207,0.0,0.0,0.0,0.0,0.6149107656879678,0.6362103515676018,0.0,0.23622047244094488,0.6957332134721206,0.37484600776848226,0.6054749001526591,0.9950126020609913,0.5112262521588946,0.999747910750435,0.0,1.0
0.15015015015015015,0.00012869640454219974,0.1035723806984804,0.0,0.0,0.00010221982373093338,0.52,0.27999999999999997,0.0,0.0007172627971517043,0.004778494138229325,0.00011059500110595002,0.00909239366604759,0.004457303522246626,0.0015145475522942559,0.0,0.0008789128524102495,0.0,0.0,0.0,0.0,0.09823399558498896,0.16066195344680162,0.0,0.22834645669291337,0.6150521599379202,0.5522783204823625,0.2643580876469285,0.9973309959530505,0.7682119205298014,0.8439487322953108,0.0,1.0
0.2212212212212212,0.0009053512284751267,0.4392162090109304,0.0,0.0,0.00010823275453863534,0.44,0.36000000000000004,0.0,0.001836535157686473,0.0016571425088138315,0.00047002875470028755,0.0010656230019568714,0.015700574405256653,0.0051064565610013215,0.0,0.0026367385572307485,0.0,0.0,0.0,0.0,0.12567567567567567,0.5561404765613692,0.0,0.25196850393700787,0.7800420289568395,0.3892960042631296,0.25393748967549357,0.9926402370198728,0.24324324324324326,0.8580815062912185,0.0,1.0
0.8148148148148149,0.00024076619284540718,0.16502266062383364,1.0,0.0,0.0002690786536446629,1.0,0.24,0.0,0.00041556575889835666,0.0007870604721438213,0.0,0.0005978560218771018,0.003520787165907907,0.0019171376609228,0.0,0.00162260834291123,0.0036809815950920245,0.12111865206628776,0.0,1.0,0.11517382413087934,0.15231570199016753,0.0,0.11811023622047244,0.3960260372101896,0.6633756043106324,0.17411022642200535,0.999434625757158,0.1411042944785276,0.6962582065821402,0.0,1.0
0.07707707707707707,4.732190775713182e-05,0.06158357771260997,0.0,0.0,7.065193699049807e-05,0.0,0.48000000000000004,0.0,0.00012367706354868348,0.00018759134938704629,2.7648750276487504e-05,0.00013147296777389972,0.00132543962547636,0.0009399437499969549,0.0,0.0006084781285917113,0.0,0.0,0.0,0.0,0.05726495726495726,0.08520726576639927,0.0,0.03937007874015748,0.47546972519547115,0.5918959232388781,0.2962859983586492,0.9856474041903036,0.2692307692307692,0.8871201995900612,0.0,1.0
0.05805805805805806,6.778543543589153e-05,0.054385497200746466,0.0,0.0,2.2548490528882363e-05,0.0,0.44,0.0,0.00012085219124798197,0.00016618517864335888,0.0,9.825874433628294e-05,0.001215865059413112,0.0007030011248306494,0.0,0.0003380434047731729,0.0,0.0,0.0,0.0,0.061016949152542375,0.11939799363511674,0.0,0.07086614173228346,0.49838910982808127,0.5261825206745341,0.2313719098817959,0.9883407014793759,0.6440677966101694,0.957589619784782,0.0,1.0
0.14814814814814814,0.00047066113661147326,0.23953612370034658,1.0,1.0,0.0002435236977119295,0.6066666666666667,0.39999999999999997,0.0,0.0008069999152313193,0.0013986369796082235,0.00013824375138243752,0.0008995518847687874,0.011158309976753732,0.003883088810975012,0.0,0.0025015211953214795,0.0,0.0,0.0,0.0,0.12930648769574943,0.2510877691706602,0.0,0.1653543307086614,0.6582415196620133,0.6433364052929227,0.2233831221928808,0.9978705621925696,0.7516778523489933,0.8640792987614003,0.0,1.0
0.0,5.707405766654075e-05,0.05638496400959744,0.0,0.0,1.5032327019254908e-05,0.0,0.39999999999999997,0.0,0.000925819946796009,0.0,0.004451448794514488,0.0002200442302742111,0.006329650456356495,0.0,0.03571428571428571,0.00020282604286390375,0.0,0.0,0.0,0.0,0.0,0.0,0.0,0.0,0.9741450520691481,0.0,0.9782725844964908,0.9712802573355175,1.0,0.0,1.0,1.0
0.0960960960960961,0.0002569131951544285,0.9474806718208477,0.0,1.0,5.411637726931767e-05,0.8866666666666667,0.27999999999999997,0.0,0.0003119739032552979,0.00026831697484094305,5.529750055297501e-05,0.00018406215488345957,0.005176827521006343,0.002326842994926859,0.0,0.0015549996619565953,0.0,0.0,0.0,0.0,0.46288659793814435,0.3407469764400384,0.0,0.23622047244094488,0.8272672861315629,0.2727944312276701,0.5909855395975576,0.979869186779025,0.979381443298969,0.2842071907647469,0.0,1.0
0.07807807807807807,8.872857704462216e-05,0.08344441482271393,0.0,0.0,6.012930807701963e-05,0.0,0.24,0.0,0.00034539454615090657,0.0005095128194690701,0.00022119000221190003,0.00033629401230586976,0.004246474356796129,0.0019045843009800488,0.0,0.0006760868095463458,0.0,0.0,0.0,0.0,0.0,0.0,0.0,0.0,0.42668401480135376,0.5463126134919216,0.20919598977754994,0.9981874533481436,0.189873417721519,0.7844016903711224,0.0,1.0
0.055055055055055056,4.844100692706399e-05,0.05385230605171954,0.0,0.0,2.7058188634658835e-05,0.46,0.03999999999999998,0.0,0.00010421236620321761,0.0001250256308912431,0.00011059500110595002,9.133911445344611e-05,0.0013940301600308947,0.0006880165965870191,0.0,0.0002704347238185383,0.0,0.0,0.0,0.0,0.03273809523809523,0.09116837302322688,0.0,0.06299212598425197,0.4906321093186907,0.5210542387911244,0.40649525656193486,0.9991624823074465,0.10714285714285714,0.6185895741317419,0.0,1.0
0.17217217217217218,3.533155950785856e-05,0.03545721141029059,1.0,0.0,6.012930807701963e-06,0.0,0.32,0.0,0.00026451831044794734,0.0001536356087562948,0.00016589250165892502,0.00013147296777389972,0.002951397707973549,0.0021249470735136347,0.0,0.0022986951524575755,0.0,0.0,0.0,0.0,0.00019267822736030826,0.004484971368693461,0.0,0.007874015748031496,0.8611062143975099,0.24140862238190328,0.360804466671536,0.9990141705858386,0.5260115606936416,0.9986458806008884,0.0,1.0
0.49949949949949957,0.001822373062579546,0.8905625166622234,1.0,1.0,0.00024803339581770597,0.7933333333333333,0.48000000000000004,0.0,0.004932979087520111,0.006227597477338298,0.00030413625304136254,0.0037103055431771067,0.02445354959639059,0.011687524356525128,0.0,0.011899127848015686,0.0,0.0,0.0,0.0,0.18906666666666666,0.4935543594508918,0.0,0.23622047244094488,0.6603496159404543,0.5376035653333862,0.21195376878671812,0.997493791281749,0.282,0.899946665086326,0.0,1.0
0.2222222222222222,0.0011485154909703886,0.17102106105038656,1.0,1.0,0.00021045257826956873,0.4666666666666667,0.27999999999999997,0.0,0.002355844468385495,0.0030390991859117838,0.0005529750055297501,0.00275262876739249,0.029822209623969614,0.007786936124451859,0.0,0.00398891217632344,0.0,0.0,0.0,0.0,0.06816143497757848,0.2594142336204373,0.0,0.22834645669291337,0.723559197757428,0.3156074235045406,0.48133406276821145,0.9952735300527769,0.7309417040358744,0.8869406504090488,0.0,1.0
0.7427427427427428,0.0017860822752117456,0.21754198880298586,1.0,0.0,0.00025705279202925893,0.92,0.39999999999999997,0.0,0.0004883239969477237,0.001628329407357492,5.529750055297501e-05,0.00341968108809796,0.00642903931502517,0.0034848990180794876,0.0,0.004529781623960517,0.0,0.0,0.0,0.0,0.2146253925527142,0.2775865965775309,0.0,0.2047244094488189,0.4963695590104109,0.5335208764276131,0.22528342446787697,0.9972202783219108,0.39030955585464333,0.9756392908512744,0.0,1.0
0.46346346346346345,7.434015914549424e-05,0.09104238869634763,0.0,0.0,0.00017287176072143144,0.0,0.08000000000000002,0.0,0.00010204167953178633,0.00019479043381608854,0.0,0.00018406215488345957,0.0017324689826665404,0.0010256458905409651,0.0,0.0009465215333648841,0.0,0.0,0.0,0.0,0.004166666666666667,0.03116421437726223,0.0,0.047244094488188976,0.31375767460926696,0.6719730434566524,0.05001900196742515,0.992215284252798,0.11206896551724138,0.6309025677079996,0.0,1.0
0.024024024024024024,5.419637408671516e-05,0.06291655558517728,0.0,0.0,3.9084050250062765e-05,0.0,0.2,0.0,0.00026724281425254923,0.00041039391292453675,0.00016589250165892502,0.00027540126933690574,0.005907673759266061,0.004980884974124692,0.0,0.002569129876276114,0.0,0.0,0.0,0.0,0.032,0.07933863084635269,0.0,0.031496062992125984,0.44736353015210106,0.5828417641683412,0.3046152253879777,0.9604663771283635,0.32,0.9329523031752481,0.0,1.0
0.41041041041041043,0.00015379620021067843,0.17741935483870966,1.0,1.0,8.418103130782749e-05,0.09333333333333334,0.03999999999999998,0.0,0.0005193477567248538,0.00041811710154751077,0.00019354125193541254,0.0003445975681652739,0.0045072450127177635,0.0013084963071690989,0.0,0.0007436954905009804,0.0,0.0,0.0,0.0,0.056528791565287916,0.3228971905392876,0.0,0.2440944881889764,0.6734783290405106,0.4414260068143108,0.44585122712176606,0.9991487042055711,0.7274939172749392,0.8904976532319513,0.0,1.0
0.10010010010010009,0.0042747989578309055,0.14809384164222875,1.0,1.0,0.0004088792949237335,0.5733333333333334,0.32,0.0,0.013884755906006354,0.013984480096717352,0.001963061269630613,0.009518642866830337,0.03473996273571238,0.00866621442792265,0.0,0.006152389966871747,0.0,0.0,0.0,0.0,0.2627062706270627,0.29165468378562354,0.0,0.1732283464566929,0.703275936514375,0.5826670481277809,0.23346277004669513,0.9972480783399638,0.15841584158415842,0.730260947112308,0.0,1.0
0.14414414414414414,7.162234687565897e-05,0.06878165822447348,0.0,0.0,0.00011123921994248633,0.4266666666666667,0.39999999999999997,0.0,0.0004650764506852578,0.00047090943974045064,0.00016589250165892502,0.0003279904564464656,0.0024445546590066464,0.0012807292051161252,0.0,0.0007436954905009804,0.0,0.0,0.0,0.0,0.04298850574712643,0.13667264290637082,0.0,0.07874015748031496,0.6567935099547784,0.564632488134104,0.282118389452263,0.9914754686576481,0.3793103448275862,0.97043084686002,0.0,1.0
0.05805805805805806,8.537127953482565e-05,0.088376432951213,0.0,0.0,7.516163509627454e-05,0.0,0.24,0.0,0.000310262144950366,0.0002517038803129003,0.00030413625304136254,0.00014669615351614072,0.0011443435853299877,0.0006475327495880488,0.0,0.0002704347238185383,0.0,0.0,0.0,0.0,0.05141242937853108,0.08870732124120329,0.0,0.03937007874015748,0.6212450601391595,0.47559387562442607,0.40204424266896766,0.984582127626215,0.4915254237288136,0.9998563527967881,0.0,1.0
0.06006006006006006,0.0004244583280242736,0.024660090642495334,1.0,0.0,0.00010221982373093338,0.9266666666666667,0.36000000000000004,0.0,0.0003653938356616548,0.00016825161895512453,0.0007741650077416501,0.00020205319257883534,0.013281889482190678,0.007001280640713814,0.0,0.005543911838280035,0.0,0.0,0.0,0.0,0.27868852459016397,0.5863607825719662,0.0,0.2204724409448819,0.9817224835834635,0.02196373914659847,0.9730460208448344,0.994236281758428,0.36065573770491804,0.9603815420247088,0.0,1.0
0.011011011011011011,6.490775185606594e-05,0.0667821914156225,1.0,0.0,3.6077584846211784e-05,0.0,0.24,0.0,0.0010518232247061097,0.00014539773934120663,0.0042026100420261,0.00028647267714944466,0.005978003208781134,0.0018186237446522228,0.0,0.0006760868095463458,0.0,0.0,0.0,0.0,0.0,0.0,0.0,0.0,0.7805290485332472,0.2321241445458137,0.7171815924961944,0.9398476655498982,0.0,0.0,0.0,0.0
0.43243243243243246,3.13347767581008e-05,0.039722740602505996,1.0,0.0,2.1045257826956873e-05,0.060000000000000005,0.2,0.0,0.00011612905751104441,0.00016273053421578948,0.0,0.00012593726386763026,0.005403835532024137,0.0018800568784808418,0.0,0.0012169562571834225,0.0,0.0,0.0,0.0,0.03194765204003079,0.08796515795037037,0.0,0.06299212598425197,0.34704025213753553,0.7033948639174572,0.13754953267241454,0.9977317177284624,0.09699769053117784,0.5919092449448502,0.0,1.0
0.2822822822822823,0.0009368458765432178,0.2190082644628099,0.0,0.0,0.00012025861615403926,0.43333333333333335,0.27999999999999997,0.0,0.0020754021859572982,0.0022951239353273256,0.0016865737668657378,0.0022820939353595856,0.0178930048236226,0.006309916694283861,0.0,0.00398891217632344,0.0,0.0,0.0,0.0,0.48692579505300354,0.32801564400309907,0.0,0.2204724409448819,0.6692760790064032,0.6052653019592095,0.3272903310115325,0.995835273018769,0.823321554770318,0.7627926906333181,0.0,1.0
0.01001001001001001,3.677040129777134e-05,0.05811783524393495,0.0,0.0,3.0064654038509817e-06,0.0,0.24,0.3333333333333333,0.00013477742466028785,7.863422131747627e-05,0.00030413625304136254,5.535703906269461e-05,0.0003836151791731209,0.0002595134077889012,0.0,6.760868095463458e-05,0.0,0.0,0.0,0.0,0.0,0.0,0.0,0.0,0.6889724072606862,0.17667429242198818,0.6747488899998686,0.8377109387323243,0.0,0.0,0.0,0.0
1.0,0.0019384396336325112,0.7963209810717142,0.0,1.0,0.001095856639703683,0.14666666666666667,0.24,0.0,0.0013666981746357555,0.0022722067865335264,0.0011059500110595002,0.0025920933541106754,0.006876110279088605,0.0022199785718919843,0.0,0.002095869109593672,0.0,0.0,0.0,0.0,0.7199333333333333,0.481652813895509,0.0,0.3779527559055118,0.62200772154993,0.4300370515204266,0.46336978778401683,0.9890154445933836,0.693,0.9224987804869986,0.0,1.0
0.5005005005005005,0.0018525887401677147,0.7024793388429752,0.0,0.0,7.516163509627454e-05,0.92,0.52,0.0,0.00048091884164161664,0.0008241245822166756,0.0,0.001336872493364075,0.0028047552920382073,0.001222789164309219,0.0,0.0012169562571834225,0.0,0.0,0.0,0.0,0.25542248835662007,0.4318465503918974,0.0,0.26771653543307083,0.7395557431609721,0.44571711338828407,0.560382129060474,0.9995780611927101,0.05189620758483034,0.44363494552680377,0.0,1.0
0.03203203203203203,8.425218036489348e-05,0.04598773660357238,1.0,0.0,1.5032327019254909e-06,0.9,0.12,0.0,0.0008083748852538879,0.000754701691508812,0.0013547887635478877,0.0006712040986351722,0.0085674056681997,0.0021079024854629234,0.0,0.0009465215333648841,0.0,0.0,0.0,0.0,0.8535353535353535,0.26734710008630297,0.6,0.2440944881889764,0.984722840055742,0.021296511920225924,0.9687824199738433,0.9937017266809614,0.8787878787878788,0.6527472493496368,0.0,1.0
1.0,0.0014319673235832085,0.21594241535590508,1.0,1.0,9.771012562515691e-05,0.9866666666666667,0.27999999999999997,0.0,0.00031412762014342027,0.001059168380527403,0.0,0.0012275423412152532,0.015545621520811551,0.03140917037896627,0.0,0.0525995537827057,0.0,0.0,0.0,0.0,0.1527,0.27416535857572943,0.0,0.22834645669291337,0.7714199278073135,0.2843978215273066,0.6766183556839795,0.9961828536512582,0.037,0.3775235092017449,0.0,1.0
0.04704704704704705,0.0003398864050393995,0.5702479338842975,1.0,1.0,0.00010973598724056083,0.7733333333333334,0.15999999999999998,0.16666666666666666,0.0003734090243874544,0.0005921774692012401,5.529750055297501e-05,0.00040549031113423805,0.00448350240658585,0.002067590466200764,0.0,0.0008789128524102495,0.0,0.0,0.0,0.0,0.11111111111111112,0.17721136278302752,0.0,0.08661417322834646,0.7197534729654231,0.5891820947186576,0.34939875254106845,0.9985215671310597,0.8541666666666666,0.705878097754059,0.0,1.0
0.12612612612612611,5.01995913369574e-05,0.04092242068781658,1.0,0.0,1.9542025125031382e-05,0.12000000000000001,0.15999999999999998,0.0,0.0002990993258504488,0.00021982213944913838,0.00022119000221190003,0.00013839259765673653,0.0015616460443504212,0.0008660904379870778,0.0,0.0004056520857278075,0.0,0.0,0.0,0.0,0.03412073490813648,0.07253970671013191,0.0,0.03937007874015748,0.6161932621645976,0.47546349883780714,0.2893541817842822,0.9820288004970736,0.48031496062992124,0.9992246979033262,0.0,1.0
0.0,2.6858380078372115e-05,0.03305785123966942,0.0,0.0,9.019396211552946e-06,0.0,0.27999999999999997,0.0,0.0001553171439434391,0.0,0.0007741650077416501,3.59820753907515e-05,0.0,0.0,0.0,0.0,0.0,0.0,0.0,0.0,0.0,0.0,0.0,0.0,0.46143668947088035,0.0,0.5474139474537987,0.4417997388271564,1.0,0.0,1.0,1.0
0.035035035035035036,0.0017721734712425887,0.21247667288723007,1.0,1.0,3.758081754813727e-05,0.88,0.32,0.0,0.0016586665976294685,0.0008342968821892089,0.0017142225171422251,0.0006296863193381512,0.011369927671603334,0.004235545266848419,0.0,0.0018930430667297683,0.0,0.0,0.0,0.0,0.1037037037037037,0.13859096789509787,0.0,0.06299212598425197,0.9206668437221452,0.16114615786960831,0.7813806941944312,0.9955219457020457,0.0,0.0,0.0,0.0
0.09409409409409408,9.959982612396326e-05,0.12783257797920555,1.0,0.0,6.012930807701963e-05,0.0,0.08000000000000002,0.0,0.0002195307926497118,0.00036928186811327533,0.0,0.000215892452344509,0.0009327905935683255,0.0007155177468498547,0.0,0.0004056520857278075,0.0,0.0,0.0,0.0,0.015087719298245615,0.040050525089732135,0.0,0.015748031496062992,0.43540399159988397,0.7487911024064415,0.15155484528725083,0.9085505100156865,0.43157894736842106,0.9905928720857763,0.0,1.0
0.31331331331331336,8.281333857498068e-05,0.07171420954412157,1.0,1.0,8.718749671167847e-05,0.0,0.27999999999999997,0.0,0.00040184409312489684,0.00047408654718221704,5.529750055297501e-05,0.000333526160352735,0.0010750998651985553,0.0008443489554104252,0.0,0.0005408694476370766,0.0,0.0,0.0,0.0,0.0037154989384288748,0.031158936930356585,0.0,0.05511811023622047,0.49749647110080275,0.6203894156409553,0.2804583761934154,0.987819888191015,0.5191082802547771,0.9992694804219829,0.0,1.0
0.16916916916916916,0.00042477807064425423,0.5210610503865636,1.0,1.0,1.3529094317329417e-05,0.8666666666666667,0.08000000000000002,0.0,0.0003884104288400148,0.0005880709000113019,8.294625082946251e-05,0.0008068288443387739,0.0051257757617161415,0.0018227985310259392,0.0,0.0010141302143195188,0.0,0.0,0.0,0.0,0.022549019607843137,0.20917876692468088,0.0,0.2204724409448819,0.8462467579435788,0.12955857326985648,0.8064434933022397,0.9959439934476402,0.01764705882352941,0.2633297563011693,0.0,1.0
0.057057057057057055,0.0002049550194075777,0.36203679018928286,1.0,1.0,1.5032327019254909e-06,0.8933333333333334,0.72,0.0,0.00025270374399286293,0.00033186042763778766,0.00030413625304136254,0.00035982075390751493,0.0025464111031319233,0.0011297543243029848,0.0,0.0006760868095463458,0.0,0.0,0.0,0.0,0.6172413793103448,0.7451314011639211,0.0,0.25196850393700787,0.9727877068943709,0.03435661249775564,0.9524100855770907,0.9953235119848403,0.06896551724137931,0.5067909812654852,0.0,1.0
0.04504504504504505,7.593887224539735e-05,0.0621167688616369,0.0,0.0,3.758081754813727e-05,0.13333333333333333,0.39999999999999997,0.0,0.0002767236006204377,0.00031364847384884507,0.00044238000442380006,0.0002629459355477994,0.0018346812916975347,0.0015150179694452966,0.0,0.0009465215333648841,0.0,0.0,0.0,0.0,0.0007246376811594203,0.008627599563612103,0.0,0.007874015748031496,0.40406381994079776,0.394686717967459,0.29343482732528514,0.9273189511633673,0.10869565217391304,0.6225139592728849,0.0,1.0
0.6446446446446447,0.0015493128651160961,0.043588376432951215,1.0,1.0,0.00015332973559640007,0.4866666666666667,0.56,0.0,0.000616954173240094,0.0020652432660883528,0.0,0.0028356643259865315,0.002365032186018473,0.0020662356119093553,0.0,0.0029747819620039215,0.0,0.0,0.0,0.0,0.28087855297157627,0.5164114373572709,0.0,0.2440944881889764,0.5866877476445396,0.4348722805749813,0.16790479835547956,0.976633106976653,0.289922480620155,0.9074523367124268,0.0,1.0
0.40440440440440445,0.00014516314947120168,0.11157024793388429,1.0,0.0,0.0001818911569329844,0.006666666666666667,0.24,0.3333333333333333,0.0004923271882246337,0.0005341779897238721,2.7648750276487504e-05,0.0008898644029328159,0.0038707245177554534,0.0019403020850846035,0.0,0.001757825704820499,0.0,0.0,0.0,0.0,0.07860082304526748,0.2842183880516773,0.0,0.22834645669291337,0.5942068167282537,0.5576864176311095,0.2653108686538479,0.9845704452898367,0.5111111111111111,0.9997530559290659,0.0,1.0
0.04704704704704705,0.0003747383506172871,0.21874166888829644,0.0,1.0,2.4051723230807854e-05,0.32,0.24,0.0,0.0010712547646903304,0.0004953529890211951,0.0016589250165892503,0.00039026712539199705,0.0072966803871887375,0.0018779456810878305,0.0,0.0009465215333648841,0.0,0.0,0.0,0.0,0.9625,0.07976339922216301,0.9,0.25984251968503935,0.987740980905377,0.013063138461679745,0.9843256912015512,0.9954438213744004,0.125,0.6614378277661477,0.0,1.0
0.1051051051051051,0.00011414811533308148,0.03332444681418288,0.0,0.0,4.509698105776473e-06,0.0,0.39999999999999997,0.3333333333333333,0.000281730321911803,0.00039653910905703354,0.00019354125193541254,0.0004636152021500674,0.0017316968229654562,0.0014101559575303898,0.0,0.0010141302143195188,0.0,0.0,0.0,0.0,0.0,0.0,0.0,0.0,0.8807155505746609,0.16134946968933025,0.8491423529364033,0.9959490564850766,0.44339622641509435,0.9935713619382329,0.0,1.0
0.8618618618618619,0.004072561750693163,0.3552386030391895,1.0,1.0,0.0006990032063953533,0.9933333333333334,0.15999999999999998,0.0,0.0009823613008807454,0.0026011533640219586,0.0,0.0028467357337990705,0.00563451483005903,0.0020375014286507422,0.0,0.003177608004867825,0.002320185614849188,0.09622478586230965,0.0,1.0,0.11419180201082753,0.2855045117175783,0.0,0.2440944881889764,0.6200233727414233,0.5093300166677242,0.06464799887980188,0.9978469122052038,0.12645011600928074,0.6647119200691987,0.0,1.0
0.061061061061061066,0.0011000744840433244,0.5954412156758198,0.0,0.0,7.516163509627454e-06,0.29333333333333333,0.32,0.0,0.0004924471600351286,0.0008188996521513131,0.0004976775049767751,0.0005729453542988892,0.0029946733341901697,0.0017659708642742261,0.0,0.0010141302143195188,0.0,0.0,0.0,0.0,0.9333333333333333,0.0,0.9333333333333333,0.2204724409448819,0.9694885754356015,0.03330124098445262,0.9676751351937565,0.9919096915557644,0.0,0.0,0.0,0.0
0.2072072072072072,0.00010247750970378883,0.14129565449213544,1.0,0.0,2.4051723230807854e-05,0.6533333333333333,0.2,0.3333333333333333,0.0001315313792804802,0.00020972705186528262,0.0,0.00018406215488345957,0.002241751203292925,0.0014739767367930024,0.0,0.001284564938138057,0.0,0.0,0.0,0.0,0.5817307692307692,0.6488056870031426,0.0,0.23622047244094488,0.5710524273196844,0.7400835404679719,0.11535408905922306,0.9981984664920729,0.32211538461538464,0.9345738357336298,0.0,1.0
0.028028028028028028,2.8936707108246148e-05,0.039722740602505996,0.0,0.0,3.0064654038509817e-06,0.0,0.24,0.0,0.00011356576053763481,9.789044630894103e-05,0.00019354125193541254,5.950881699239671e-05,0.001964374279558912,0.0015295479501670377,0.0,0.0007436954905009804,0.0,0.0,0.0,0.0,0.0,0.0,0.0,0.0,0.6595971306036112,0.3223099052051027,0.5402579587837488,0.9529894069066129,0.0,0.0,0.0,0.0
0.007007007007007007,6.378865268613377e-05,0.2266062383364436,0.0,0.0,0.0,0.7733333333333334,0.27999999999999997,0.0,0.00035880519620055577,0.00016993751141189083,0.0006635700066357001,0.0001204015599613608,0.005274708713630412,0.0013871093471440835,0.0,0.00047326076668244207,0.0,0.0,0.0,0.0,0.3125,0.7061958733904601,0.0,0.23622047244094488,0.9918975020284426,0.0031957743165927036,0.9924736176501909,0.9928174277675099,0.0,0.0,0.0,0.0
0.08308308308308307,8.760947787469e-05,0.09704078912290055,1.0,0.0,3.758081754813727e-05,0.0,0.15999999999999998,0.0,0.0004813256248854457,0.00035014448473566983,0.0005529750055297501,0.00025187452773526046,0.003868119723328969,0.0011965893234857556,0.0,0.0005408694476370766,0.0,0.0,0.0,0.0,0.00992063492063492,0.04981699419382063,0.0,0.03937007874015748,0.6635719614166966,0.3372380712616835,0.4754040660339358,0.960848060638007,0.30952380952380953,0.9245946589975047,0.0,1.0
1.0,0.006394692528302419,0.6980805118635031,1.0,1.0,0.0002946336095773962,0.9933333333333334,0.32,0.0,0.004218554984905231,0.00622404402082138,0.00030413625304136254,0.005841551547090849,0.02849397647103149,0.15478011683870754,0.0,0.49198837130687584,0.0,0.0,0.0,0.0,0.087,0.14321438982575357,0.0,0.1889763779527559,0.6844762039082664,0.36964917378972584,0.550740888459635,0.9989785944477907,0.63,0.9656086163658648,0.0,1.0
0.02002002002002002,3.725001522774228e-05,0.08491069048253799,0.0,0.0,0.0,0.18000000000000002,0.27999999999999997,0.0,0.0004306346510135661,0.00012860978476070384,0.0015483300154833003,0.0001508479314458428,0.0032150605492604414,0.0007939280096993556,0.0,0.0003380434047731729,0.0,0.0,0.0,0.0,0.019047619047619046,0.04680333508687997,0.0,0.015748031496062992,0.9179395730889306,0.1947382745445267,0.7473155396818569,0.9965302423448277,0.19047619047619047,0.785353452498602,0.0,1.0
0.0960960960960961,0.0016372420856107669,0.5838443081844841,1.0,1.0,1.5032327019254909e-06,0.9,0.32,0.0,0.0007812274899549835,0.000637373491287402,0.001161247511612475,0.000492677647657982,0.009527102748742765,0.001977931004715845,0.0,0.0010141302143195188,0.0,0.0,0.0,0.0,0.6130584192439862,0.31080576917501623,0.13333333333333333,0.2047244094488189,0.9443542008612926,0.05072425603164988,0.9185857266365725,0.9914284851227544,0.0,0.0,0.0,0.0
0.06706706706706705,3.836911439767445e-05,0.03825646494268195,0.0,0.0,4.2090515653913746e-05,0.23333333333333334,0.36000000000000004,0.0,0.0003101163028093302,0.00022295425234504103,0.00030413625304136254,0.00016191933925838173,0.004405933160797168,0.0015852703461491763,0.0,0.0006084781285917113,0.0,0.0,0.0,0.0,0.05147058823529412,0.0909958221181497,0.0,0.047244094488188976,0.7220605710134498,0.3132865521541786,0.6182496660498513,0.9914186184248015,0.5735294117647058,0.9891277482823668,0.0,1.0
0.035035035035035036,0.0018860018439556896,0.5243934950679818,1.0,1.0,1.9542025125031382e-05,0.9800000000000001,0.0,0.3333333333333333,0.00539676384229579,0.013032753117218495,0.004174961291749613,0.007974181476981158,0.05632216748665362,0.025833785489969903,0.023809523809523808,0.010141302143195186,0.0,0.0,0.0,0.0,0.062037037037037036,0.2624222339913703,0.0,0.1732283464566929,0.8791615375354436,0.10400506050387255,0.8491244377424652,0.9760507072329263,0.2222222222222222,0.8314794192830981,0.0,1.0
0.11911911911911911,0.0002172651102768316,0.08384430818448413,1.0,0.0,7.816810050012553e-05,0.16,0.27999999999999997,0.0,0.0004163515208246324,0.0007903306856674148,5.529750055297501e-05,0.0006269184673850165,0.0049582261908125876,0.0025571869457613077,0.0,0.0013521736190926915,0.0,0.0,0.0,0.0,0.2758333333333333,0.19606328718644173,0.0,0.12598425196850394,0.4011824922721843,0.3691159619370572,0.31128148847029546,0.878137300642317,0.025,0.3122498999199199,0.0,1.0
0.23823823823823823,0.0007099884876669676,0.7716608904292188,1.0,1.0,4.2090515653913746e-05,0.9,0.36000000000000004,0.0,0.001302672341672811,0.0022056275936690683,0.00013824375138243752,0.0019333445892646094,0.013365538062655136,0.006005083729604174,0.0,0.004529781623960517,0.0,0.0,0.0,0.0,0.36847977684797767,0.7111403350204192,0.0,0.2440944881889764,0.7220261894613023,0.3513049155336324,0.5509020027873994,0.9874837823933698,0.7615062761506276,0.8523249791806683,0.0,1.0
0.02102102102102102,0.0005987180559137117,0.12783257797920555,0.0,1.0,0.0,0.37333333333333335,0.56,0.0,0.004141865993015571,0.004158676610802686,0.00940057509400575,0.0026322272074311287,0.027332581516084864,0.006705421708582316,0.047619047619047616,0.00324521668582246,0.0,0.0,0.0,0.0,0.2621212121212121,0.3559982696771038,0.0,0.15748031496062992,0.7213244549959779,0.16062945679206805,0.7316469423012686,0.8579204417226256,0.0,0.0,0.0,0.0
0.44844844844844844,0.0018876005570555925,0.8668355105305252,1.0,1.0,0.00043744071626031786,0.4133333333333334,0.6000000000000001,0.0,0.001000241973469379,0.0019636665854320763,0.0,0.0014033009402393084,0.008246871975431067,0.003929148774912526,0.0,0.002704347238185383,0.0,0.0,0.0,0.0,0.20311804008908685,0.30138383183297396,0.0,0.1732283464566929,0.5854659507767241,0.6845489818795994,0.1944917059933804,0.9976687306377405,0.45434298440979953,0.9958221466253824,0.0,1.0
0.036036036036036036,9.176613193443805e-05,0.07384697414022927,1.0,0.0,1.2025861615403927e-05,0.13333333333333333,0.27999999999999997,0.0,0.0005810430372488927,0.00043709750383303926,0.0006359212563592126,0.0002975440849619836,0.00017107163395558095,0.0001836600063755731,0.0,6.760868095463458e-05,0.2972972972972973,0.914137001366906,0.0,1.0,0.025225225225225228,0.05398738055563848,0.0,0.023622047244094488,0.7324322634691409,0.6188209942142169,0.37711603968715224,0.9981023465938685,0.7297297297297297,0.8881987419002695,0.0,1.0
0.01801801801801802,0.0002863295161926456,0.09170887763263129,0.0,0.0,0.0,0.2733333333333334,0.24,0.5,0.00037058227208507517,0.00041835719339844055,0.0005529750055297501,0.00024633882382899105,0.004663952967841628,0.001910333214766903,0.0,0.0007436954905009804,0.0,0.0,0.0,0.0,0.0,0.0,0.0,0.0,0.9608793068979109,0.011530538651718393,0.9633313211947705,0.9663341418267484,0.0,0.0,0.0,0.0
0.002002002002002002,1.2150219559263576e-05,0.022793921620901093,0.0,0.0,3.0064654038509817e-06,0.02,0.27999999999999997,0.0,0.00019973209247880024,4.1809710535127973e-05,0.0008571112585711126,5.535703906269461e-05,0.006329650456356495,0.0019808075371323987,0.0,0.00047326076668244207,0.0,0.0,0.0,0.0,0.0,0.0,0.0,0.0,0.9212117204661459,0.10478988466647145,0.8845836805475074,0.9511852225665862,0.6666666666666666,0.9428090415820634,0.0,1.0
0.7477477477477478,0.000886966027826241,0.9409490802452679,1.0,1.0,0.00010522628913478436,0.2066666666666667,0.27999999999999997,0.0,0.0011540416316061966,0.0044835689292719106,0.0,0.003765662582239801,0.001988593392037134,0.0015626503201752245,0.0,0.001284564938138057,0.0,0.0,0.0,0.0,0.07745098039215687,0.18118675318533778,0.0,0.14960629921259844,0.34534996248686145,0.713176513760468,0.099541574923939,0.9795161177309542,0.22058823529411764,0.8292865988159814,0.0,1.0
0.029029029029029027,7.513951569544579e-05,0.06611570247933884,1.0,1.0,6.163254077894512e-05,0.0,0.08000000000000002,0.0,0.00037217795787913735,0.00032745649464533126,0.00027648750276487504,0.00017714252500062276,0.0037274608242988247,0.001174220062271504,0.0,0.0004056520857278075,0.0,0.0,0.0,0.0,0.015555555555555555,0.06785723370910042,0.0,0.031496062992125984,0.7124505913153723,0.4982275912328127,0.4830713553520889,0.990395360921398,0.9333333333333333,0.49888765156985887,0.0,1.0
0.029029029029029027,0.00014436379292125012,0.687150093308451,0.0,0.0,2.1045257826956873e-05,0.14666666666666667,0.15999999999999998,0.0,0.0004658355667471815,0.0003314108691049743,0.001050652510506525,0.0002228120822273458,0.007243933300052433,0.002863532405578271,0.0,0.0015549996619565953,0.0,0.0,0.0,0.0,0.7477777777777778,0.5636817653764389,0.0,0.23622047244094488,0.650627975295559,0.22051483556005258,0.6569728934039922,0.9078403360147043,0.03333333333333333,0.3590109871423002,0.0,1.0
0.12412412412412413,0.0005820914396747195,0.424020261263663,1.0,0.0,1.2025861615403927e-05,0.7933333333333333,0.24,0.0,0.0012337893377707657,0.001295031836505678,0.0014100862641008628,0.0012413816009809269,0.0297240385430501,0.007695681599048297,0.0,0.004394564262051248,0.0,0.0,0.0,0.0,0.010133333333333333,0.04248066145072772,0.0,0.023622047244094488,0.8562921413632756,0.1974466997749448,0.7447923889265677,0.9931014662426731,0.12,0.6499230723708769,0.0,1.0
0.001001001001001001,6.394852399612408e-05,0.06278325779792056,0.0,0.0,0.0,0.21333333333333335,0.6000000000000001,0.0,0.0005811213244672277,9.455551178264453e-05,0.002516036275160363,0.00015223185742241019,0.02215377659724773,0.0070648920825699315,0.0,0.0014197823000473263,0.0,0.0,0.0,0.0,0.0,0.0,0.0,0.0,0.9788189850217561,0.015308033845847871,0.9771001777331607,0.9823746848045207,1.0,0.0,1.0,1.0
0.04104104104104104,6.330903875616284e-05,0.046654225539856035,0.0,0.0,1.5032327019254909e-06,0.09333333333333334,0.24,0.0,0.0003924267605033331,0.00047844950926898423,0.0004976775049767751,0.0004719187580094716,0.0009042357794794992,0.0007789160968788235,0.0,0.0004056520857278075,0.0,0.0,0.0,0.0,0.05873015873015873,0.26103119381975115,0.0,0.2047244094488189,0.6091594101286919,0.40181009445186766,0.4461026054909958,0.9851242876349122,0.19047619047619047,0.7853534524986019,0.0,1.0
0.16216216216216214,4.971997740698647e-05,0.09450813116502266,0.0,0.0,5.712284267316865e-05,0.0,0.27999999999999997,0.0,5.086086193856327e-05,0.00012347194858152515,0.0,0.00014946400546927545,0.000686035734533526,0.0007522968086838725,0.0,0.000811304171455615,0.0,0.0,0.0,0.0,0.00040899795501022495,0.006513012115433574,0.0,0.007874015748031496,0.3233372129797303,0.7587720869590079,0.09768233744786592,0.9018458241916587,0.17791411042944785,0.7648808527857032,0.0,1.0
0.11211211211211211,0.00011334875878312994,0.21340975739802717,0.0,0.0,0.0,0.0,0.39999999999999997,0.0,0.0002243747842017671,0.0002338342497416436,8.294625082946251e-05,0.00017714252500062276,0.002203241161799606,0.002051788798464608,0.0,0.0015549996619565953,0.0,0.0,0.0,0.0,0.004424778761061947,0.03815857467717188,0.0,0.031496062992125984,0.7312922219151687,0.49729321838018703,0.3822900481633775,0.984776566938887,0.13274336283185842,0.6785943190329492,0.0,1.0
0.31931931931931934,0.0007975979655416576,0.597307384697414,0.0,1.0,0.0010778178472805769,0.8600000000000001,0.6000000000000001,0.0,0.00045004894916993903,0.0006419712048121076,0.0006082725060827251,0.0015167828703178325,0.008103271261314722,0.00835970530120935,0.0,0.012372388614698127,0.0,0.0,0.0,0.0,0.1834375,0.15434593343875286,0.0,0.1653543307086614,0.8911015727098608,0.18641705457038144,0.6134634345636201,0.9972306222733947,0.0125,0.22220486043288973,0.0,1.0
0.006006006006006006,0.0010792912137445841,0.6030391895494535,1.0,1.0,3.0064654038509817e-06,0.9400000000000001,0.27999999999999997,0.3333333333333333,0.003421057272897511,0.0026521654770028727,0.002516036275160363,0.0012566047867231679,0.1579398494824192,0.0350202385345088,0.30952380952380953,0.011696301805151783,0.0,0.0,0.0,0.0,0.0,0.0,0.0,0.0,0.9934249098301668,0.00806811895627945,0.9912530374200319,0.9953076173673159,0.0,0.0,0.0,0.0
0.0960960960960961,0.0006602685102599812,0.46734204212210073,1.0,0.0,0.0001608458991060275,0.9333333333333333,0.32,0.0,0.001432878996188949,0.001370154026995822,0.001050652510506525,0.0010351766304723894,0.0073519651348745545,0.002321004293710856,0.0,0.0011493475762287878,0.0,0.0,0.0,0.0,0.20446735395189006,0.3479514337666377,0.0,0.2047244094488189,0.7526091833399287,0.4962230635711818,0.34628835574320505,0.9977476071584475,0.7731958762886598,0.8375297324366969,0.0,1.0
0.2992992992992993,0.03553859285429601,0.4854705411890162,1.0,1.0,0.0005441702380970277,0.66,0.2,0.0,0.008544161582288996,0.02451623678430508,0.0006359212563592126,0.02254968986218865,0.027801231393308024,0.019107099141184993,0.0,0.0144682577242918,0.0,0.0,0.0,0.0,0.3403333333333334,0.4947684387885482,0.0,0.23622047244094488,0.7385925276217762,0.19083630832233936,0.6409484700472916,0.9533272920299138,0.3233333333333333,0.935497490940278,0.0,1.0
0.5335335335335335,0.004692222948215605,0.6963476406291655,0.0,1.0,0.0015077424000312673,0.6000000000000001,0.27999999999999997,0.0,0.0074181593182061235,0.005836927542307719,0.003290201282902013,0.007560387609987517,0.10236095778578508,0.021666506831104434,0.03571428571428571,0.011696301805151783,0.0,0.0,0.0,0.0,0.7151685393258427,0.4124550273007257,0.0,0.23622047244094488,0.6983186502511067,0.4430982166788807,0.39076065494656387,0.997766059232382,0.8239700374531835,0.7616913149894329,0.0,1.0
0.1111111111111111,0.00010711377769350783,0.09770727805918421,0.0,0.0,0.00017738145882720792,0.07333333333333333,0.08000000000000002,0.0,0.0005430513685797753,0.000437939677476304,0.00024883875248838755,0.000287856603126012,0.0029764427741200187,0.001257346843099213,0.0,0.0006084781285917113,0.0,0.0,0.0,0.0,0.030654761904761903,0.07379931214745315,0.0,0.047244094488188976,0.6032103163619977,0.51120820547328,0.2883186084355378,0.9860915093489888,0.6607142857142857,0.9469338273973467,0.0,1.0
0.035035035035035036,5.01995913369574e-05,0.0422553985603839,1.0,0.0,6.012930807701963e-06,0.1,0.6399999999999999,0.6666666666666666,0.00023352607506005332,0.00014145754974860463,0.0006635700066357001,0.00010656230019568713,0.0016996283632809107,0.0010617278641001213,0.0,0.00047326076668244207,0.08333333333333333,0.5527707983925667,0.0,1.0,0.054629629629629625,0.14833304497222605,0.0,0.08661417322834646,0.6415365055403228,0.4341956552925568,0.48007181831463885,0.9976186657050627,0.6111111111111112,0.9749960430435691,0.0,1.0
0.06406406406406406,0.0007705797141532952,0.2556651559584111,1.0,1.0,0.00014130387398099615,0.6266666666666667,0.15999999999999998,0.0,0.0024300161068587993,0.0018270286919955493,0.0025436850254368505,0.0011265157449258355,0.045768241761346966,0.009530063374729348,0.011904761904761904,0.004935433709688324,0.0,0.0,0.0,0.0,0.038974358974358976,0.1562069451393208,0.0,0.08661417322834646,0.9157879293080518,0.31330150361535436,0.2724549954730575,0.9954330209195428,0.7538461538461538,0.8615384615384616,0.0,1.0
0.044044044044044044,3.884872832764538e-05,0.039856038389762725,0.0,0.0,0.0004900538608277101,0.12000000000000001,0.27999999999999997,0.0,0.0003598833851686243,0.00032964118517868536,0.00019354125193541254,0.00019098178476629641,0.0013128163909480138,0.0007544542669776854,0.0,0.0002704347238185383,0.044444444444444446,0.4121608220220313,0.0,1.0,0.0022222222222222222,0.014757551700959366,0.0,0.007874015748031496,0.6125381474815645,0.5083276387586009,0.32254939828735374,0.9551810951743187,0.08888888888888889,0.5691665988829198,0.0,1.0
0.17817817817817816,8.393243774491286e-05,0.12036790189282857,1.0,0.0,1.0522628913478436e-05,0.2733333333333334,0.36000000000000004,0.0,0.00011392288658852511,0.00012323228111262762,5.529750055297501e-05,0.00013285689375046707,0.000860455276189989,0.0006184538965836277,0.0,0.0002704347238185383,0.0,0.0,0.0,0.0,0.13519553072625698,0.16423535658893473,0.0,0.08661417322834646,0.4168676493188075,0.33819627170344524,0.3377788707940974,0.736432495323343,0.1340782122905028,0.6814726561777389,0.0,1.0
0.10710710710710711,0.0005683425070155528,0.43854972007464676,1.0,1.0,1.0522628913478436e-05,0.5333333333333333,0.36000000000000004,0.0,0.001311875966855181,0.00042801252877907843,0.0033178500331785005,0.0005466507607441093,0.010490809552664931,0.002273375719330808,0.0,0.0010817388952741533,0.0,0.0,0.0,0.0,0.43024691358024686,0.27953420232122267,0.0,0.23622047244094488,0.9728366362335681,0.03749212523840874,0.9356467533390296,0.9974408161400534,0.7037037037037037,0.9132465189583668,0.0,1.0
0.05105105105105105,4.3964610247335304e-05,0.05771794188216475,0.0,1.0,4.509698105776473e-06,0.37333333333333335,0.36000000000000004,0.0,0.0001213374801392121,0.00015444919006471966,0.00013824375138243752,0.00010241052226598503,0.0021504581678647066,0.0013358912975333468,0.0,0.0006084781285917113,0.0,0.0,0.0,0.0,0.06025641025641026,0.14259314810298615,0.0,0.10236220472440945,0.5543244706819488,0.35894389024396467,0.37751096755804436,0.9838943637909319,0.75,0.8660254037844386,0.0,1.0
0.012012012012012012,4.2206025837441895e-05,0.032791255665155956,0.0,0.0,1.2025861615403927e-05,0.14666666666666667,0.27999999999999997,0.0,0.0004507731059395373,0.0002492366672683954,0.0012994912629949126,0.00018129430293032487,0.003895169511603997,0.0014174361758106967,0.0,0.0004056520857278075,0.0,0.0,0.0,0.0,0.035897435897435895,0.05423034589499375,0.0,0.023622047244094488,0.6493193501743946,0.16329858799948996,0.6675450360178345,0.7562386205185954,0.9230769230769231,0.5329387100211931,0.0,1.0
0.32432432432432434,0.0038076549900392183,0.4045587843241802,0.0,0.0,6.012930807701963e-06,0.4,0.2,0.0,0.0008186001814019498,0.0009875790889710759,0.0008294625082946251,0.0013437921232469117,0.014132973377936502,0.0044454057492914,0.0,0.002907173281049287,0.0,0.0,0.0,0.0,0.5831794871794872,0.5381124136541309,0.0,0.23622047244094488,0.9178542923480162,0.05703610839731356,0.8940359420243551,0.9954428253670349,0.0,0.0,0.0,0.0
0.023023023023023025,4.4604095487296545e-05,0.06291655558517728,1.0,0.0,3.0064654038509817e-06,0.0,0.2,0.0,0.00022531896500460616,0.00016350479546727167,2.7648750276487504e-05,8.995518847687875e-05,0.0006153826832568814,0.0004944076546070852,0.0,0.00020282604286390375,0.0,0.0,0.0,0.0,0.13472222222222224,0.20740358982087095,0.0,0.12598425196850394,0.987959557509476,0.0171227813393985,0.979403289044714,0.9995796693296013,0.625,0.9682458365518543,0.0,1.0
1.0,0.0007320507284456305,0.31418288456411625,1.0,1.0,0.000655409458039514,0.5066666666666667,0.12,0.0,0.0004999694202389661,0.0006704510701873523,0.00030413625304136254,0.0007833021027371287,0.004154360582855313,0.0015239705221647523,0.0,0.0012169562571834225,0.0,0.0,0.0,0.0,0.17603333333333332,0.3900466814778089,0.0,0.26771653543307083,0.676283657339595,0.47843742176100673,0.4284201697712833,0.9967690869858314,0.19,0.7846018098373213,0.0,1.0
0.022022022022022025,3.421246033792638e-05,0.05305251932817915,0.0,0.0,1.5032327019254909e-06,0.0,0.24,0.0,9.360639314289003e-05,9.56578254376278e-05,0.00013824375138243752,6.0892742968964074e-05,0.002109883485452165,0.0010309775184674452,0.0,0.0004056520857278075,0.0,0.0,0.0,0.0,0.049275362318840575,0.1361108462799057,0.0,0.05511811023622047,0.5137090143655012,0.43933085210691325,0.4680051331505206,0.9532941592224322,0.043478260869565216,0.4078622399846461,0.0,1.0
0.003003003003003003,4.971997740698647e-05,0.04105571847507331,0.0,0.0,1.6535559721180398e-05,0.32,0.27999999999999997,0.0,0.000201663177197729,0.00011444157176291385,0.0006359212563592126,7.334807675807036e-05,0.005802179584993453,0.0014567561948812164,0.0,0.0004056520857278075,0.0,0.0,0.0,0.0,0.025,0.07685346368351693,0.0,0.023622047244094488,0.4498169177654878,0.1513966693076434,0.4815833938073144,0.49488699878853826,0.5,1.0,0.0,1.0
0.1101101101101101,0.0009542718493321616,0.1446280991735537,1.0,1.0,2.4051723230807854e-05,0.13333333333333333,0.24,0.0,0.0003257223225191785,0.000600252417921021,0.00016589250165892502,0.0004428563125015569,0.0036115122723955977,0.0015679502495522036,0.0,0.000811304171455615,0.0,0.0,0.0,0.0,0.096996996996997,0.2476571846345973,0.0,0.12598425196850394,0.8825848741798925,0.186066716985434,0.5613770259698248,0.980251762545266,0.0,0.0,0.0,0.0
0.035035035035035036,9.736162778409891e-05,0.02799253532391362,0.0,0.0,1.9542025125031382e-05,0.4266666666666667,0.03999999999999998,0.0,0.000999362089841879,0.00047221651323451215,0.001963061269630613,0.00038057964355602545,0.010783848925644398,0.0035772068007708887,0.0,0.0011493475762287878,0.0,0.0,0.0,0.0,0.4981481481481482,0.4136499049798153,0.16666666666666666,0.2125984251968504,0.9617489255167362,0.05706881459637202,0.9439680907600945,0.9877010364997316,0.8333333333333334,0.7453559924999299,0.0,1.0
0.4864864864864865,0.0047943807152994134,0.9006931484937349,1.0,1.0,0.0007696551433858513,0.7200000000000001,0.39999999999999997,0.0,0.0014358523327759065,0.0017258988923963335,0.0009124087591240877,0.002340218826375415,0.044836107168263764,0.09960590072062174,0.0,0.1394091001284565,0.004106776180698152,0.12790481726815142,0.0,1.0,0.015674195756331277,0.18220740262136773,0.0,0.23622047244094488,0.8067933111963601,0.23503083141141917,0.7286519136113982,0.9952868412761982,0.15811088295687886,0.7296898838478577,0.0,1.0
0.31431431431431434,0.00015859233951038773,0.0418555051986137,0.0,0.0,3.0064654038509815e-05,0.16666666666666669,0.36000000000000004,0.0,0.00016002531240101773,0.0002664490452159078,5.529750055297501e-05,0.0003570529019543803,0.0028600642802796014,0.0012471257951703978,0.0,0.000811304171455615,0.0,0.0,0.0,0.0,0.17216931216931217,0.40273953863844286,0.0,0.2204724409448819,0.6125980904906605,0.5155146032719643,0.24856782397989274,0.9951507773326513,0.0,0.0,0.0,0.0
0.05205205205205205,6.075109779631788e-05,0.05825113303119168,0.0,0.0,9.019396211552945e-05,0.0,0.08000000000000002,0.0,0.000745901147889025,0.00043395454205581024,0.0015483300154833003,0.00039165105136856437,0.00421976697090433,0.002517562442619859,0.0,0.0013521736190926915,0.0,0.0,0.0,0.0,0.018867924528301886,0.06243082258287388,0.0,0.031496062992125984,0.684959235695918,0.3471961035589175,0.5537422659835496,0.9757130555488507,0.37735849056603776,0.9694515153709532,0.0,1.0
0.2012012012012012,0.0003808134603969189,0.09477472673953612,0.0,0.0,4.359374835583923e-05,1.0,0.32,0.3333333333333333,0.0004669196509408772,0.00135180935584034,8.294625082946251e-05,0.0015209346482475345,0.006789229037346076,0.0031589184047123324,0.0,0.0022986951524575755,0.0,0.0,0.0,0.0,0.14323432343234324,0.40009123572040306,0.0,0.23622047244094488,0.4876715706289314,0.8472396268864681,0.12486424987632905,0.9911261086995014,0.1485148514851485,0.7112192077650682,0.0,1.0
0.09309309309309309,7.945604106518416e-05,0.06491602239402826,0.0,0.0,0.00010823275453863534,0.5,0.2,0.0,0.00016788973807093264,0.000265431427297564,0.0,0.00014254437558643864,0.0010324961737319105,0.0007261699420073319,0.0,0.0004056520857278075,0.0,0.0,0.0,0.0,0.08581560283687943,0.11201569251088679,0.0,0.07086614173228346,0.47332332840540836,0.5113971593069537,0.2929106432719282,0.9976182143892265,0.20212765957446807,0.8031738760926329,0.0,1.0
0.18518518518518517,0.00018688956137867264,0.07811250333244468,0.0,1.0,1.0522628913478436e-05,0.9866666666666667,0.08000000000000002,0.6666666666666666,0.0005068057093161957,0.0006521270729154824,8.294625082946251e-05,0.00041102601504050746,0.007849674042649989,0.0027190376046663887,0.0,0.0013521736190926915,0.0,0.0,0.0,0.0,0.4141577060931899,0.548840445797284,0.0,0.25196850393700787,0.7478851031254257,0.4035646807890881,0.3897896548121622,0.9948720093964569,0.45161290322580644,0.9953063626155814,0.0,1.0
0.5115115115115115,6.602685102599812e-05,0.10877099440149293,0.0,0.0,0.00032620149631783154,0.006666666666666667,0.2,0.0,0.00023358264980767818,0.00023645910644037936,5.529750055297501e-05,0.00018959785878972904,0.0018997193101434533,0.0012071168292295846,0.0,0.001757825704820499,0.0,0.0,0.0,0.0,0.012239583333333333,0.053772560269633604,0.0,0.07086614173228346,0.47238391093350884,0.5743906325933126,0.20095589548149206,0.9972875503193164,0.689453125,0.9254350618551999,0.0,1.0
0.09109109109109109,0.0036170883885307684,0.10770461210343908,1.0,0.0,9.92133583270824e-05,0.76,0.44,0.0,0.005233985994520872,0.004546545784446708,0.0027648750276487504,0.004950303218181466,0.01763587391644255,0.0043747213404397535,0.0,0.002704347238185383,0.010869565217391304,0.20737808726455337,0.0,1.0,0.0358695652173913,0.18590981237435913,0.0,0.11023622047244094,0.9422132731112534,0.11890457915704829,0.8677123674751073,0.9952768085770183,0.11956521739130435,0.6489048502869261,0.0,1.0
0.19419419419419418,7.721784272531983e-05,0.10997067448680352,0.0,0.0,0.0,0.9266666666666667,0.24,0.0,0.00015326722324180705,0.00013688610904202532,0.00013824375138243752,9.410696640658084e-05,0.0030295762868031086,0.001873559363008475,0.0,0.002095869109593672,0.0,0.0,0.0,0.0,0.0,0.0,0.0,0.0,0.7068168601045866,0.36802633388393113,0.5687244505600182,0.9979798169378933,0.6923076923076923,0.9230769230769231,0.0,1.0
1.0,0.001256428625213848,0.7002132764596107,1.0,1.0,0.00037430494277944723,0.5,0.24,0.0,0.0002726942664140851,0.000502798711322351,2.7648750276487504e-05,0.0010254891486364177,0.002044477097403148,0.0009911742315704172,0.0,0.0007436954905009804,0.0,0.0,0.0,0.0,0.43683333333333335,0.7320638647948384,0.0,0.25196850393700787,0.7581084956647306,0.36284684631645847,0.6534018853191954,0.9984665325366366,0.216,0.8230285535751479,0.0,1.0
0.04004004004004004,0.000641083953061144,0.6488936283657691,0.0,0.0,3.0064654038509815e-05,0.29333333333333333,0.52,0.5,0.0007839558693956824,0.0008107250012176338,0.0007741650077416501,0.00043593668261872006,0.006020887019461056,0.0017681173111896043,0.0,0.0007436954905009804,0.0,0.0,0.0,0.0,0.03414634146341464,0.10329094681987416,0.0,0.05511811023622047,0.8972935146805732,0.13056444337773337,0.8579060571891235,0.9927470484346292,0.2926829268292683,0.9099882003013477,0.0,1.0
0.16716716716716715,0.0020348420335566685,0.24753399093575046,1.0,1.0,0.00011274245264441182,0.5066666666666667,0.15999999999999998,0.0,0.00083995564411507,0.001348364890811957,0.0005806237558062375,0.0013119618257858624,0.008200916166668236,0.004107506724695669,0.0,0.0027719559191400176,0.0,0.0,0.0,0.0,0.08571428571428572,0.1995416180592788,0.0,0.12598425196850394,0.7719671334794702,0.2914876744844478,0.6636163192574687,0.995342052246925,0.5178571428571429,0.9993620414023731,0.0,1.0
0.03803803803803804,5.787341421649229e-05,0.06971474273527059,0.0,0.0,1.0522628913478436e-05,0.5066666666666667,0.24,0.0,0.00034352363154980235,0.0002249692945123483,0.0006912187569121876,0.00021312460039137426,0.0054099576550055515,0.0027248002793251814,0.0,0.0014873909810019608,0.0,0.0,0.0,0.0,0.13076923076923075,0.27987168630474185,0.0,0.15748031496062992,0.7401624527929096,0.16184371642486628,0.7169895909219539,0.955806473673328,0.5384615384615384,0.9970370305242863,0.0,1.0
0.3633633633633634,0.000688565732128266,0.3208477739269528,0.0,0.0,0.0,0.8466666666666667,0.76,0.0,0.008624688663896773,0.01710975865327228,0.00013824375138243752,0.013588769163914959,0.0032401782098015392,0.0009532049032282808,0.0,0.0006084781285917113,0.0,0.0,0.0,0.0,0.2782051282051282,0.47692126784634764,0.0,0.1889763779527559,0.7981629234959611,0.25275820807451477,0.7094933824190504,0.9933672186451288,0.5357142857142857,0.9974457174120672,0.0,1.0
0.12012012012012012,0.0003056739447014731,0.0942415355905092,1.0,0.0,6.764547158664709e-05,0.29333333333333333,0.32,0.0,0.001175695925674252,0.0021917857764395224,0.0005529750055297501,0.0015666042054742577,0.013095227252682445,0.005069868466617909,0.0,0.0031099993239131906,0.008264462809917356,0.18106530826617062,0.0,1.0,0.046556473829201105,0.1938413997493925,0.0,0.2047244094488189,0.8888558395752595,0.21136701966056246,0.6733612814017222,0.9982234600518742,0.6859504132231405,0.9282724682379485,0.0,1.0
0.012012012012012012,2.6698508768381805e-05,0.03479072247400693,1.0,0.0,1.0522628913478436e-05,0.5333333333333333,0.12,0.0,0.00033624492760922476,0.00012794792617665452,0.0008294625082946251,0.00011624978203165869,0.0035705720523036637,0.0011619518965937808,0.0,0.0003380434047731729,0.0,0.0,0.0,0.0,0.017948717948717947,0.05498884910777316,0.0,0.023622047244094488,0.8207827392811398,0.2876116267855969,0.6368500106235322,0.9519408860914149,1.0,0.0,1.0,1.0
0.023023023023023025,4.428435286731593e-05,0.04038922953878966,0.0,0.0,3.457435214428629e-05,0.0,0.08000000000000002,0.0,0.0001753521479023248,0.00013851220096216437,0.00041473125414731257,8.441948457060928e-05,0.0027252661687090464,0.001497987011679378,0.0,0.0005408694476370766,0.0,0.0,0.0,0.0,0.006944444444444445,0.034068028078383626,0.0,0.015748031496062992,0.3674808011668702,0.19946782487388043,0.40165285646813054,0.5718193338714155,0.125,0.6614378277661477,0.0,1.0
0.01801801801801802,0.0003429239599292154,0.4629432151426286,1.0,0.0,1.5032327019254909e-06,0.9733333333333334,0.08000000000000002,0.0,0.0027409379465511926,0.0014612741672402245,0.0051150188011501885,0.0011154443371132966,0.032203484777954094,0.007015706266800809,0.011904761904761904,0.002569129876276114,0.0,0.0,0.0,0.0,0.9333333333333333,0.09403410011439255,0.8333333333333334,0.23622047244094488,0.9842180118706008,0.015357995179028286,0.9793781132160975,0.994952431803596,1.0,0.0,1.0,1.0
0.04904904904904905,5.675431504656012e-05,0.05558517728605705,1.0,0.0,9.019396211552946e-06,0.7733333333333334,0.27999999999999997,0.16666666666666666,9.680527695989807e-05,0.0001227662056454337,0.0,9.687481835971557e-05,0.0,0.0,0.0,0.0,1.0,0.0,1.0,1.0,0.05466666666666666,0.14814574341558825,0.0,0.07086614173228346,0.4457441692200863,0.3920225853648163,0.30941796215420325,0.8744053232983102,0.0,0.0,0.0,0.0
1.0,0.0009195797750642643,0.08704345507864569,1.0,0.0,0.0002299946033946001,0.6666666666666667,0.15999999999999998,0.0,0.00025886576874183635,0.0005364557624317956,0.0,0.0005964720959005344,0.0019600817579850612,0.0011750686340789983,0.0,0.0011493475762287878,0.0,0.0,0.0,0.0,0.1583,0.3123161538675475,0.0,0.19685039370078738,0.5487697394496998,0.5949786767477083,0.35305894823602646,0.9963333285763598,0.679,0.9337215859130602,0.0,1.0
0.14814814814814814,0.0011760133562887219,0.1906158357771261,0.0,0.0,1.5032327019254909e-06,0.5533333333333333,0.08000000000000002,0.0,0.001083443116941052,0.001102691000526253,0.0007741650077416501,0.0008995518847687874,0.005947322576442344,0.00229938198154901,0.0,0.00162260834291123,0.0,0.0,0.0,0.0,0.3568232662192394,0.31391693861041164,0.03333333333333333,0.22834645669291337,0.913732730569226,0.14935757462167534,0.7861604375437441,0.9976818862350116,0.2483221476510067,0.8640792987614003,0.0,1.0
0.012012012012012012,2.8297221868284907e-05,0.02852572647294055,1.0,0.0,4.509698105776473e-06,0.46,0.27999999999999997,0.0,0.0003046048472144691,0.00017875520878957884,0.0008571112585711126,0.00011486585605509132,0.018664353909769154,0.007805943407263759,0.0,0.0020282604286390375,0.0,0.0,0.0,0.0,0.005128205128205128,0.021345657794673043,0.0,0.007874015748031496,0.7017753371525979,0.4272981424765841,0.42729637971120127,0.9045444179573918,0.5384615384615384,0.9970370305242863,0.0,1.0
0.013013013013013013,0.0001095118473433625,0.11783524393495068,0.0,1.0,1.5032327019254909e-06,0.8666666666666667,0.36000000000000004,0.0,0.0006696753522923888,0.0005298728196907387,0.0016312762663127627,0.0003418297162121393,0.018084715589589986,0.0038961617189230903,0.023809523809523808,0.0015549996619565953,0.0,0.0,0.0,0.0,0.2142857142857143,0.3533574309244421,0.0,0.14173228346456693,0.9876055160188439,0.03820047639518544,0.9447742744873056,0.997162707021233,0.42857142857142855,0.9897433186107869,0.0,1.0
0.0980980980980981,0.0010808899268444873,0.4261530258597707,1.0,1.0,0.00010071659102900788,0.76,0.12,0.0,0.001238772706699977,0.0004231468229655218,0.002239548772395488,0.0004442402384781242,0.008290350261019113,0.002040515112087382,0.0,0.0010141302143195188,0.0,0.0,0.0,0.0,0.9663299663299663,0.09382418957780045,0.6333333333333333,0.2440944881889764,0.938823197737169,0.11516700306807703,0.8017679400605564,0.9967122678782134,0.8484848484848485,0.7171005797696506,0.0,1.0
1.0,0.0011656217211393517,0.46387629965342575,1.0,0.0,0.0002796012825581413,0.9933333333333334,0.32,0.16666666666666666,0.0006943562702157716,0.0015096039625057058,0.0,0.001738211026568611,0.00980462855689621,0.004245892490625749,0.0,0.005138259752552228,0.0,0.0,0.0,0.0,0.03816666666666667,0.15279307021178168,0.0,0.2125984251968504,0.3557944350673168,0.6897570112798451,0.19524858494556963,0.9926947736106131,0.106,0.6156752390668314,0.0,1.0
0.07607607607607607,8.681012132473844e-05,0.060383897627299385,1.0,0.0,4.96066791635412e-05,0.23333333333333334,0.15999999999999998,0.0,0.0005446689655196572,0.0005115890231384127,0.0005529750055297501,0.00031691904863392667,0.0029867181807050123,0.001179698945027816,0.0,0.0005408694476370766,0.0,0.0,0.0,0.0,0.05757575757575758,0.11546012702608227,0.0,0.07086614173228346,0.6010660707386801,0.5801830732924239,0.3830432503639356,0.988281278227503,0.7532467532467533,0.8622437752050821,0.0,1.0
0.004004004004004004,1.0231763839379853e-05,0.02066115702479339,1.0,0.0,0.0,0.9400000000000001,0.48000000000000004,0.0,0.00031405230783938207,0.00010181949331186024,0.001161247511612475,9.96426703128503e-05,0.005907673759266061,0.000988878896578579,0.011904761904761904,0.0003380434047731729,0.0,0.0,0.0,0.0,0.013333333333333334,0.028983256175087405,0.0,0.007874015748031496,0.999724830310849,0.0018582111485929947,0.9990166399014484,0.9989204680805086,1.0,0.0,1.0,1.0
0.001001001001001001,1.7585844098934123e-05,0.010263929618768328,0.0,0.0,9.019396211552946e-06,0.0,0.15999999999999998,0.0,0.0002306294479816602,0.00026115331825682776,0.00033178500331785003,9.410696640658084e-05,0.00421976697090433,0.0006728468650066601,0.011904761904761904,0.00020282604286390375,0.0,0.0,0.0,0.0,0.0,0.0,0.0,0.0,0.5448411333144811,0.644607789113895,0.4027392922513142,0.7918555481804317,0.0,0.0,0.0,0.0
0.04004004004004004,6.011161255635664e-05,0.045587843241802185,0.0,0.0,2.1045257826956873e-05,0.15333333333333335,0.08000000000000002,0.0,0.00043621932110663527,0.00041646763932152433,0.00047002875470028755,0.00025187452773526046,0.003705161242745265,0.0014918581486267773,0.0,0.0006760868095463458,0.0,0.0,0.0,0.0,0.027642276422764227,0.07719559386724553,0.0,0.03937007874015748,0.4150235607656132,0.47308412530549493,0.2834998307322323,0.9308497453948394,0.5365853658536586,0.9973194292810182,0.0,1.0
0.40240240240240244,0.0007469187602747293,0.18968275126632897,1.0,1.0,3.3071119442360796e-05,0.9933333333333334,0.48000000000000004,0.0,0.0006346478303054252,0.0012292281106894053,0.00033178500331785003,0.001136203226761807,0.00972745289322611,0.004837340271057706,0.0,0.005003042390642959,0.0,0.0,0.0,0.0,0.5954507857733664,0.39251805935273343,0.13333333333333333,0.2440944881889764,0.7491484974112117,0.35874202565832713,0.5788229676213978,0.9979657950217158,0.9826302729528535,0.2612892621555967,0.0,1.0
0.2982982982982983,0.00010375648018371132,0.15249266862170088,1.0,1.0,6.012930807701963e-06,0.9866666666666667,0.32,0.0,0.0012497771692089386,0.0027040235104245115,8.294625082946251e-05,0.0013230332335984014,0.003168353461431512,0.0010373822620206232,0.0,0.0005408694476370766,0.0,0.0,0.0,0.0,0.8750278706800446,0.3600167210802856,0.0,0.25984251968503935,0.9002956501425148,0.1794724047932901,0.8200955633760936,0.9986947064112401,0.10033444816053512,0.6008908275980122,0.0,1.0
0.09409409409409408,3.245387592803297e-05,0.044921354305518524,0.0,0.0,1.5032327019254909e-06,0.0,0.12,0.0,7.939502367818785e-05,9.898034036667766e-05,2.7648750276487504e-05,6.504452089866617e-05,0.0005552324961716224,0.0006034772995769538,0.0,0.0004056520857278075,0.0,0.0,0.0,0.0,0.002807017543859649,0.018536801965552713,0.0,0.015748031496062992,0.7508539930540987,0.37155699142093795,0.6241877550147548,0.9805895491053391,0.43157894736842106,0.9905928720857763,0.0,1.0
0.11411411411411411,0.00013509125694181214,0.17128765662490003,1.0,0.0,4.058728295198825e-05,0.7133333333333334,0.27999999999999997,0.0,0.0004979755332865696,0.000195987899891843,0.0012441937624419377,0.0002200442302742111,0.0025318601825425977,0.001734713076452998,0.0,0.0007436954905009804,0.6869565217391305,0.9274637652851052,0.0,1.0,0.05420289855072463,0.37817406373271234,0.0,0.22834645669291337,0.9310732074192263,0.19402826348439997,0.7323710217584294,0.997348867022688,0.5565217391304348,0.9935900422320487,0.0,1.0
0.055055055055055056,6.123071172628881e-05,0.060383897627299385,0.0,0.0,8.568426400975299e-05,0.0,0.2,0.0,0.0003392529634214022,0.0003736041074060551,0.0003594337535943375,0.0002601780835946646,0.006216620983921558,0.0017820901759659751,0.0,0.0007436954905009804,0.0,0.0,0.0,0.0,0.014285714285714285,0.03849927623678949,0.0,0.023622047244094488,0.6390867154304773,0.45566477644183795,0.4677845364952864,0.9532618097332417,0.25,0.8660254037844386,0.0,1.0
0.01001001001001001,3.261374723802328e-05,0.07424686750199946,0.0,0.0,3.457435214428629e-05,0.0,0.12,0.0,0.0002485358699208177,0.00029320232698411367,0.00047002875470028755,0.00015361578339897756,0.0032607290229715274,0.001124558100418572,0.0,0.0004056520857278075,0.0,0.0,0.0,0.0,0.051515151515151514,0.0850391427916491,0.0,0.031496062992125984,0.52826922647548,0.3314918737929531,0.5009103295111981,0.7604427001657967,0.0,0.0,0.0,0.0
0.029029029029029027,0.0001048755793536435,0.11250333244468141,1.0,0.0,3.9084050250062765e-05,0.34,0.32,0.0,0.0008622872595432532,0.00016145156381028813,0.002737226277372263,0.0002740173433603383,0.015683467241861093,0.004468849218230398,0.0,0.0013521736190926915,0.16666666666666666,0.7453559924999299,0.0,1.0,0.01888888888888889,0.04992859149832304,0.0,0.023622047244094488,0.9449747848145469,0.10453747077399379,0.8714482763930791,0.997789750720055,0.03333333333333333,0.35901098714230023,0.0,1.0
0.08908908908908908,7.705797141532951e-05,0.07944548120501199,0.0,0.0,6.012930807701963e-05,0.16,0.2,0.0,0.0003211973212994184,0.0003483996135692973,0.00013824375138243752,0.000215892452344509,0.0012424869414329417,0.0007565626668043007,0.0,0.0004056520857278075,0.0,0.0,0.0,0.0,0.025925925925925925,0.06761481732075264,0.0,0.05511811023622047,0.6642016334166234,0.5194337783404762,0.4205506126791594,0.9963862674052875,0.4777777777777778,0.9990118574661788,0.0,1.0
0.01001001001001001,2.7178122698352736e-05,0.023860303918954943,0.0,0.0,6.012930807701963e-06,0.04,0.0,0.0,7.684488309242549e-05,5.556058786380828e-05,0.00011059500110595002,3.59820753907515e-05,0.0007672303583462418,0.0005190268155778024,0.0,0.00013521736190926916,0.0,0.0,0.0,0.0,0.10606060606060605,0.17625888160812925,0.0,0.07874015748031496,0.2842540232880033,0.1306889229466592,0.3192874484044843,0.3405255440120891,0.0,0.0,0.0,0.0
0.009009009009009009,0.00016067066654026178,0.061183684350839776,0.0,1.0,1.5032327019254909e-06,0.0,0.12,0.5,0.0007607122033276012,0.0005585927959404335,0.0006912187569121876,0.00028093697324317515,0.005485697062175629,0.001051020401870615,0.0,0.0003380434047731729,0.0,0.0,0.0,0.0,0.07,0.08133406092020792,0.0,0.031496062992125984,0.9557274441004058,0.16752359406735848,0.8358328244099802,0.9978970134506495,0.1,0.6000000000000001,0.0,1.0
0.9279279279279279,0.0007202202515063475,0.11223673687016796,1.0,1.0,0.0003577693830582668,0.92,0.32,0.0,0.0006361946953413314,0.0008368721642117722,0.0,0.0009133911445344611,0.003965125860591137,0.0017423046515853797,0.0,0.0010141302143195188,0.0010775862068965517,0.0656178333949928,0.0,1.0,0.8182830459770115,0.5429563195564311,0.0,0.25196850393700787,0.6757008214336642,0.49896384677660316,0.17348252344759718,0.9987610342766642,0.8782327586206896,0.6540335780559989,0.0,1.0
0.43243243243243246,0.0002505183427548161,0.2751266328978939,1.0,0.0,7.516163509627454e-06,0.09333333333333334,0.36000000000000004,0.0,0.00027997245336324833,0.00015945440087209724,0.00019354125193541254,0.00019790141464913325,0.004039476696165923,0.001461110164303372,0.0,0.0014197823000473263,0.0,0.0,0.0,0.0,0.5744418783679754,0.6070440603117214,0.0,0.25196850393700787,0.905036347873799,0.17368215952343719,0.7564664932621668,0.9953494808018517,0.8060046189376443,0.7908506134253853,0.0,1.0
0.14614614614614613,0.0007434015914549425,0.46187683284457476,1.0,1.0,3.758081754813727e-05,1.0,0.32,0.16666666666666666,0.0014777160774874002,0.0011079768687636492,0.0012165450121654502,0.0008870965509796811,0.010664241018305841,0.003546314782678285,0.0,0.0016902170238658645,0.0,0.0,0.0,0.0,0.9056689342403628,0.24692572279927275,0.0,0.3464566929133858,0.9324308026151602,0.11807637779548096,0.8715742399621433,0.9951454289806057,0.564625850340136,0.9916118181381549,0.0,1.0
0.03403403403403404,0.0011515530458602043,0.14356171687549987,1.0,0.0,5.261314456739218e-05,0.32,0.27999999999999997,0.0,0.0023739679644452323,0.0014623471775179837,0.005170316301703164,0.001511247166411563,0.0784273832735219,0.018935921026974844,0.03571428571428571,0.007639780947873707,0.0,0.0,0.0,0.0,0.002857142857142857,0.016561860671478516,0.0,0.007874015748031496,0.8762657492772625,0.37393909680316606,0.2904558902280847,0.9965026394532339,0.7428571428571429,0.8741176309016204,0.0,1.0
0.022022022022022025,3.788950046770352e-05,0.032791255665155956,0.0,0.0,8.11745659039765e-05,0.0,0.39999999999999997,0.0,0.00039233680314065003,0.000329614604478436,0.0007465162574651626,0.0001923657107428638,0.011099821814770086,0.005020315912648459,0.0,0.0022986951524575755,0.0,0.0,0.0,0.0,0.034782608695652174,0.09472040871530342,0.0,0.047244094488188976,0.6479768693475432,0.48749652537847316,0.4555842725382897,0.9796435132979093,0.08695652173913043,0.5635426694267706,0.0,1.0
0.17717717717717718,0.00019136595805840134,0.21394294854705412,0.0,1.0,0.0,0.3666666666666667,0.08000000000000002,0.0,0.0015058288362796474,0.0031740296182330894,0.00019354125193541254,0.0014586579793020031,0.004314593194969596,0.001245211489894648,0.0,0.0006084781285917113,0.0,0.0,0.0,0.0,0.9307116104868914,0.356157152490025,0.0,0.2440944881889764,0.909591412541995,0.13996592056555276,0.8407248585401463,0.9954321857258668,0.6629213483146067,0.9454239985601183,0.0,1.0
0.006006006006006006,3.836911439767445e-05,0.03732338043188483,0.0,0.0,7.516163509627454e-06,0.0,0.15999999999999998,0.0,0.000353115393010855,0.00022414863001663635,0.0008294625082946251,0.00014669615351614072,0.0069324743093428275,0.0014257045435169865,0.0,0.00047326076668244207,0.0,0.0,0.0,0.0,0.05714285714285714,0.10351162919674073,0.0,0.031496062992125984,0.7712458518522167,0.16617680478917563,0.7306737259847695,0.9031078640856025,0.14285714285714285,0.6998542122237652,0.0,1.0
0.022022022022022025,0.0002514775706147579,0.12503332444681417,1.0,1.0,4.96066791635412e-05,0.54,0.36000000000000004,0.0,0.001032617327773286,0.001131451087033545,0.0006635700066357001,0.0006670523207054701,0.005228841681337974,0.002070239341238638,0.0,0.0008789128524102495,0.0,0.0,0.0,0.0,0.18695652173913044,0.24157278778113891,0.0,0.10236220472440945,0.5832371157042502,0.46871768924821894,0.5066505704024253,0.9952835471893424,1.0,0.0,1.0,1.0
0.14014014014014015,0.0032914305300805065,0.5186616902159424,1.0,1.0,0.0007696551433858513,0.5800000000000001,0.27999999999999997,0.0,0.008256012105304964,0.007263093902317714,0.004949126299491263,0.004846508769938913,0.12303164551338795,0.02895700086474058,0.05952380952380952,0.013454127509972281,0.0,0.0,0.0,0.0,0.3964539007092198,0.6548943531888032,0.0,0.2992125984251969,0.7312161591120265,0.3522654113340352,0.5826844179785118,0.989766584584765,0.9078014184397163,0.5786121433864153,0.0,1.0
0.002002002002002002,5.147856181687988e-05,0.05211943481738203,0.0,0.0,1.8038792423105892e-05,0.0,0.32,0.0,0.0002518713798898764,0.00019036948233152397,0.0006912187569121876,9.96426703128503e-05,0.0035164724757536085,0.0006343661079284251,0.011904761904761904,0.00020282604286390375,0.0,0.0,0.0,0.0,0.03333333333333333,0.08366745377339299,0.0,0.023622047244094488,0.6040909405023642,0.01727383717866585,0.6594242820723473,0.596163688809555,0.0,0.0,0.0,0.0
1.0,0.0022482702323937324,0.26499600106638227,1.0,1.0,0.00017136852801950597,0.9533333333333334,0.39999999999999997,0.0,0.0005848521801441981,0.0008232170666990603,0.00030413625304136254,0.000909239366604759,0.003455989149170646,0.002463111794729683,0.0,0.0028395646000946525,0.001,0.06321392251711644,0.0,1.0,0.5443333333333332,0.5618165169217989,0.0,1.0,0.8115301057717463,0.288038384916418,0.6951209814017529,0.9976180743256906,0.915,0.5577633906953737,0.0,1.0
0.04904904904904905,8.329295250495161e-05,0.09037589976006398,0.0,0.0,0.00012476831425981574,0.05333333333333334,0.15999999999999998,0.0,0.00017281277149693353,0.00022486899066385296,0.00011059500110595002,0.00018406215488345957,0.0015191161095255586,0.0007375580256123226,0.0,0.0002704347238185383,0.0,0.0,0.0,0.0,0.06733333333333333,0.15896375855825537,0.0,0.06299212598425197,0.5081834770642066,0.4353432460764612,0.43415968459904253,0.9766949994967824,0.08,0.5425863986500215,0.0,1.0
0.006006006006006006,5.595495849660857e-05,0.045854438816315644,0.0,0.0,3.0064654038509817e-06,0.14,0.32,0.0,0.0007470566756723193,9.214211847587271e-05,0.0030966600309666006,0.00019790141464913325,0.006631062382849661,0.001161434229009208,0.0,0.0003380434047731729,0.0,0.0,0.0,0.0,0.0047619047619047615,0.020702325839348147,0.0,0.007874015748031496,0.8957823179914408,0.155561553089109,0.863712175676155,0.9998239401357241,0.8571428571428571,0.6998542122237652,0.0,1.0
0.5775775775775776,0.00016067066654026178,0.13516395627832578,0.0,0.0,0.00047201506840460414,0.0,0.2,0.0,0.0002376354767975661,0.0004232109663869293,0.0,0.0003086154927745225,0.003135622688587214,0.0014413549551585741,0.0,0.0012169562571834225,0.0,0.0,0.0,0.0,0.026585928489042676,0.06736127750058356,0.0,0.07086614173228346,0.2680912377446649,0.6227594113178331,0.11283211182512076,0.9762318093844842,0.33217993079584773,0.9419902852414425,0.0,1.0
0.40740740740740744,0.008389246991741529,0.2087443348440416,1.0,0.0,1.3529094317329417e-05,0.26,0.39999999999999997,0.0,0.004768039575608687,0.005443754288580114,0.008101083831010839,0.006320389934983158,0.0774296211462629,0.03884043187942874,0.0,0.015888040024339127,0.0024509803921568627,0.0988933382442746,0.0,1.0,0.008905228758169934,0.03680229456343122,0.0,0.031496062992125984,0.576049137958055,0.337376849930972,0.5136344355963152,0.9766296002007246,0.29901960784313725,0.9156568832668134,0.0,1.0
0.16216216216216214,0.00016978333120970946,0.3352439349506798,1.0,0.0,9.019396211552946e-06,0.4733333333333334,0.36000000000000004,0.0,0.00014817331519795422,0.00026511266468989646,0.0,0.00027678519531347306,0.004983467128215236,0.0016778966032338057,0.0,0.000811304171455615,0.0,0.0,0.0,0.0,0.0038854805725971366,0.023982575253072843,0.0,0.023622047244094488,0.7505331747618555,0.37750053874345213,0.5359206920198716,0.9942342223057006,0.4110429447852761,0.9840460199147691,0.0,1.0
0.30130130130130134,0.00023868786581553316,0.20394561450279924,1.0,0.0,0.0001818911569329844,0.4866666666666667,0.2,0.0,0.00033343093482343986,0.0004175924948599533,8.294625082946251e-05,0.0003791957175794581,0.011401754464430243,0.00719745550691916,0.0,0.007504563585964438,0.0,0.0,0.0,0.0,0.022737306843267108,0.07531944071951789,0.0,0.05511811023622047,0.7181408467172776,0.7588009994745695,0.2905009737038764,0.9980340889641761,0.029801324503311258,0.3400776708998084,0.0,1.0
0.04904904904904905,5.643457242657951e-05,0.04892028792322047,1.0,1.0,3.0064654038509817e-06,0.0,0.36000000000000004,0.0,0.0005365132674599736,0.00027909997612558346,0.0006359212563592126,0.00020482104453197007,0.0040931739617772,0.0017202261444551014,0.0,0.0006760868095463458,0.0,0.0,0.0,0.0,0.004,0.01922531718710322,0.0,0.007874015748031496,0.7666546077868857,0.33306185584613507,0.538012016527686,0.982478606760413,0.78,0.8284926070883192,0.0,1.0
0.003003003003003003,1.8704943268866295e-05,0.029992002132764595,1.0,1.0,1.5032327019254909e-06,0.9933333333333334,0.39999999999999997,0.0,0.0036327179515543797,0.0009415882226472388,0.01473678389736784,0.0010946854474647861,0.004747237842267371,0.0018655581798948733,0.0,0.00047326076668244207,0.0,0.0,0.0,0.0,0.2,0.1508336473337407,0.1,0.07086614173228346,0.9989201746166865,0.0029898223909425557,0.9975870842528396,0.9984238754087338,0.0,0.0,0.0,0.0
0.01901901901901902,0.0016871219343277436,0.07291388962943215,1.0,0.0,0.0,0.37333333333333335,0.15999999999999998,0.16666666666666666,0.0016873432057055602,0.0017711558109584098,0.0033731475337314756,0.0010351766304723894,0.036079007601232026,0.019441548938066773,0.0,0.00649043337164492,0.45,0.9949874371066201,0.0,1.0,0.0033333333333333335,0.017748547178333452,0.0,0.007874015748031496,0.8610049165441742,0.17327785011341376,0.8181759191080191,0.9860412472898545,0.25,0.8660254037844386,0.0,1.0
0.03303303303303303,3.0055806278178323e-05,0.024660090642495334,1.0,0.0,9.019396211552946e-06,0.11333333333333334,0.27999999999999997,0.0,0.00016809638105399696,0.00015927156555947648,2.7648750276487504e-05,8.026770664090719e-05,0.0030407144349163555,0.0011675872069233219,0.0,0.0004056520857278075,0.0,0.0,0.0,0.0,0.032352941176470584,0.12466607022624934,0.0,0.09448818897637795,0.7355486116517502,0.37159082838173213,0.5588359769057947,0.9604974401080408,0.029411764705882353,0.33791544979635457,0.0,1.0
0.7317317317317318,0.003166890779598055,0.33924286856838176,1.0,1.0,0.0004344342508564669,0.7466666666666667,0.27999999999999997,0.0,0.0032496350632960722,0.0029978382872168797,0.0017418712674187127,0.0024177186810631873,0.08837587096646014,0.019029481576797704,0.0,0.018119126495842068,0.0,0.0,0.0,0.0,0.014617486338797813,0.05294456320539663,0.0,0.05511811023622047,0.7407236871008545,0.317525932512216,0.45773057946859375,0.9953631292152663,0.9918032786885246,0.18032786885245902,0.0,1.0
0.2782782782782783,0.0023895964704251666,0.889229538789656,1.0,1.0,7.816810050012553e-05,0.9666666666666667,0.56,0.0,0.001094198075675506,0.0011269560752267735,0.00024883875248838755,0.0011915602658245017,0.006412835826750666,0.0027641300792857247,0.0,0.0027719559191400176,0.0,0.0,0.0,0.0,0.4209080047789725,0.6551053125301198,0.0,0.2440944881889764,0.7889993877273787,0.5781270065301227,0.22991380136518558,0.9982180183241391,0.5663082437275986,0.9911674264497626,0.0,1.0
0.014014014014014014,3.13347767581008e-05,0.026392961876832842,0.0,0.0,4.6600213759690214e-05,0.06666666666666667,0.15999999999999998,0.0,0.00018775936722144205,0.000245605062810909,8.294625082946251e-05,0.0001231694119144955,0.0043604258699344745,0.0018132220857129085,0.0,0.00047326076668244207,0.0,0.0,0.0,0.0,0.04444444444444444,0.10944493259789088,0.0,0.047244094488188976,0.47049056805510947,0.6940145089856686,0.25204295369524754,0.9291838971401614,0.4666666666666667,0.9977753031397176,0.0,1.0
0.024024024024024024,7.913629844520355e-05,0.0841109037589976,0.0,0.0,7.516163509627454e-05,0.0,0.24,0.0,0.0006259611116407531,0.0005404449500892163,0.0008571112585711126,0.000318302974610494,0.0015191161095255586,0.0005554961126736321,0.0,0.00013521736190926916,0.0,0.0,0.0,0.0,0.076,0.11775432467507928,0.0,0.07086614173228346,0.7124776825166137,0.40753231816360547,0.5836962254125835,0.9834088620761632,0.52,0.9991996797437438,0.0,1.0
0.4574574574574575,0.0006391654973412602,0.18181818181818182,0.0,1.0,0.0,0.7466666666666667,0.24,0.0,0.007463393421490392,0.01832005365286818,0.0,0.019795677168819595,0.004376395875937897,0.001231983831212949,0.0,0.0012169562571834225,0.0,0.0,0.0,0.0,0.6016739446870452,0.20914753342680575,0.0,0.19685039370078738,0.766241183924504,0.27967485398723424,0.687774341973217,0.9933788439185856,0.31004366812227074,0.9250223607666097,0.0,1.0
0.04604604604604605,4.940023478700586e-05,0.05105305251932818,0.0,0.0,4.6600213759690214e-05,0.5466666666666667,0.2,0.0,0.0004930515352114029,0.00030060589665798746,0.0010783012607830126,0.00021450852636794164,0.005207372006647897,0.0018613961342191434,0.0,0.0006760868095463458,0.0,0.0,0.0,0.0,0.1226950354609929,0.16332894439503726,0.0,0.10236220472440945,0.5686105837611679,0.4340874630231353,0.40479664374291513,0.9238156664477994,0.2978723404255319,0.9146461812853057,0.0,1.0
0.30430430430430433,0.00034404305909914754,0.39749400159957343,0.0,1.0,1.5032327019254908e-05,0.26,0.39999999999999997,0.0,0.0009707414093560073,0.0007341363148420297,0.0008571112585711126,0.0005383472048847051,0.0030160957365807997,0.0013416806819040808,0.0,0.0010141302143195188,0.0,0.0,0.0,0.0,0.6631693989071039,0.10378671606084539,0.0,0.1732283464566929,0.8268629238457903,0.3324968648191395,0.6258541888697327,0.9944136800075993,0.0,0.0,0.0,0.0
0.05205205205205205,7.002363377575587e-05,0.08397760597174087,1.0,0.0,9.92133583270824e-05,0.3466666666666667,0.2,0.0,0.0006570348152575682,0.0006199665979134239,0.0005529750055297501,0.0003293743824230329,0.004896522051143703,0.001477453551049047,0.0,0.0007436954905009804,0.0,0.0,0.0,0.0,0.009433962264150943,0.031215411291436936,0.0,0.015748031496062992,0.5483498552386283,0.5382252858267473,0.33318572575600935,0.991918671184659,0.7547169811320755,0.8605097547918023,0.0,1.0
0.42942942942942947,0.005934103284220334,0.4082911223673687,1.0,0.0,0.0009575592311265377,0.9533333333333334,0.39999999999999997,0.0,0.007434823918311146,0.008960923997705478,0.0012165450121654502,0.0067341838019767996,0.06448883406813442,0.021912978534599305,0.0,0.017307822324386452,0.0,0.0,0.0,0.0,0.038449612403100776,0.07843877714118241,0.0,0.047244094488188976,0.728823318178133,0.4822326782453082,0.2306026287524654,0.9945940870290171,0.2,0.8,0.0,1.0
0.3993993993993994,0.00013876829707158928,0.045587843241802185,0.0,1.0,1.0522628913478436e-05,0.5066666666666667,0.08000000000000002,0.0,0.0003340824840864705,0.0002743129502697436,0.00011059500110595002,0.00027678519531347306,0.004314711727749677,0.0015955091882247712,0.0,0.0011493475762287878,0.0,0.0,0.0,0.0,0.46608333333333335,0.5771908126772832,0.0,0.23622047244094488,0.6067381256247755,0.538943128782157,0.06100668927760555,0.9788793473977142,0.3725,0.966941053012023,0.0,1.0
0.009009009009009009,9.40043302743024e-05,0.11930151959477472,0.0,0.0,1.9542025125031382e-05,0.0,0.2,0.0,0.0005428858470324386,0.00037404909048382903,0.0013824375138243752,0.0002532584537118279,0.010549417427260824,0.0051242490588825655,0.0,0.00162260834291123,0.0,0.0,0.0,0.0,0.0,0.0,0.0,0.0,0.8672548263303783,0.27899774604149224,0.6285811861649062,0.9577988307796925,0.7,0.9165151389911681,0.0,1.0
0.04804804804804805,8.313308119496131e-05,0.052519328179152225,1.0,0.0,0.00014130387398099615,0.22,0.24,0.0,0.0006341473344533222,0.0004758704626789107,0.0007465162574651626,0.0002740173433603383,0.004435061204113734,0.001688257138899368,0.0,0.0006084781285917113,0.0,0.0,0.0,0.0,0.004081632653061224,0.022780878802967926,0.0,0.015748031496062992,0.5404303294670223,0.5389235165060925,0.36958658423150315,0.9525152814634588,0.3469387755102041,0.9519921460971921,0.0,1.0
0.3683683683683684,0.0008027138474613476,0.4649426819514796,1.0,1.0,0.00012326508155789025,0.8666666666666667,0.24,0.0,0.0004399244917868563,0.0005888171870020381,8.294625082946251e-05,0.0006573648388694985,0.007290247815586748,0.0028073032383779924,0.0,0.002231086471502941,0.0,0.0,0.0,0.0,0.6423667570009034,0.6623227664120107,0.0,0.2992125984251969,0.7627204435673294,0.4657355305785,0.5168158473111486,0.9991208678747521,0.2845528455284553,0.9024024016592916,0.0,1.0
0.017017017017017015,1.9664171128808156e-05,0.033857637963209807,0.0,0.0,9.92133583270824e-05,0.0,0.12,0.0,7.589162945389975e-06,1.623451171952687e-05,0.0,6.919629882836827e-06,0.002109883485452165,0.000776936637269982,0.0,0.00020282604286390375,0.0,0.0,0.0,0.0,0.0018518518518518517,0.013551691614356872,0.0,0.007874015748031496,0.17559022149100123,0.09849502495622185,0.274355829631757,0.23966133591593852,0.0,0.0,0.0,0.0
0.04504504504504505,0.00038401088659672513,0.11650226606238336,1.0,0.0,7.516163509627454e-06,0.04,0.27999999999999997,0.0,0.001962560560245234,0.0007737804724444212,0.004230258792302588,0.0006850433584008458,0.03357466763806488,0.005186912774546092,0.047619047619047616,0.0025015211953214795,0.0,0.0,0.0,0.0,0.0007246376811594203,0.008627599563612103,0.0,0.007874015748031496,0.9545741773314864,0.1007254433314907,0.821512417135315,0.9981752055700843,1.0,0.0,1.0,1.0
0.12012012012012012,0.00010039918267391481,0.08597707278059184,0.0,0.0,7.516163509627454e-05,0.11333333333333334,0.15999999999999998,0.0,0.0005101898696467416,0.0004784037038219065,0.00024883875248838755,0.00030169586289168567,0.005719353580399256,0.0020876774635190097,0.0,0.0010141302143195188,0.008264462809917356,0.18106530826617057,0.0,1.0,0.009366391184573003,0.035856391676899926,0.0,0.031496062992125984,0.48081430722655316,0.5292986952753894,0.27472702113707115,0.9950630975593517,0.4462809917355372,0.9942117845833099,0.0,1.0
1.0,0.0008529134387983049,0.42628632364702745,1.0,0.0,0.0007170419988184591,0.9266666666666667,0.12,0.0,0.00033106130204370646,0.0004233104699343782,0.0,0.00047883838789230843,0.0070617800258083955,0.0027936186164303797,0.0,0.0028395646000946525,0.0,0.0,0.0,0.0,0.0092,0.05061099535762483,0.0,0.10236220472440945,0.44898466269657344,0.6736325484821627,0.18720183881820684,0.9981888591710382,0.239,0.8529454847761373,0.0,1.0
1.0,0.0002893670710824615,0.06798187150093309,0.0,0.0,7.516163509627454e-05,0.03333333333333333,0.27999999999999997,0.0,0.00019317605985803716,0.00014439796324479235,0.00016589250165892502,0.0002075888964851048,0.0018461480497706443,0.0008310067384242887,0.0,0.0006084781285917113,0.0,0.0,0.0,0.0,0.0001,0.0032355622600546757,0.0,0.007874015748031496,0.9575998592203909,0.052518032902910794,0.9370684658136668,0.998649912017533,0.0,0.0,0.0,0.0
0.5935935935935936,7.785732796528107e-05,0.36976806185017325,0.0,1.0,3.0064654038509817e-06,0.5800000000000001,0.08000000000000002,0.6666666666666666,3.0820697291290354e-05,0.00010382539834001335,0.0,0.0002477227498055584,0.0004368950651693877,0.0006231721262078253,0.0,0.0010817388952741533,0.003367003367003367,0.11585623255276266,0.0,1.0,0.0,0.0,0.0,0.0,0.7191134703667359,0.24362074094832492,0.7017255628597026,0.9967833060284663,0.21885521885521886,0.8269404138994613,0.0,1.0
0.3903903903903904,0.00012374039393250012,0.08784324180218608,1.0,0.0,0.00012476831425981574,0.16,0.24,0.0,0.000272649061251854,0.0003611803500406781,0.0,0.00028232089921974247,0.003782681133764623,0.0020417020815281404,0.0,0.0025015211953214795,0.0,0.0,0.0,0.0,0.2656436487638534,0.3984749204515678,0.0,0.23622047244094488,0.5291120297190623,0.6293172392037775,0.2105114901422258,0.9981178002706335,0.5728900255754475,0.989317025369746,0.0,1.0
0.016016016016016016,3.9168470947626005e-05,0.037723273793655025,0.0,0.0,7.516163509627454e-05,0.39333333333333337,0.2,0.3333333333333333,0.0005506215452300296,0.0003557544826637922,0.00041473125414731257,0.0001992853406257006,0.008067201562022983,0.0018352132741064895,0.0,0.0006084781285917113,0.0,0.0,0.0,0.0,0.01568627450980392,0.0612736117116533,0.0,0.031496062992125984,0.6482564104975923,0.5544053455913397,0.23938600848090186,0.9394079023608173,0.7058823529411765,0.9112901991076275,0.0,1.0
0.035035035035035036,0.016823577692900323,0.16768861636896826,1.0,1.0,7.516163509627454e-05,0.7200000000000001,0.44,0.0,0.03149440827625834,0.03218510585108859,0.02936297279362973,0.023064510325471712,0.02385340496052864,0.017074806259884077,0.0,0.009329997971739572,0.5,1.0,0.0,1.0,0.3157407407407407,0.3247877300277107,0.0,0.22834645669291337,0.6639679616199521,0.39915218289076787,0.5451051964864719,0.9851791614156458,0.7222222222222222,0.8958064164776167,0.0,1.0
0.16116116116116116,8.840883442464154e-05,0.08131165022660623,1.0,0.0,3.0064654038509817e-06,0.24000000000000002,0.2,0.0,0.00041798042654587694,0.0003067582445445799,0.00022119000221190003,0.00020066926660226796,0.002383386900233001,0.0011415135866804486,0.0,0.000811304171455615,0.0,0.0,0.0,0.0,0.039917695473251025,0.09246035462652412,0.0,0.07086614173228346,0.6701712804577395,0.5408554210772764,0.1872087448637494,0.9945227998769246,0.3333333333333333,0.9428090415820635,0.0,1.0
0.7687687687687688,0.000511268449349012,0.06264996001066382,1.0,0.0,0.0004254148546449139,0.42000000000000004,0.0,0.0,0.0011704323817385957,0.0012905170580085714,0.0005253262552532625,0.0017368271005920436,0.0035942098386766395,0.0015161083663526264,0.0,0.0018930430667297683,0.0,0.0,0.0,0.0,0.04018205461638492,0.10915026751068835,0.0,0.22834645669291337,0.4314511994534964,0.6912668988944828,0.17184483664038375,0.9964272541458401,0.6488946684005201,0.9546316100400178,0.0,1.0
0.7347347347347347,0.0007318908571356401,0.11010397227406024,1.0,1.0,0.00014280710668292164,0.8,0.03999999999999998,0.3333333333333333,0.00023269452633414728,0.000651357086070264,0.0,0.0007320968416041362,0.0019232951500040142,0.0012029216426378065,0.0,0.00162260834291123,0.08843537414965986,0.5678540613526315,0.0,1.0,0.20086167800453514,0.18375390898459149,0.0,0.14960629921259844,0.5538401124784684,0.6242470901538856,0.1830391649905394,0.9870823343625874,0.00816326530612245,0.17996251171468244,0.0,1.0
0.25125125125125125,0.0008527535674883146,0.39962676619568116,0.0,1.0,0.00012025861615403926,0.9866666666666667,0.9200000000000002,0.0,0.0005901560422593587,0.0005686424503724034,0.0003594337535943375,0.0004137938669936422,0.006848748774205837,0.0017926285320215662,0.0,0.0010817388952741533,0.0,0.0,0.0,0.0,0.5988095238095238,0.262701005804369,0.16666666666666666,0.2440944881889764,0.8521920869772224,0.18865837766305893,0.7867219336610072,0.9975558342404911,0.9603174603174603,0.3904245674999633,0.0,1.0
0.8578578578578578,0.0036490626505288307,0.2731271660890429,0.0,1.0,8.718749671167847e-05,0.9600000000000001,0.2,0.0,0.0007833180482191166,0.0017700659126861377,0.0009677062596770627,0.00637159519611615,0.004714040374838927,0.003592526990460606,0.0,0.00973565005746738,0.0,0.0,0.0,0.0,0.8835664335664335,0.15993648377264869,0.0,0.2440944881889764,0.7629140444639999,0.160945756055387,0.7106052050958116,0.8780847820039979,0.0,0.0,0.0,0.0
0.30430430430430433,0.00034404305909914754,0.3957611303652359,0.0,1.0,1.5032327019254908e-05,0.26,0.39999999999999997,0.0,0.0009707604036319311,0.0007341409304816251,0.0008571112585711126,0.0005383472048847051,0.0030160957365807997,0.0013416806819040808,0.0,0.0010141302143195188,0.0,0.0,0.0,0.0,0.6631693989071039,0.10378671606084539,0.0,0.1732283464566929,0.8268629238457903,0.3324968648191395,0.6258541888697327,0.9944136800075993,0.0,0.0,0.0,0.0
0.036036036036036036,6.187019696625005e-05,0.07464676086376966,0.0,0.0,3.0064654038509817e-06,0.0,0.08000000000000002,0.0,0.000172383757540458,0.00012556790313910548,0.00016589250165892502,9.410696640658084e-05,0.001425596949629841,0.0005431214265358017,0.0,0.00013521736190926916,0.0,0.0,0.0,0.0,0.024324324324324322,0.07978835367437051,0.0,0.03937007874015748,0.9840386918750585,0.030826531789019073,0.9533187962200342,0.9973630756902461,0.0,0.0,0.0,0.0
0.19919919919919918,0.00011494747188303304,0.07971207677952545,0.0,0.0,8.568426400975299e-05,0.44,0.08000000000000002,0.0,0.0004073236997636405,0.00043536999637936726,0.00027648750276487504,0.00029200838105571407,0.0025951566871061627,0.00129723409819758,0.0,0.0009465215333648841,0.0,0.0,0.0,0.0,0.105,0.08041439116120624,0.0,0.08661417322834646,0.571841716893978,0.5062658555045034,0.3072202397992605,0.9788142437913425,0.875,0.6614378277661477,0.0,1.0
0.001001001001001001,4.6842293827160895e-05,0.0418555051986137,0.0,0.0,1.5032327019254909e-06,0.17333333333333334,0.36000000000000004,0.0,0.0007578155762492081,9.005286836442336e-05,0.0033731475337314756,0.00019374963671943114,0.01265930091271299,0.0006728468650066601,0.05952380952380952,0.00047326076668244207,0.0,0.0,0.0,0.0,0.016666666666666666,0.029580911963889085,0.0,0.007874015748031496,0.9535171206513695,0.03107549780815742,0.9505842976761265,0.9627008262747401,0.5,1.0,0.0,1.0
0.04504504504504505,6.442813792609501e-05,0.052386030391895495,0.0,1.0,9.169719481745495e-05,0.29333333333333333,0.36000000000000004,0.0,0.0002135015661268139,0.00022885199710674891,0.00022119000221190003,0.00013977652363330388,0.0005962714198016987,0.0004992537828896669,0.0,0.0002704347238185383,0.0,0.0,0.0,0.0,0.06376811594202898,0.1394721140543289,0.0,0.06299212598425197,0.4870896196518215,0.8069741319300677,0.19069592638840938,0.9635767213760538,0.7608695652173914,0.8531050813195037,0.0,1.0
0.07407407407407407,0.0021940738583070174,0.12743268461743534,0.0,1.0,1.5032327019254909e-06,0.8666666666666667,0.27999999999999997,0.0,0.0042377074831475665,0.010990533759104826,0.005889183808891838,0.012656003055708555,0.02053619925840107,0.00830946960870833,0.011904761904761904,0.006625650733554189,0.0,0.0,0.0,0.0,0.66,0.6322661886896749,0.0,0.25984251968503935,0.9700019864051166,0.06248558916514341,0.8110901939636763,0.9956693703545954,0.36,0.9600000000000001,0.0,1.0
0.2792792792792793,0.00018081445159904086,0.1348973607038123,1.0,0.0,0.0004404471816641688,0.0,0.12,0.0,0.0005225887672902696,0.0007276446494779278,5.529750055297501e-05,0.00045115986836096107,0.003097007544717285,0.001266279920321603,0.0,0.0006084781285917113,0.0,0.0,0.0,0.0,0.08726190476190476,0.37051470398395625,0.0,0.2440944881889764,0.5495809150497122,0.5365443672345687,0.3388319245429585,0.9919198539434051,0.25357142857142856,0.8701102440120412,0.0,1.0
0.2112112112112112,0.0003865688275565701,0.18315115969074913,1.0,0.0,7.967133320205101e-05,0.9600000000000001,0.24,0.3333333333333333,0.00046361664109845023,0.0005032512482140542,0.00011059500110595002,0.0004829901658220105,0.005961416074461542,0.0021795591110758687,0.0,0.0014197823000473263,0.0,0.0,0.0,0.0,0.00880503144654088,0.04246195156071484,0.0,0.03937007874015748,0.7547836553026563,0.6061680397067098,0.2548153932766457,0.9959509758742682,0.09433962264150944,0.5846012598048932,0.0,1.0
0.3843843843843844,0.001020938185598121,0.3163156491602239,1.0,1.0,0.00012927801236559222,0.43333333333333335,0.56,0.0,0.0003455014018333645,0.00033739449288498877,0.00030413625304136254,0.0003985706812514012,0.0026962666879025068,0.0011223641515965093,0.0,0.0006084781285917113,0.0,0.0,0.0,0.0,0.14917748917748916,0.17498395813509673,0.0,0.22834645669291337,0.7689702894290305,0.2124563986116415,0.7156462637527445,0.9933864799750465,0.9688311688311688,0.34754760901148535,0.0,1.0
0.015015015015015015,0.003738430712813414,0.19368168488403092,1.0,1.0,4.509698105776473e-06,0.7533333333333334,0.15999999999999998,0.0,0.007119170718785299,0.002742842567038077,0.008432868834328689,0.0025242809812588743,0.03441747435643844,0.00565811182292091,0.047619047619047616,0.0022986951524575755,0.0,0.0,0.0,0.0,0.025,0.07685346368351693,0.0,0.03937007874015748,0.9627419476230363,0.052062724026455814,0.9392937701377866,0.9943059192733221,0.0,0.0,0.0,0.0
0.06306306306306306,2.286159732861436e-05,0.02092775259930685,0.0,0.0,1.6535559721180398e-05,0.0,0.12,0.0,0.00017794704299338532,0.0001305545200634504,5.529750055297501e-05,9.133911445344611e-05,0.002439552780054066,0.002074599327844562,0.0,0.0012169562571834225,0.0,0.0,0.0,0.0,0.0020833333333333333,0.017733133760594703,0.0,0.015748031496062992,0.44168237011471945,0.7318467803773986,0.1794875706609078,0.9429326790477957,0.265625,0.8833308765689106,0.0,1.0
0.011011011011011011,4.188628321746127e-05,0.031724873367102106,0.0,0.0,6.012930807701963e-06,0.09333333333333334,0.24,0.0,0.00041842743689748084,0.0002215452576691656,0.0009953550099535502,0.00015638363535211227,0.005450532337418093,0.0018108277508168862,0.0,0.0006760868095463458,0.0,0.0,0.0,0.0,0.01388888888888889,0.037869216024917045,0.0,0.015748031496062992,0.9463119291402773,0.052538467161425434,0.9378412379574614,0.9807807047062314,0.5833333333333334,0.9860132971832694,0.0,1.0
0.32932932932932935,0.00024987885751485484,0.10197280725139962,0.0,0.0,0.00012476831425981574,0.49333333333333335,0.24,0.0,0.000315597175614525,0.000344289773520309,5.529750055297501e-05,0.00029616015898541615,0.007806568896173011,0.002615200028308478,0.0,0.0014873909810019608,0.0,0.0,0.0,0.0,0.006666666666666667,0.03103326778318261,0.0,0.031496062992125984,0.7201703997279605,0.4906052644168895,0.18202636132984917,0.9994416341214771,0.23939393939393938,0.8534271642627513,0.0,1.0
0.2992992992992993,0.00011462772926305242,0.09330845107971207,1.0,0.0,0.0003773114081832982,0.0,0.27999999999999997,0.0,0.0002949925016635553,0.0004088378305531984,0.0,0.0002947762330088488,0.0034672418610930578,0.001355101262048881,0.0,0.0010141302143195188,0.0,0.0,0.0,0.0,0.013333333333333334,0.05043234634903115,0.0,0.03937007874015748,0.42944597720723277,0.7613413182414707,0.11971462362446417,0.989614345896622,0.2833333333333333,0.9012337223063849,0.0,1.0
0.043043043043043044,0.0004944819618000294,0.8076512929885363,1.0,0.0,0.0,0.8333333333333334,0.27999999999999997,0.3333333333333333,0.00022193956674648085,0.0005391134588332379,0.00011059500110595002,0.0004733026839860389,0.0014865088192958435,0.0016139372998614167,0.0,0.0010817388952741533,0.0,0.0,0.0,0.0,0.07121212121212121,0.020302817070152936,0.06666666666666667,0.023622047244094488,0.9647235285984292,0.016037070486247817,0.9672664332234717,0.9740019823347819,0.0,0.0,0.0,0.0
0.003003003003003003,7.865668451523262e-05,0.06904825379898694,0.0,0.0,4.2090515653913746e-05,0.0,0.24,0.0,0.000636157238956697,0.00031589180510678544,0.0015483300154833003,0.00020066926660226796,0.011604359169986906,0.0015416858450033768,0.023809523809523808,0.0005408694476370766,0.0,0.0,0.0,0.0,0.05,0.08874273589166726,0.0,0.031496062992125984,0.7091633564498405,0.2063220969553376,0.6645895060248721,0.8215365313272667,0.75,0.8660254037844386,0.0,1.0
0.024024024024024024,0.00010199789577381791,0.0765129298853639,1.0,0.0,2.5554955932733344e-05,0.05333333333333334,0.08000000000000002,0.0,0.0009381016456083958,0.0005450888740879941,0.0016312762663127627,0.0003681243097669192,0.007511185208209707,0.002658077260929962,0.0,0.000811304171455615,0.0,0.0,0.0,0.0,0.006666666666666667,0.02366472957111127,0.0,0.007874015748031496,0.8408860655274681,0.28817208725927695,0.6594733462333142,0.9896961793141932,0.48,0.9991996797437438,0.0,1.0
0.45045045045045046,0.0015993525851430634,0.34977339376166355,1.0,1.0,0.000162349131807953,0.76,0.44,0.0,0.0008411305351425906,0.0017566524435743047,0.0,0.0015237025002006693,0.012462815089234075,0.005092817981103487,0.0,0.003921303495368806,0.0,0.0,0.0,0.0,0.1698447893569845,0.31717896145083463,0.0,0.2125984251968504,0.49360018468505995,0.8033977346496002,0.06219088190839006,0.9916593098294575,0.2039911308203991,0.8059249328988747,0.0,1.0
0.2932932932932933,5.8672770766443844e-05,0.044654758731005065,0.0,0.0,9.019396211552946e-06,0.0,0.03999999999999998,0.0,0.00021665864118859408,0.00022292405261991726,8.294625082946251e-05,0.00015499970937554492,0.004399178831912168,0.0022756102194074375,0.0,0.0013521736190926915,0.0,0.0,0.0,0.0,0.09909297052154195,0.20896313025033245,0.0,0.11811023622047244,0.46171414944861944,0.5112899375853195,0.2696785414360896,0.9865332956780293,0.3469387755102041,0.9519921460971921,0.0,1.0
0.6716716716716716,0.015717108356457385,0.11356971474273526,1.0,1.0,0.009154687154726239,0.7866666666666667,0.6799999999999999,0.0,0.007478076607260484,0.008479924610572247,0.003566688785666888,0.00849315371819392,0.11447059820848285,0.19864356173208114,0.0,0.44959772834831996,0.001488095238095238,0.07709424908921797,0.0,1.0,0.807093253968254,0.43710602744106797,0.0,0.2755905511811024,0.9664946300580803,0.044365896453131985,0.9445995802399141,0.9954323724772474,0.9925595238095238,0.17187338949977274,0.0,1.0
0.0,3.181439068807173e-05,0.03132498000533191,0.0,0.0,9.019396211552945e-05,0.0,0.32,0.0,0.00027118222707916387,0.0,0.0013271400132714001,6.36605949220988e-05,0.0,0.0,0.0,0.0,0.0,0.0,0.0,0.0,0.06666666666666667,0.0,0.06666666666666667,0.015748031496062992,0.7447898131397048,0.0,0.7855320464975604,0.734422153021498,1.0,0.0,1.0,1.0
0.03903903903903904,8.776934918468031e-05,0.06798187150093309,1.0,0.0,5.561960997124316e-05,0.10666666666666667,0.36000000000000004,0.0,0.0005289820370561515,0.0006050822370529932,0.0004976775049767751,0.000333526160352735,0.007068109676264753,0.003422767439042897,0.0,0.001757825704820499,0.0,0.0,0.0,0.0,0.014166666666666666,0.04929905480218817,0.0,0.023622047244094488,0.45714536448044907,0.8769012041944148,0.17590855477146938,0.9856582928333131,0.45,0.9949874371066201,0.0,1.0
0.06206206206206206,8.808909180466092e-05,0.09504132231404959,0.0,0.0,0.00013529094317329417,0.0,0.15999999999999998,0.0,0.0002513196413987539,0.00039673816114758046,0.00019354125193541254,0.00023249956406331737,0.0024447856260001277,0.0012119923934267097,0.0,0.0005408694476370766,0.0,0.0,0.0,0.0,0.07671957671957672,0.25919874284594513,0.0,0.2440944881889764,0.4329404781089554,0.4939700020761719,0.3498720277256959,0.9804922775736191,0.20634920634920634,0.8093681767607595,0.0,1.0
0.042042042042042045,9.608265730417643e-05,0.16462276726206343,0.0,0.0,0.0,0.92,0.32,0.0,0.00017646925795775163,0.0001418005532811098,0.00033178500331785003,0.00012870511582076496,0.0017173470230424598,0.0009975269259537647,0.0,0.0005408694476370766,0.0,0.0,0.0,0.0,0.8775193798449612,0.61967019094408,0.0,0.25196850393700787,0.8493832162339263,0.15197964674911912,0.822943019666134,0.9872679444849775,0.8604651162790697,0.6930076477093646,0.0,1.0
0.08108108108108107,0.001487922282079817,0.8881631564916022,1.0,0.0,1.0522628913478436e-05,0.060000000000000005,0.36000000000000004,0.0,0.0011504851689738168,0.002052620098988493,0.0005529750055297501,0.001916737477545801,0.019297714805964924,0.012943799559689556,0.0,0.00946521533364884,0.0,0.0,0.0,0.0,0.8235772357723578,0.4007747299058603,0.0,0.25984251968503935,0.9324811700475566,0.05954681979854244,0.8632641016479399,0.9978321795962719,0.10975609756097561,0.6251710057549413,0.0,1.0
0.1251251251251251,7.801719927527138e-05,0.05131964809384164,0.0,0.0,4.359374835583923e-05,0.49333333333333335,0.39999999999999997,0.0,0.00039449577984504246,0.000332665647278314,0.00030413625304136254,0.00023665134199301948,0.0026959622314110996,0.0013286008337424246,0.0,0.000811304171455615,0.0,0.0,0.0,0.0,0.012698412698412697,0.08362000979238865,0.0,0.11023622047244094,0.7229943364196103,0.33268731362998893,0.6313608230614944,0.999577355687495,0.007936507936507936,0.1774657124999833,0.0,1.0
0.057057057057057055,1.9344428508827535e-05,0.0473207144761397,1.0,0.0,6.012930807701963e-06,0.04666666666666667,0.24,0.0,0.00019237399380839934,0.00011970176518194154,0.00047002875470028755,0.00011348193007852396,0.0005456595220996979,0.00046010038957730706,0.0,0.00020282604286390375,0.0,0.0,0.0,0.0,0.017816091954022988,0.06426198116293147,0.0,0.03937007874015748,0.590095896613736,0.45926698630780743,0.4957831816777407,0.9850545826820181,0.15517241379310345,0.7241379310344829,0.0,1.0
0.029029029029029027,0.0017464341903341487,0.04838709677419355,0.0,0.0,2.7058188634658835e-05,0.19333333333333336,0.32,0.0,0.008913944995116661,0.00933060615477648,0.011944260119442602,0.006806147952758303,0.17948075516246415,0.05421852569048717,0.08333333333333333,0.026029342167534313,0.0,0.0,0.0,0.0,0.7522222222222222,0.7074202925022615,0.0,0.2440944881889764,0.8174775863513561,0.16152131816596718,0.8103058259108922,0.9650301814353472,0.03333333333333333,0.3590109871423002,0.0,1.0
0.0,2.0783270298740327e-05,0.0015995734470807784,0.0,0.0,3.3071119442360796e-05,0.10666666666666667,0.24,0.0,0.00013793738147308037,0.0,0.0006912187569121876,3.18302974610494e-05,0.0,0.0,0.0,0.0,0.0,0.0,0.0,0.0,0.0,0.0,0.0,0.0,0.7236973046919575,0.0,0.7678067856971458,0.71263964833802,0.0,0.0,0.0,0.0
0.3563563563563564,3.117490544811049e-05,0.01759530791788856,0.0,0.0,4.509698105776473e-06,0.0,0.36000000000000004,0.0,9.670304306301362e-05,7.639018100324495e-05,0.0,5.120526113299252e-05,0.0006441941174069636,0.0005467392317415013,0.0,0.0004056520857278075,0.0,0.0,0.0,0.0,0.0,0.0,0.0,0.0,0.7871393730713585,0.39507714585520604,0.43278688009730004,0.9990110736254403,0.1400560224089636,0.6940902909447545,0.0,1.0
0.07707707707707707,3.7569757847722896e-05,0.04505465209277526,1.0,0.0,5.411637726931767e-05,0.14666666666666667,0.39999999999999997,0.0,0.0002856653624711295,0.00020815682675094,0.0003870825038708251,0.00014531222753957334,0.0037599205702288584,0.0019621050326083527,0.0,0.000811304171455615,0.0,0.0,0.0,0.0,0.03632478632478632,0.1282198514281458,0.0,0.07086614173228346,0.6763227267546164,0.5542635017209463,0.4584753517345872,0.999855781246155,0.6538461538461539,0.9514859136040756,0.0,1.0
0.002002002002002002,2.1262884228711258e-05,0.030258597707278057,0.0,0.0,1.6535559721180398e-05,0.0,0.27999999999999997,0.0,0.0003020795825820238,9.791452237710202e-05,0.001050652510506525,8.303555859404192e-05,0.0035164724757536085,0.0008391874808732862,0.0,0.00020282604286390375,0.0,0.0,0.0,0.0,0.04444444444444444,0.07378775850479682,0.0,0.023622047244094488,0.7333552285213427,0.588573993818273,0.5127777229173036,0.9774566286907209,0.0,0.0,0.0,0.0
0.03303303303303303,0.00012453975048245166,0.8824313516395628,1.0,1.0,6.012930807701963e-06,0.9866666666666667,0.52,0.0,0.0006714279333818368,0.0009795728592233573,0.0005529750055297501,0.00048022231386887575,0.0034751022113329775,0.0012837344079898044,0.0,0.0006084781285917113,0.029411764705882353,0.33791544979635457,0.0,1.0,0.006862745098039216,0.06050284377519536,0.0,0.047244094488188976,0.9905662003366373,0.00743137995528198,0.9888577878101543,0.9946313283668777,0.6176470588235294,0.9719242142269592,0.0,1.0
1.0,0.0018676166433068038,0.516395627832578,0.0,0.0,0.0,0.8866666666666667,0.36000000000000004,0.16666666666666666,6.0498953159318694e-05,8.98853542586895e-05,0.0,0.0001079462261722545,0.0002890540375069466,0.000271008651888,0.0,0.00020282604286390375,0.0,0.0,0.0,0.0,0.5341666666666666,1.0,0.0,0.29133858267716534,0.9126615682344017,0.12395166684463749,0.8775922170150006,0.9975081711380733,0.0,0.0,0.0,0.0
0.023023023023023025,5.723392897653105e-05,0.05185283924286856,0.0,0.0,1.2025861615403927e-05,0.13333333333333333,0.08000000000000002,0.0,0.0004580146736355201,0.0003411650075482111,0.00024883875248838755,0.00021312460039137426,0.0014065889903014431,0.0007180536782341423,0.0,0.0002704347238185383,0.0,0.0,0.0,0.0,0.059722222222222225,0.1823323251640054,0.0,0.08661417322834646,0.7127237783417018,0.49728833642333425,0.3410207441778228,0.9520399058235611,0.25,0.8660254037844386,0.0,1.0
1.0,0.0015173386031180343,0.3215142628632365,1.0,0.0,0.00013679417587521967,0.22,0.12,0.0,0.0009215734914990847,0.0013775481114809416,2.7648750276487504e-05,0.001859996512506539,0.007563932295346011,0.0027003529302734633,0.0,0.003177608004867825,0.0,0.0,0.0,0.0,0.1336,0.3243769810475477,0.0,0.25196850393700787,0.5194941110029117,0.6178879132536065,0.33759781082746443,0.9959114572070691,0.269,0.8868799242287537,0.0,1.0
0.011011011011011011,0.0005616279119959597,0.8617701946147693,1.0,0.0,9.019396211552946e-06,0.4266666666666667,0.2,0.0,0.002932699740942709,0.0020151512024068926,0.0058062375580623755,0.0015403096119194777,0.002637354356815206,0.001103037988387625,0.0,0.0003380434047731729,0.0,0.0,0.0,0.0,0.0,0.0,0.0,0.0,0.9809419847399043,0.026366155306743484,0.9702639862502824,0.9967810079489743,0.0,0.0,0.0,0.0
0.028028028028028028,8.249359595500007e-05,0.045721141029058915,0.0,0.0,7.516163509627454e-06,0.44,0.15999999999999998,0.0,0.00023562363259957937,0.00022092210529684174,0.00041473125414731257,0.00015776756132867965,0.002837429514918429,0.0011073759702672921,0.0,0.00047326076668244207,0.0,0.0,0.0,0.0,0.05632183908045977,0.17857252128769233,0.0,0.08661417322834646,0.9449476986827099,0.109743689722025,0.847249252197896,0.9962580885200394,0.6896551724137931,0.9252695079309475,0.0,1.0
0.04604604604604605,4.940023478700586e-05,0.05731804852039456,0.0,0.0,7.365840239434905e-05,0.22,0.15999999999999998,0.0,0.0002721683128930849,0.00028255393952243067,0.00024883875248838755,0.00018267822890689222,0.0012120607256852864,0.0006167474481744079,0.0,0.0002704347238185383,0.0,0.0,0.0,0.0,0.032624113475177303,0.06281210821173851,0.0,0.031496062992125984,0.5423161699572514,0.507038207716395,0.4370568213597368,0.9820636400046752,0.3404255319148936,0.9477045723965993,0.0,1.0
0.4784784784784785,0.000763225633893741,0.3136496934150893,1.0,1.0,0.00021947197448112166,0.54,0.24,0.0,0.0014298330584364119,0.0026450687895774928,0.00016589250165892502,0.0013507117531297486,0.004316671849150567,0.0016276432322994553,0.0,0.0010817388952741533,0.0,0.0,0.0,0.0,0.5333333333333333,0.4975159855342851,0.0,0.23622047244094488,0.7702891287678204,0.48698405819511964,0.2324309620968652,0.9977937243744366,0.5782881002087683,0.9876658814917154,0.0,1.0
0.1251251251251251,3.341310378797484e-05,0.04092242068781658,0.0,1.0,2.4051723230807854e-05,0.32666666666666666,0.15999999999999998,0.0,0.00012041968437994102,0.0002016819983135594,0.0,0.0001204015599613608,0.0017749813449042023,0.0011227329622144281,0.0,0.0009465215333648841,0.0,0.0,0.0,0.0,0.019576719576719578,0.1022731560594521,0.0,0.09448818897637795,0.3564309005255639,0.49294664554766715,0.2804413939066075,0.9901882588275983,0.42063492063492064,0.987322002545015,0.0,1.0
1.0,0.0009681806533013187,0.2963209810717142,1.0,0.0,0.00017136852801950597,0.88,0.52,0.0,0.000739873868125641,0.002855693848611127,8.294625082946251e-05,0.0023623616420004926,0.0060912336225004,0.003595561127064246,0.0,0.0031099993239131906,0.0,0.0,0.0,0.0,0.30716666666666664,0.3834342346727987,0.0,0.2440944881889764,0.4646749288400738,0.4746265351650957,0.4147423666573147,0.9954669059200851,0.283,0.9009128703709367,0.0,1.0
0.009009009009009009,3.437233164791669e-05,0.14102905891762196,0.0,1.0,0.0,0.9466666666666668,0.36000000000000004,0.0,0.0016708324313587197,0.0009297120235162092,0.006497456314974563,0.0008234359560575824,0.003375813576723464,0.0005382774920053281,0.011904761904761904,0.00020282604286390375,0.0,0.0,0.0,0.0,0.03,0.06719491513124516,0.0,0.031496062992125984,0.9950418480370526,0.009134688628517126,0.9917832832590854,0.9986433705316662,0.7,0.9165151389911681,0.0,1.0
0.007007007007007007,9.88004695740117e-05,0.05825113303119168,1.0,0.0,6.012930807701963e-06,0.0,0.03999999999999998,0.0,0.0004333933434691786,0.00035189821918714035,0.0008294625082946251,0.0001785264509771901,0.002109883485452165,0.0005827024779524864,0.0,0.00013521736190926916,0.375,0.9682458365518543,0.0,1.0,0.004166666666666667,0.019565934152736445,0.0,0.007874015748031496,0.8473821426442214,0.2902426951672166,0.71999288069442,0.9943992638385071,0.25,0.8660254037844386,0.0,1.0
0.013013013013013013,0.0006714595019593029,0.1662223407091442,1.0,1.0,0.00010522628913478436,0.3666666666666667,0.32,0.0,0.0023352359223684327,0.0010804169238715232,0.006829241318292413,0.0009867392212925315,0.03963566833385138,0.006656855032262754,0.09523809523809523,0.0028395646000946525,0.0,0.0,0.0,0.0,0.5904761904761905,0.4885924338375573,0.03333333333333333,0.22834645669291337,0.9779529996800278,0.06152129581104041,0.9173642810400713,0.9968351295366462,1.0,0.0,1.0,1.0
0.1181181181181181,6.378865268613377e-05,0.05185283924286856,1.0,1.0,7.065193699049807e-05,0.46,0.12,0.0,0.0005201947902048917,0.00026220148330159486,0.00033178500331785003,0.00019098178476629641,0.005053082297091319,0.0025583628282318466,0.0,0.0016902170238658645,0.0,0.0,0.0,0.0,0.0226890756302521,0.05986990149636183,0.0,0.03937007874015748,0.821255031134311,0.3541451309014174,0.5288305007409413,0.9977200872674681,0.3277310924369748,0.9387724399172397,0.0,1.0
0.19119119119119118,3.021567758816863e-05,0.0346574246867502,0.0,0.0,6.012930807701963e-06,0.0,0.39999999999999997,0.0,0.00011591094639779938,0.00014628464004422633,0.0,7.888378066433982e-05,0.000857140165964942,0.0005191734563569569,0.0,0.00020282604286390375,0.0,0.0,0.0,0.0,0.20052083333333334,0.31447703433274643,0.0,0.14173228346456693,0.6216199499730015,0.6353169185829376,0.1463311943320642,0.9842232070348791,0.671875,0.939061200082295,0.0,1.0
0.7747747747747747,0.0007067910614671615,0.22553985603838975,1.0,1.0,7.666486779820004e-05,0.6466666666666667,0.32,0.0,0.00047461888756553485,0.0011667515769380713,5.529750055297501e-05,0.0011694174501994238,0.008926848966190516,0.0034513709416501203,0.0,0.0028395646000946525,0.0,0.0,0.0,0.0,0.6130322580645161,0.589808312805319,0.0,0.23622047244094488,0.6222133108763162,0.3521558417294309,0.34110964473963534,0.999152745297951,0.28258064516129033,0.9005083545231977,0.0,1.0
0.012012012012012012,4.6362679897189954e-05,0.03505731804852039,0.0,0.0,9.019396211552946e-06,0.0,0.39999999999999997,0.0,0.00025335682967366776,0.0003143916058049489,0.00041473125414731257,0.00018267822890689222,0.003083675863353164,0.0015071997279711938,0.0,0.00047326076668244207,0.0,0.0,0.0,0.0,0.007692307692307693,0.04729443918985657,0.0,0.023622047244094488,0.48441800661144363,0.5343017786737857,0.20528347858493312,0.8346073590346492,0.23076923076923078,0.8426500884694864,0.0,1.0
0.09209209209209208,0.0015489931224961157,0.24313516395627832,0.0,0.0,0.0,0.0,0.52,0.16666666666666666,0.0008306984511249059,0.0008272554282643476,0.0017418712674187127,0.0010102659628941767,0.014111263741411254,0.005561563424567359,0.0,0.00398891217632344,0.0,0.0,0.0,0.0,0.0,0.0,0.0,0.0,0.9597552772711762,0.004221956783913356,0.9637116771407159,0.9594284285163361,0.0,0.0,0.0,0.0
0.14814814814814814,0.001184326664408218,0.26472940549186885,0.0,0.0,0.0008027262628282121,0.56,0.08000000000000002,0.0,0.000821619133774619,0.0020557297875553977,0.00016589250165892502,0.0015776756132867965,0.008581136860295383,0.005215150614263603,0.0,0.0026367385572307485,0.0,0.0,0.0,0.0,0.4498881431767338,0.6851433754959729,0.0,0.25984251968503935,0.4364930429939671,0.6431506822656714,0.22071126772956706,0.9958435575175235,0.03355704697986577,0.36017202322144265,0.0,1.0
0.0,3.9168470947626005e-05,0.04012263396427619,0.0,0.0,2.8561421336584325e-05,0.06666666666666667,0.08000000000000002,0.0,0.00041601358099881987,0.0,0.002018358770183588,9.825874433628294e-05,0.00843953394180866,0.0,0.047619047619047616,0.0002704347238185383,0.0,0.0,0.0,0.0,0.16666666666666666,0.0,0.16666666666666666,0.03937007874015748,0.7926260469788966,0.0,0.8257316141596913,0.7838232467900976,1.0,0.0,1.0,1.0
0.12812812812812813,1.7905586718914744e-05,0.0147960543854972,0.0,0.0,4.810344646161571e-05,0.0,0.03999999999999998,0.0,9.024407981023551e-05,6.910737920480562e-05,5.529750055297501e-05,4.705348320329042e-05,0.0009159184122893119,0.0006481121616428824,0.0,0.0004056520857278075,0.0,0.0,0.0,0.0,0.053746770025839795,0.07841442561741378,0.0,0.03937007874015748,0.7405145351764473,0.6340018099655934,0.14629189825751965,0.9995184304393048,0.6589147286821705,0.9481478977625213,0.0,1.0
0.03803803803803804,5.0998947886908954e-05,0.05385230605171954,0.0,0.0,0.0,0.5466666666666667,0.15999999999999998,0.0,0.0003571897695606827,8.612346301887296e-05,0.0012165450121654502,0.00012455333789106288,0.006491949186006662,0.0017331663446791907,0.0,0.000811304171455615,0.0,0.0,0.0,0.0,0.9923076923076923,0.03405588854067547,0.9,0.23622047244094488,0.9894805393454593,0.014318288238319548,0.9825575493628911,0.997164989538109,0.0,0.0,0.0,0.0
0.04504504504504505,0.0014805682018202628,0.28312450013329776,0.0,1.0,7.516163509627454e-06,0.08666666666666667,0.15999999999999998,0.0,0.0011624617850699514,0.0018615779369157925,0.0011888962618889626,0.0013202653816452665,0.02275004801704943,0.008267977192056068,0.0,0.004191738219187344,0.0,0.0,0.0,0.0,0.9782608695652174,0.2588279869083631,0.0,0.23622047244094488,0.9276810489783633,0.04792864992959132,0.9312462895043581,0.9837730428313929,0.6739130434782609,0.9375590718629487,0.0,1.0
0.1131131131131131,8.649037870475783e-05,0.12076779525459877,1.0,0.0,3.0064654038509815e-05,0.9733333333333334,0.2,0.16666666666666666,0.00016100876206238696,0.00012439255031179646,0.00024883875248838755,9.687481835971557e-05,0.0034979647258812207,0.003012793887656081,0.0,0.0031099993239131906,0.0,0.0,0.0,0.0,0.3190058479532164,0.17469034665038788,0.0,0.14173228346456693,0.9829694885209426,0.015885680834534822,0.9777866116437757,0.9944518239771325,0.24561403508771928,0.8609013436059856,0.0,1.0
0.20020020020020018,0.0013437183604685574,0.19434817382031458,1.0,1.0,0.00023600753420230207,0.78,0.52,0.0,0.0014522566989039727,0.002182358113192935,0.00013824375138243752,0.0016067380587947112,0.023502632457350237,0.0061900928250131085,0.0,0.003515651409640998,0.0,0.0,0.0,0.0,0.33515754560530675,0.6840385466075796,0.0,0.2440944881889764,0.5576859608915985,0.7313869918224968,0.1753372905677839,0.9945372160460169,0.5223880597014925,0.9989970466078514,0.0,1.0
0.05005005005005005,0.00046570512600177365,0.2763263129832045,0.0,0.0,2.1045257826956873e-05,0.8200000000000001,0.52,0.0,0.0023819714180870447,0.00424674108582132,0.0015206812652068127,0.002140933485749714,0.015431108628895246,0.0062603056104274775,0.0,0.00398891217632344,0.0,0.0,0.0,0.0,0.7398692810457516,0.3055147497447255,0.16666666666666666,0.2440944881889764,0.9012998367726448,0.09933385346057656,0.8673887964464226,0.987949192772084,0.803921568627451,0.7940571267182975,0.0,1.0
0.057057057057057055,3.437233164791669e-05,0.037589976006398296,0.0,0.0,1.9542025125031382e-05,0.0,0.36000000000000004,0.6666666666666666,3.535682942102057e-05,8.371240746809319e-05,0.0,5.397311308612725e-05,0.00047290491915307143,0.0003959598967745634,0.0,0.00020282604286390375,0.0,0.0,0.0,0.0,0.03103448275862069,0.08356790887940148,0.0,0.047244094488188976,0.36118711372723755,0.4250800796178229,0.35466039096803836,0.9384049800077721,0.034482758620689655,0.36493121531925393,0.0,1.0
0.23923923923923923,9.975969743395357e-05,0.08637696614236204,0.0,1.0,0.00012476831425981574,0.0,0.24,0.0,0.00023963313048366549,0.0003719073057255777,5.529750055297501e-05,0.00029200838105571407,0.005239543988872876,0.0023267328240058954,0.0,0.0014873909810019608,0.0,0.0,0.0,0.0,0.008055555555555555,0.04645605600060169,0.0,0.07086614173228346,0.37920784288852705,0.742240426000649,0.19872922345642063,0.9797617684222804,0.17916666666666667,0.7669836301309754,0.0,1.0
1.0,0.000990562636699962,0.7561983471074379,1.0,1.0,0.000321691798212055,0.9866666666666667,0.36000000000000004,0.0,0.00023265129368237858,0.0004606125606089324,8.294625082946251e-05,0.0006822755064477111,0.0038294385260956793,0.0022526582442688584,0.0,0.002095869109593672,0.0,0.0,0.0,0.0,0.2378,0.5430270551214702,0.0,0.2440944881889764,0.7310437522221909,0.4080040154736331,0.4568106148418991,0.9990641110175948,0.705,0.9120855223058855,0.0,1.0
0.06006006006006006,0.00010327686625374039,0.08197813916288989,0.0,0.0,3.3071119442360796e-05,0.23333333333333334,0.15999999999999998,0.0,0.0007570558052122524,0.00045006197385727626,0.0017695200176952002,0.00035982075390751493,0.0032512958628279263,0.0010730594017723987,0.0,0.0004056520857278075,0.0,0.0,0.0,0.0,0.09289617486338797,0.11642431999203808,0.0,0.047244094488188976,0.689398056578062,0.3424975655508994,0.6214800068440764,0.9807830702237217,1.0,0.0,1.0,1.0
0.03803803803803804,0.009774851635427547,0.1242335377232738,1.0,0.0,9.019396211552946e-06,0.9333333333333333,0.32,0.0,0.005932676988043111,0.010263285690039724,0.002046007520460075,0.007218557893775378,0.08471993687738692,0.038971699588121474,0.0,0.020688256372118182,0.0,0.0,0.0,0.0,0.0008547008547008547,0.009351230150296945,0.0,0.007874015748031496,0.799562477089645,0.40559058930339376,0.4480045751791879,0.977666148177395,0.358974358974359,0.9593993299420362,0.0,1.0
0.17717717717717718,0.0031694487205579,0.9681418288456412,1.0,0.0,3.156788674043531e-05,0.4066666666666667,0.2,0.0,0.003026916062524376,0.006240402227526558,0.00033178500331785003,0.0052713740447450945,0.006922314356764406,0.0032550939076900075,0.0,0.0014873909810019608,0.03932584269662921,0.3887380649889032,0.0,1.0,0.06479400749063671,0.20424279548935,0.0,0.14960629921259844,0.543655389132601,0.5692719728439064,0.24951550987863946,0.9914152361497921,0.2247191011235955,0.8347944099328858,0.0,1.0
0.015015015015015015,4.828113561707368e-05,0.052785923753665684,0.0,0.0,2.2548490528882363e-05,0.14666666666666667,0.27999999999999997,0.0,0.00043737620570196914,0.00032315241174396705,0.0009124087591240877,0.00018821393281316168,0.009494475684534742,0.002824755065236851,0.0,0.0009465215333648841,0.0,0.0,0.0,0.0,0.0,0.0,0.0,0.0,0.6599783163270017,0.4988412026893603,0.5595159691137832,0.9816265380227707,0.3125,0.9270248108869579,0.0,1.0
0.2732732732732733,4.556332334723841e-05,0.054252199413489736,1.0,0.0,0.0001833943896349099,0.0,0.12,0.0,0.0002858556518412429,0.00021110733636153691,0.00016589250165892502,0.00017437467304748803,0.002317791712120809,0.0010680025441660043,0.0,0.0006084781285917113,0.0,0.0,0.0,0.0,0.055717761557177614,0.1598559538721033,0.0,0.09448818897637795,0.6713981137587037,0.5692201888813517,0.3849192843896505,0.9999067747481982,0.4635036496350365,0.9973324749751967,0.0,1.0
0.06606606606606606,7.865668451523262e-05,0.05718475073313783,0.0,0.0,0.00011123921994248633,0.0,0.32,0.0,0.00027031756227964353,0.00018494820778164532,0.00027648750276487504,0.00011763370800822605,0.0011651595367422403,0.0008324976302820868,0.0,0.00047326076668244207,0.0,0.0,0.0,0.0,0.010945273631840797,0.037400548485773726,0.0,0.015748031496062992,0.7651636071580334,0.4530057401202084,0.43745677679801354,0.9998149397566758,0.8507462686567164,0.7126767991828848,0.0,1.0
0.30330330330330335,0.0002677844442337696,0.0646494268195148,1.0,0.0,4.5096981057764727e-05,0.6666666666666667,0.48000000000000004,0.0,0.0003098483872242931,0.0005099698806155988,5.529750055297501e-05,0.0003418297162121393,0.004178124533691458,0.0018165724147720008,0.0,0.0012169562571834225,0.0,0.0,0.0,0.0,0.3493421052631579,0.533858813962144,0.0,0.2440944881889764,0.8075044133874671,0.32033706684030067,0.6094797100529705,0.9733720906774028,0.21710526315789475,0.8245497386259631,0.0,1.0
0.005005005005005005,1.7905586718914744e-05,0.010797120767795255,1.0,0.0,0.0,0.33333333333333337,0.15999999999999998,0.0,0.0001620759404596897,0.00012960697419251666,0.0003594337535943375,7.749985468777246e-05,0.002109883485452165,0.000776936637269982,0.0,0.00020282604286390375,0.0,0.0,0.0,0.0,0.0,0.0,0.0,0.0,0.9708467055179328,0.046610428504257916,0.9577072546796908,0.9940877262225163,0.16666666666666666,0.74535599249993,0.0,1.0
0.006006006006006006,7.370067390553301e-05,0.06105038656358304,1.0,0.0,4.509698105776473e-06,0.16666666666666669,0.2,0.6666666666666666,0.000626225946116492,0.00022759969685906748,0.0018524662685246627,0.00020066926660226796,0.002411295411945331,0.0006659456890885559,0.0,0.00020282604286390375,0.0,0.0,0.0,0.0,0.03809523809523809,0.09180884382664153,0.0,0.031496062992125984,0.9228157752277815,0.06663800678044075,0.9108081516546997,0.9573733644463207,0.5714285714285714,0.989743318610787,0.0,1.0
0.008008008008008008,2.9096578418236458e-05,0.022927219408157822,0.0,0.0,1.6535559721180398e-05,0.0,0.03999999999999998,0.0,0.00011347697503331626,9.881022481057207e-05,0.00013824375138243752,6.36605949220988e-05,0.0009377259935342955,0.0003343402952450037,0.0,6.760868095463458e-05,0.0,0.0,0.0,0.0,0.0,0.0,0.0,0.0,0.37784690100665674,0.19484009720265144,0.3155689439032425,0.4594589753359477,0.0,0.0,0.0,0.0
1.0,0.0037974232261998382,0.9629432151426286,1.0,1.0,0.0011078825013190869,0.9266666666666667,0.32,0.0,0.0017073762785797272,0.003688206199513455,0.00030413625304136254,0.003196869005870614,0.010597944747426223,0.0034563948293885563,0.0,0.0033128253667770945,0.002,0.08935323161475471,0.0,1.0,0.15706666666666666,0.22176654830066792,0.0,0.23622047244094488,0.5333406578031692,0.7206465452566079,0.1693536157924811,0.9979902283273736,0.408,0.982926243418091,0.0,1.0
0.4494494494494495,0.0001611502804702327,0.13703012529992,1.0,0.0,3.156788674043531e-05,0.3066666666666667,0.15999999999999998,0.0,0.0001425076153078784,0.00020452861194844558,0.0,0.00026571378750093414,0.0028600642802796014,0.001516888323304205,0.0,0.0008789128524102495,0.0,0.0,0.0,0.0,0.06259259259259259,0.09548838846231097,0.0,0.07086614173228346,0.47488199458985303,0.4490721350660956,0.33729805214774355,0.9941246511205373,0.19333333333333333,0.7898241717130605,0.0,1.0
0.22922922922922923,9.064703276450589e-05,0.09184217541988803,0.0,0.0,5.411637726931767e-05,0.0,0.2,0.0,0.0002700487643093579,0.0002977636718120925,2.7648750276487504e-05,0.00019098178476629641,0.0027887155633802524,0.0015434029615508283,0.0,0.0014873909810019608,0.1391304347826087,0.6921651736393881,0.0,1.0,0.08043478260869566,0.08927794005549554,0.0,0.05511811023622047,0.4777531943363691,0.5753481860913544,0.06786542249837879,0.9937115311284535,0.4260869565217391,0.9890133709991605,0.0,1.0
0.01001001001001001,0.00017266101478953503,0.08890962410023993,1.0,0.0,6.012930807701963e-06,0.013333333333333334,0.15999999999999998,0.0,0.001372953835806147,0.0008980267993091493,0.001963061269630613,0.0006656683947289027,0.016111837525271077,0.004484069953182095,0.0,0.0014197823000473263,0.0,0.0,0.0,0.0,0.0,0.0,0.0,0.0,0.9700540871509169,0.058963456612609155,0.9168763748323077,0.9935096061979332,0.0,0.0,0.0,0.0
0.13413413413413414,0.00030935098483125025,0.23993601706211676,1.0,0.0,4.058728295198825e-05,0.9800000000000001,0.12,0.0,0.000491368798030795,0.0013047711431976143,0.00011059500110595002,0.0011915602658245017,0.0056263559612057725,0.0025715963714646934,0.0,0.0014197823000473263,0.0,0.0,0.0,0.0,0.1891358024691358,0.19306460162879363,0.0,0.11811023622047244,0.6740579820012984,0.3692891867409599,0.4933948043430121,0.9911944285796546,0.11851851851851852,0.64644219938582,0.0,1.0
0.06806806806806806,6.618672233598842e-05,0.10957078112503332,0.0,0.0,3.6077584846211784e-05,0.36000000000000004,0.32,0.0,0.0003603479649705695,0.0005553374162901167,0.00024883875248838755,0.00040133853320453597,0.005381731788979435,0.0022287451598644674,0.0,0.0009465215333648841,0.0,0.0,0.0,0.0,0.3289855072463768,0.6966644435703508,0.0,0.2440944881889764,0.6462399039663218,0.32472172125311366,0.5800436364988402,0.9319055547014274,0.21739130434782608,0.8249419983047946,0.0,1.0
0.16516516516516516,0.0009382847183331306,0.2528659024260197,1.0,0.0,1.2025861615403927e-05,0.0,0.2,0.0,0.0012490207103261137,0.0014055457252103783,0.0004976775049767751,0.0014738811650442441,0.010625678276132589,0.003200460288443127,0.0,0.001757825704820499,0.006024096385542169,0.15476183829717025,0.0,1.0,0.06887550200803212,0.3802724250260155,0.0,0.23622047244094488,0.8996270953149885,0.1738545183605297,0.7957031445779235,0.9984024456877831,0.4759036144578313,0.9988380533475949,0.0,1.0
0.13113113113113112,0.00016546680583997108,0.16169021594241534,1.0,0.0,2.1045257826956873e-05,0.8266666666666668,0.39999999999999997,0.0,0.0003583882574544234,0.00033082209935858867,0.00041473125414731257,0.00024633882382899105,0.004651334047474091,0.002098086353563631,0.0,0.0012169562571834225,0.0,0.0,0.0,0.0,0.017929292929292927,0.06962340887318284,0.0,0.05511811023622047,0.7443777189608198,0.3907016103796611,0.3312037202343898,0.9972357008734454,0.0,0.0,0.0,0.0
0.001001001001001001,3.804937177769382e-05,0.018928285790455877,0.0,0.0,7.516163509627454e-06,0.0,0.2,0.0,0.0006274673577215176,4.502643418221168e-06,0.003013713780137138,0.00014946400546927545,0.028483427053604227,0.0030278108925299706,0.10714285714285714,0.0012169562571834225,0.0,0.0,0.0,0.0,0.0,0.0,0.0,0.0,0.990428312208091,0.019135781923786177,0.9855808776428088,0.9959309882889817,0.0,0.0,0.0,0.0
0.0,5.115881919689927e-05,0.052785923753665684,0.0,0.0,9.019396211552946e-06,0.0,0.27999999999999997,0.0,0.000346494531117385,0.0,0.0016865737668657378,8.165163261747455e-05,0.031648252281782474,0.0,0.17857142857142855,0.0010141302143195188,0.0,0.0,0.0,0.0,0.13333333333333333,0.0,0.13333333333333333,0.031496062992125984,0.47248753565261126,0.0,0.5567006158043979,0.4532120897718661,1.0,0.0,1.0,1.0
0.1871871871871872,0.0022829623066616296,0.23193814982671287,1.0,0.0,9.019396211552946e-06,0.9400000000000001,0.15999999999999998,0.0,0.003070556592074319,0.008744052454278547,2.7648750276487504e-05,0.005456820125605121,0.00438810873836062,0.0029344324219107306,0.0,0.0027719559191400176,0.4946808510638298,0.9999434117080723,0.0,1.0,0.07429078014184397,0.12647389435587575,0.0,0.07874015748031496,0.43308696615312137,0.8513251133429606,0.03819691576596984,0.964126247689217,0.4627659574468085,0.9972233973892652,0.0,1.0
0.2762762762762763,0.0009418018871529175,0.2505998400426553,1.0,0.0,5.8626075375094144e-05,0.5666666666666667,0.24,0.0,0.0011904482675390282,0.0006692981395248006,0.0009953550099535502,0.0006075435037130733,0.017998753343406015,0.004402137061679997,0.0,0.0035832600905956326,0.0036101083032490976,0.11995124711795054,0.0,1.0,0.010709987966305656,0.13640026477292339,0.0,0.23622047244094488,0.9403342620828425,0.07860884338886719,0.904270811272208,0.9958599449511913,0.9963898916967509,0.11995124711795054,0.0,1.0
0.0960960960960961,0.001769775401592734,0.6328978938949613,1.0,1.0,7.365840239434905e-05,0.9600000000000001,0.12,0.3333333333333333,0.0014460183355136187,0.0011360651715471976,0.0012165450121654502,0.000909239366604759,0.017444603663223056,0.004794406430161366,0.0,0.0027719559191400176,0.0,0.0,0.0,0.0,0.4752577319587629,0.5377685999183082,0.0,0.25196850393700787,0.9024261596129213,0.15966697704002625,0.7613938005687109,0.997315614901825,0.030927835051546393,0.3462444458504467,0.0,1.0
0.2062062062062062,0.00013205370205199624,0.11943481738203146,1.0,0.0,0.0001818911569329844,0.0,0.36000000000000004,0.0,0.00037949089174951534,0.0007181718675693091,2.7648750276487504e-05,0.0003971867552748339,0.002639902525275897,0.0016260463873800288,0.0,0.001284564938138057,0.0,0.0,0.0,0.0,0.0607085346215781,0.16075814070358146,0.0,0.09448818897637795,0.33569577396892303,0.671651283310196,0.23009201195483708,0.9778363824360969,0.057971014492753624,0.4673772607709303,0.0,1.0
0.12112112112112111,9.128651800446713e-05,0.07358037856571581,0.0,1.0,0.0,1.0,0.24,0.0,0.00021296477137244314,0.00013714434166517043,0.00022119000221190003,0.000143928301563006,0.003943060940025358,0.001079277466472844,0.0,0.00047326076668244207,0.00819672131147541,0.18032786885245905,0.0,1.0,0.9759562841530054,0.07734643074836832,0.9,0.2440944881889764,0.9961477085854273,0.005718810784536076,0.9932046664723826,0.9991591467202836,0.9672131147540983,0.3561567374164006,0.0,1.0
0.3303303303303303,0.0002717812269835273,0.213009864036257,1.0,0.0,6.764547158664709e-05,0.26,0.24,0.0,0.001160122947995095,0.0007593485751189187,0.0017418712674187127,0.0008123645482450434,0.0030978953895158673,0.0014767370918220564,0.0,0.00162260834291123,0.015105740181268883,0.24394718112611907,0.0,1.0,0.2404833836858006,0.6018761092075706,0.0,0.2440944881889764,0.8127840108200024,0.3081554137202712,0.6624209021920278,0.9976577797442703,0.3564954682779456,0.9579278665436848,0.0,1.0
0.2622622622622623,0.00026250869100408934,0.30365235937083446,0.0,1.0,0.0,0.3866666666666667,0.6000000000000001,0.6666666666666666,8.947670031365176e-05,0.00017125532603389765,2.7648750276487504e-05,0.00033075830839960035,0.0008744384027159162,0.0009851685969488788,0.0,0.0009465215333648841,0.0,0.0,0.0,0.0,0.317743979721166,0.6616552505221037,0.0,0.23622047244094488,0.9809689067479432,0.05526695548917463,0.9463038833702972,0.9953755170568614,0.0,0.0,0.0,0.0
0.056056056056056056,6.0910969106308193e-05,0.09757398027192749,1.0,0.0,4.2090515653913746e-05,0.18000000000000002,0.39999999999999997,0.0,0.000280939286711646,0.0002470128191331055,0.00019354125193541254,0.0001716068210943533,0.001443604490046218,0.0007682796914518313,0.0,0.0002704347238185383,0.017543859649122806,0.2625724481946625,0.0,1.0,0.015789473684210527,0.06080514640803488,0.0,0.031496062992125984,0.6851723692534932,0.33960593032785064,0.5495380419075468,0.9901450725707823,0.7894736842105263,0.8153649149910351,0.0,1.0
0.4494494494494495,0.0019597025178612225,0.6230338576379632,0.0,1.0,0.004224083892410629,0.8866666666666667,0.52,0.0,0.004537463327117813,0.004916821551686187,0.0003870825038708251,0.003859769548646382,0.004787091196992578,0.0013892706272066798,0.0,0.0006760868095463458,0.0,0.0,0.0,0.0,0.027185185185185187,0.08905731849716164,0.0,0.14173228346456693,0.7163194758365714,0.3497564284300969,0.485260229863842,0.9986031048589448,0.4955555555555556,0.9999604930467608,0.0,1.0
0.004004004004004004,2.222211208865312e-05,0.15355905091975472,0.0,0.0,3.0064654038509817e-06,0.0,0.27999999999999997,0.0,8.579809406200422e-05,3.464403017689634e-05,0.00033178500331785003,2.629459355477994e-05,0.0,0.0,0.0,0.0,0.0,0.0,0.0,0.0,0.0,0.0,0.0,0.0,0.4432452894157901,0.017840900325225853,0.5286126859219005,0.437572055880433,0.0,0.0,0.0,0.0
0.13313313313313313,0.00039168470947626,0.6451612903225806,0.0,0.0,1.5032327019254909e-06,0.36000000000000004,0.32,0.0,0.00025064643809055595,0.0001662445790503519,0.0005529750055297501,0.00015223185742241019,0.0010077055452905861,0.0005678226976917345,0.0,0.0003380434047731729,0.0,0.0,0.0,0.0,0.9333333333333333,0.0,0.9333333333333333,0.2204724409448819,0.9969880899434864,0.007023417971911262,0.9946909268335666,0.9990346302371167,0.0,0.0,0.0,0.0
0.08108108108108107,0.0001298155037121319,0.0837110103972274,0.0,0.0,3.0064654038509815e-05,0.04,0.08000000000000002,0.0,0.0006620149343394259,0.00048318270780306857,0.0008571112585711126,0.0003238386785167635,0.0015180868980692406,0.000752444647331224,0.0,0.0004056520857278075,0.0,0.0,0.0,0.0,0.01016260162601626,0.057470306780271,0.0,0.047244094488188976,0.5751714719452572,0.552699697605053,0.3337781302262455,0.9945617738525963,0.4146341463414634,0.985317554962154,0.0,1.0
1.0,0.0018543473245776082,0.9862703279125566,1.0,0.0,0.0004509698105776473,0.7066666666666667,0.2,0.0,0.0018287855059434964,0.004249452579979697,0.00027648750276487504,0.003526243388293647,0.004994094210065274,0.0017432202748902117,0.0,0.0018930430667297683,0.0,0.0,0.0,0.0,0.19646666666666668,0.3170586081487297,0.0,0.23622047244094488,0.6261916747646534,0.4299721731176981,0.45696085088154526,0.9979850459765549,0.495,0.9999499987499374,0.0,1.0
0.17017017017017017,8.089488285509696e-05,0.07278059184217542,0.0,0.0,5.411637726931767e-05,0.5866666666666667,0.08000000000000002,0.0,0.00020562698267342485,0.00026473517987622545,0.00011059500110595002,0.00023111563808675002,0.0034547799761789834,0.0021023937263302734,0.0,0.00162260834291123,0.0,0.0,0.0,0.0,0.26842105263157895,0.5270378977525215,0.0,0.25196850393700787,0.25863347252471147,0.6914343809039054,0.1174959087484444,0.9363041514743768,0.1111111111111111,0.628539361054709,0.0,1.0
0.3843843843843844,0.00021454729800699632,0.06904825379898694,0.0,0.0,1.5032327019254909e-06,0.54,0.08000000000000002,0.0,0.00016047840673766683,0.00023578223818476575,2.7648750276487504e-05,0.00019374963671943114,0.0024880184477799553,0.0013659166997818423,0.0,0.0013521736190926915,0.0,0.0,0.0,0.0,0.49437229437229435,0.8490785207778642,0.0,0.25196850393700787,0.8297913285263014,0.3960923916438275,0.4442841668719941,0.9832943834797154,0.0025974025974025974,0.10179697632345676,0.0,1.0
0.15615615615615616,6.538736578603687e-05,0.04972007464676086,1.0,0.0,5.110991186546669e-05,0.16666666666666669,0.27999999999999997,0.0,0.00032697458558273584,0.00029552873661396365,2.7648750276487504e-05,0.0001646871912115165,0.0019754960023023456,0.0015144296877968133,0.0,0.0013521736190926915,0.0,0.0,0.0,0.0,0.02781316348195329,0.08573288262565873,0.0,0.047244094488188976,0.6802409413803963,0.6321691955872426,0.27178679757512203,0.9903864591055784,0.42038216560509556,0.9872405997450988,0.0,1.0
0.011011011011011011,8.792922049467061e-05,0.2100773127166089,1.0,0.0,0.0,1.0,0.2,0.0,0.0004049098438649796,0.000255329615351755,0.0011335987613359877,0.00019651748867256588,0.00914282843695938,0.0021336307810686044,0.0,0.0007436954905009804,0.0,0.0,0.0,0.0,0.06944444444444445,0.1846669362753255,0.0,0.06299212598425197,0.990860959592748,0.0065987331082281945,0.9885690467214285,0.9923241499327444,0.5833333333333334,0.9860132971832694,0.0,1.0
0.12412412412412413,2.8297221868284907e-05,0.02505998400426553,0.0,1.0,1.9542025125031382e-05,0.35333333333333333,0.12,0.0,0.0001065611169599261,0.00010324432502636665,8.294625082946251e-05,8.718733652374402e-05,0.000573888308042989,0.0004114919313530883,0.0,0.00020282604286390375,0.0,0.0,0.0,0.0,0.0008,0.009054658685927839,0.0,0.007874015748031496,0.5336849535163388,0.3904020575946774,0.35028872061542504,0.9949491688419707,0.264,0.8815985480931784,0.0,1.0
0.013013013013013013,0.0001296556324021416,0.33031191682218075,0.0,0.0,0.0,0.29333333333333333,0.24,0.0,0.01154568242392187,0.003545138024379174,0.03818292413182924,0.0037642786562632337,0.023359424303220397,0.004861717107672261,0.023809523809523808,0.001960651747684403,0.0,0.0,0.0,0.0,0.6809523809523809,0.7418734622782789,0.0,0.23622047244094488,0.9269380286084177,0.05521270109169166,0.9243662049520722,0.98757764052485,0.6428571428571429,0.9583148474999098,0.0,1.0
0.031031031031031032,9.928008350398264e-05,0.040789122900559846,1.0,0.0,7.516163509627454e-06,0.8333333333333334,0.27999999999999997,0.16666666666666666,0.00015567922232823822,8.317521688977331e-05,0.00041473125414731257,6.36605949220988e-05,0.0019780157676114046,0.0011646459815777073,0.0,0.0005408694476370766,0.0,0.0,0.0,0.0,0.008333333333333333,0.0330724649938464,0.0,0.015748031496062992,0.8820824948363679,0.20661665521084516,0.687717139147332,0.9760751197884305,0.03125,0.34798527267687634,0.0,1.0
0.09309309309309309,7.418028783550394e-05,0.0714476139696081,1.0,0.0,3.9084050250062765e-05,0.21333333333333335,0.24,0.0,0.000537733548654701,0.0003828548329811438,0.00030413625304136254,0.0002781691212900404,0.002042546778469649,0.0012925790719920437,0.0,0.0007436954905009804,0.0,0.0,0.0,0.0,0.004964539007092198,0.028565860511732377,0.0,0.023622047244094488,0.6224952742594541,0.5273631433041731,0.3199798427896141,0.9886932828988408,0.5212765957446809,0.9990942027126721,0.0,1.0
0.42942942942942947,0.0015024705712889353,0.9886696880831778,1.0,1.0,0.00034874998684671386,0.8200000000000001,0.15999999999999998,0.0,0.00041556898242399676,0.0004801310283194225,0.00019354125193541254,0.0005148204632830598,0.006079408461570308,0.0021942205953856715,0.0,0.001960651747684403,0.0,0.0,0.0,0.0,0.4017054263565891,0.48224650954928805,0.0,0.25196850393700787,0.8747664481421511,0.1703461239583565,0.6209399971399003,0.9986756058950119,0.9209302325581395,0.5396952448134061,0.0,1.0
0.06006006006006006,9.08069040744962e-05,0.07597973873633697,0.0,0.0,9.771012562515691e-05,0.04,0.24,0.0,0.0008729208883479772,0.00047353575823547503,0.0008018137580181376,0.0003238386785167635,0.008370357434088916,0.0015695583449846994,0.0,0.0006760868095463458,0.0,0.0,0.0,0.0,0.004371584699453552,0.02266251168043085,0.0,0.015748031496062992,0.6981946185818835,0.4770925076277719,0.4283285127010723,0.9980283671093693,0.639344262295082,0.9603815420247088,0.0,1.0
0.41941941941941946,0.001617258171861978,0.4112236736870168,0.0,1.0,0.00012326508155789025,0.6333333333333334,0.2,0.0,0.002555586482260481,0.004393856093065761,0.00030413625304136254,0.0027512448414159225,0.013257101233591103,0.005059181568720075,0.0,0.005003042390642959,0.0,0.0,0.0,0.0,0.2461111111111111,0.5095125442596842,0.0,0.25984251968503935,0.44443465294329076,0.6861722097849966,0.20018578697751188,0.990334168718948,0.30238095238095236,0.9185787108748832,0.0,1.0
0.13913913913913914,5.563521587662795e-05,0.060383897627299385,1.0,1.0,6.764547158664709e-05,0.4066666666666667,0.24,0.0,0.000972414262371304,0.0025204830735644323,0.0,0.00120816737754331,0.0034059547693727804,0.0007174386551017046,0.0,0.0005408694476370766,0.0,0.0,0.0,0.0,0.05857142857142857,0.3916617066457396,0.0,0.22834645669291337,0.8982808825746655,0.16553071252123075,0.8574757210602781,0.9951383687409026,0.03571428571428571,0.37115374447904514,0.0,1.0
0.13813813813813813,0.00011446785795306211,0.0747800586510264,0.0,1.0,1.0522628913478436e-05,0.0,0.15999999999999998,0.0,0.00033107363875759427,0.0002305809772536299,0.00041473125414731257,0.00028647267714944466,0.004204587953023379,0.0018988087849509455,0.0,0.0009465215333648841,0.0,0.0,0.0,0.0,0.025179856115107913,0.05397215719134792,0.0,0.03937007874015748,0.9624114995558593,0.0754983084211936,0.8349732581326883,0.9996388850799383,0.07194244604316546,0.5167851797429632,0.0,1.0
0.09109109109109109,0.0007598683363839444,0.21234337509997334,1.0,1.0,4.810344646161571e-05,0.6666666666666667,0.56,0.0,0.0004306856268524198,0.0003183169969128849,0.0007465162574651626,0.00027678519531347306,0.004128032906319453,0.0017379808639688668,0.0,0.0011493475762287878,0.0,0.0,0.0,0.0,0.04492753623188406,0.13859170463865927,0.0,0.05511811023622047,0.9230197168143022,0.09865052523078993,0.8808933827677299,0.9964751714376385,0.9891304347826086,0.20737808726455337,0.0,1.0
0.005005005005005005,0.00038289178742679294,0.10503865635830445,0.0,1.0,0.0,0.7733333333333334,0.48000000000000004,0.5,6.262507743485926e-05,3.0316312958672133e-05,0.00024883875248838755,2.2142815625077845e-05,0.0,0.0,0.0,0.0,0.0,0.0,0.0,0.0,0.0,0.0,0.0,0.0,0.9136281222421685,1.3208639231031964e-05,0.9274118976753183,0.9087923582413975,0.0,0.0,0.0,0.0
0.09709709709709709,4.588306596721903e-05,0.04918688349773394,1.0,0.0,1.6535559721180398e-05,0.08,0.08000000000000002,0.0,0.00022962449572997277,0.00013892099436427989,0.00024883875248838755,0.00011901763398479342,0.002131412908773105,0.0010240151043689426,0.0,0.0005408694476370766,0.01020408163265306,0.20099709799583887,0.0,1.0,0.05408163265306122,0.18603611656460117,0.0,0.11023622047244094,0.7444381846288248,0.4137620298347699,0.5223921624893224,0.9985412901518904,0.8571428571428571,0.6998542122237652,0.0,1.0
0.1181181181181181,8.649037870475783e-05,0.06784857371367635,1.0,0.0,5.110991186546669e-05,0.8933333333333334,0.12,0.0,0.00021144842161381332,0.00038316757257964446,0.0,0.0002228120822273458,0.002535406205207223,0.0012658030498737254,0.0,0.000811304171455615,0.0,0.0,0.0,0.0,0.01568627450980392,0.0685249196349036,0.0,0.047244094488188976,0.5241685681651562,0.6001883181924151,0.2900589276909633,0.9278739710796495,0.5042016806722689,0.9999646911356985,0.0,1.0
0.11611611611611611,0.0004390066172333918,0.7977872567315383,0.0,0.0,2.1045257826956873e-05,1.0,0.32,0.0,0.0004762238122351624,0.0008068183753595909,0.00024883875248838755,0.0008206681041044476,0.007447708371724308,0.002954000515316899,0.0,0.0020282604286390375,0.0,0.0,0.0,0.0,0.8997150997150997,0.5294135408702719,0.0,0.4645669291338583,0.5835074025383093,0.7751590617701482,0.11429624413573425,0.9727434544043048,0.905982905982906,0.5837049941526111,0.0,1.0
0.002002002002002002,5.2917403606792676e-05,0.6511596907491335,1.0,0.0,0.0,0.68,0.44,0.0,0.003976933802703428,0.0008999681802524037,0.01705927892059279,0.001144506782621211,0.02531860182542598,0.010946262460720505,0.0,0.00236630383341221,0.0,0.0,0.0,0.0,0.0,0.0,0.0,0.0,0.9977855694032272,4.921111632731152e-06,0.998136773396153,0.9956957334245216,0.0,0.0,0.0,0.0
0.09109109109109109,0.00014260520851135672,0.3128499066915489,0.0,1.0,6.012930807701963e-06,0.6933333333333334,0.6399999999999999,0.0,0.0017303266327427591,0.0036177193533881596,0.0005806237558062375,0.0019195053294989357,0.007545126812106112,0.002093299307327613,0.0,0.0010141302143195188,0.0,0.0,0.0,0.0,0.5956521739130435,0.41507033896425477,0.2,0.28346456692913385,0.9307524217758933,0.09637285798770913,0.8846148717275275,0.9986261167790937,0.9891304347826086,0.20737808726455337,0.0,1.0
0.05105105105105105,0.0005221396984283532,0.41602239402825913,1.0,0.0,6.163254077894512e-05,0.26666666666666666,0.39999999999999997,0.0,0.0014691603414622879,0.0012395182879342639,0.0025436850254368505,0.0012372298230512247,0.04386123168795751,0.010967718677607466,0.011904761904761904,0.004326955581096613,0.0,0.0,0.0,0.0,0.6217948717948718,0.6282439541877561,0.0,0.25984251968503935,0.9771858351568738,0.03589503615135531,0.9647325477042372,0.9989874392006888,0.5384615384615384,0.9970370305242862,0.0,1.0
0.005005005005005005,1.502790313908916e-05,0.014262863236470275,0.0,0.0,0.0,0.0,0.12,0.0,0.00027600993887648575,9.160294550389001e-05,0.0009953550099535502,8.580341054717665e-05,0.005978003208781134,0.001127004550896342,0.0,0.0003380434047731729,0.0,0.0,0.0,0.0,0.15555555555555556,0.08819323998359038,0.06666666666666667,0.05511811023622047,0.926879809550643,0.09006557514397621,0.9027766444175631,0.9756133666242564,0.8333333333333334,0.7453559924999299,0.0,1.0
0.17217217217217218,0.0001593916960603393,0.8551053052519327,1.0,1.0,7.516163509627454e-06,0.5533333333333333,0.24,0.0,0.0005085716994344104,0.0009538652613049019,0.00016589250165892502,0.0004580794982437979,0.0023903882262926264,0.0006785442684980602,0.0,0.0004056520857278075,0.0,0.0,0.0,0.0,0.8882466281310212,0.49936790158899075,0.0,0.25196850393700787,0.9293444875210071,0.15264695992730093,0.8656459866244504,0.9954714138909173,0.5086705202312138,0.9998496328527006,0.0,1.0
0.02702702702702703,6.794530674588183e-05,0.058517728605705144,1.0,0.0,9.019396211552946e-06,0.06666666666666667,0.36000000000000004,0.0,0.000882991246422625,0.00033424000873977683,0.00210130502101305,0.00029062445507914674,0.0030894722465549555,0.0018468927961769277,0.0,0.000811304171455615,0.4642857142857143,0.997445717412067,0.0,1.0,0.0023809523809523807,0.015236499265826894,0.0,0.007874015748031496,0.8940904824342244,0.18912195147157934,0.7781009008797106,0.9990847314825624,0.14285714285714285,0.6998542122237652,0.0,1.0
0.32132132132132135,0.0007254960047360277,0.46987470007997867,0.0,1.0,0.0007395904893473415,0.9066666666666667,0.2,0.6666666666666666,0.0021997781256403474,0.0050823392524127434,0.00047002875470028755,0.0033089670099725704,0.0053205757459228505,0.0013237559575379027,0.0,0.0010141302143195188,0.003105590062111801,0.11128244016875105,0.0,1.0,0.11790890269151139,0.1898560044911175,0.0,0.09448818897637795,0.7427121597065929,0.27474665275522203,0.6195091117820342,0.9993523254611345,0.08695652173913043,0.5635426694267704,0.0,1.0
0.042042042042042045,4.252576845742251e-05,0.03572380698480405,1.0,0.0,3.6077584846211784e-05,0.22666666666666668,0.24,0.0,0.0004642457900250867,0.00011433392562766278,0.0012994912629949126,0.0001480800794927081,0.0035818952194885587,0.0009898885933034747,0.0,0.0004056520857278075,0.0,0.0,0.0,0.0,0.005426356589147287,0.021841042775147656,0.0,0.007874015748031496,0.8460370523785254,0.19318530680818508,0.7656092828497627,0.9914426626650821,0.11627906976744186,0.6411185466088476,0.0,1.0
0.6586586586586587,0.0009258147561538864,0.9152226073047187,0.0,1.0,0.00020143318205801577,0.9333333333333333,0.27999999999999997,0.0,0.0004941389978294107,0.0005995163623819523,0.00013824375138243752,0.000575713206252024,0.002843059992536453,0.0016249224507393185,0.0,0.002231086471502941,0.0,0.0,0.0,0.0,0.5174001011633789,0.5380402331562454,0.0,0.25984251968503935,0.8617832110794019,0.23720102781324567,0.746608771772844,0.9991573310818582,0.5280728376327769,0.9984225874593258,0.0,1.0
0.09009009009009009,4.124679797750003e-05,0.05971740869101573,0.0,0.0,0.00011123921994248633,0.28,0.36000000000000004,0.0,0.0005625001503918434,0.00023080734243043432,0.0015759787657597876,0.00022142815625077845,0.03688818269620213,0.011100623301251444,0.023809523809523808,0.007098911500236631,0.0,0.0,0.0,0.0,0.0336996336996337,0.05581281228451901,0.0,0.031496062992125984,0.6268977352867973,0.29179312057006274,0.5317566336060562,0.8973625512301187,0.06593406593406594,0.49633361717082264,0.0,1.0
0.20020020020020018,0.000689045346058237,0.4792055451879499,1.0,1.0,7.516163509627454e-06,0.9400000000000001,0.27999999999999997,0.0,0.0005658311685957098,0.003452786275068468,5.529750055297501e-05,0.0073444951576430075,0.001983920292290842,0.0011618080853259068,0.0,0.0008789128524102495,0.0,0.0,0.0,0.0,0.6976782752902155,0.6217143767416905,0.0,0.30708661417322836,0.6493410946613505,0.35130544470806646,0.6123768046006726,0.9986307596259225,0.0845771144278607,0.5565027444421717,0.0,1.0
1.0,0.0036901495771963404,0.23260463876299653,1.0,1.0,0.0006749514831645454,0.9400000000000001,0.03999999999999998,0.3333333333333333,0.0016819033400523383,0.0015786739883043017,0.0011059500110595002,0.0032895920463006274,0.01338088106473763,0.005666514647156837,0.0,0.007098911500236631,0.0,0.0,0.0,0.0,0.3282333333333333,0.3122354083337373,0.0,0.25196850393700787,0.805360000650607,0.22454311331809643,0.7204483124471954,0.9986797196129293,0.96,0.39191835884530857,0.0,1.0
0.21421421421421422,9.528330075422489e-05,0.08397760597174087,0.0,0.0,4.058728295198825e-05,0.0,0.15999999999999998,0.0,0.0002350484883617204,0.00035647421273385355,5.529750055297501e-05,0.00024633882382899105,0.0009519009213435349,0.0007388319573401179,0.0,0.0004056520857278075,0.0,0.0,0.0,0.0,0.014728682170542635,0.06159166686348529,0.0,0.047244094488188976,0.39833790442682915,0.4968837522277218,0.305405596128268,0.9852088030098134,0.23255813953488372,0.8449256802132534,0.0,1.0
0.024024024024024024,0.0019879997397295075,0.6626233004532125,0.0,1.0,2.7058188634658835e-05,0.7066666666666667,0.2,0.0,0.003698239656067632,0.0020625969407855205,0.006359212563592126,0.0016164255406306827,0.015950719150018364,0.0038018170016797703,0.011904761904761904,0.00162260834291123,0.0,0.0,0.0,0.0,0.9333333333333333,0.13696952493191047,0.7333333333333333,0.23622047244094488,0.9633987075334014,0.04993417570945638,0.9195586643473215,0.9954009308072704,0.0,0.0,0.0,0.0
0.030030030030030033,5.32371462267733e-05,0.04052252732604639,0.0,0.0,3.0064654038509817e-06,0.05333333333333334,0.2,0.0,0.00028987014371395823,0.00015692437469807998,0.0003870825038708251,0.00010517837421911976,0.0034710986373567877,0.0020404762209999955,0.0,0.0009465215333648841,0.0,0.0,0.0,0.0,0.0,0.0,0.0,0.0,0.8477409773397051,0.2529586126236015,0.7860980636263006,0.9887533960933128,0.41935483870967744,0.9869070026308617,0.0,1.0
0.028028028028028028,7.897642713521324e-05,0.08331111703545721,0.0,0.0,1.2025861615403927e-05,0.13333333333333333,0.12,0.3333333333333333,0.00042000892869315524,0.00033352782423132633,0.00044238000442380006,0.00021174067441480688,0.002910184117865055,0.0014932182273831422,0.0,0.0006760868095463458,0.0,0.0,0.0,0.0,0.11724137931034483,0.14122187112267773,0.0,0.07874015748031496,0.6685379096508663,0.4363525796589329,0.23786737497591215,0.9954944621238342,0.3448275862068966,0.950624051868291,0.0,1.0
0.024024024024024024,5.5155601946657026e-05,0.053319114902692616,1.0,0.0,1.8038792423105892e-05,0.02666666666666667,0.27999999999999997,0.0,0.0006394014612844973,0.00041911715587029133,0.0012994912629949126,0.00030584764082138775,0.011984138197368295,0.0061571039803625695,0.0,0.002569129876276114,0.0,0.0,0.0,0.0,0.09333333333333332,0.1274384688567036,0.0,0.05511811023622047,0.8320891218943842,0.3820616443477738,0.610538314810321,0.998118988216917,0.92,0.5425863986500215,0.0,1.0
0.013013013013013013,4.5243580727257786e-05,0.04292188749666755,1.0,0.0,3.156788674043531e-05,0.14,0.15999999999999998,0.0,0.0003303561802520519,0.00026193243469730434,0.0006082725060827251,0.00014946400546927545,0.008288827978562075,0.002510671920321102,0.0,0.0009465215333648841,0.0,0.0,0.0,0.0,0.05476190476190476,0.06167417100806511,0.0,0.031496062992125984,0.4917342871998862,0.46225418904324533,0.4279627033522786,0.7775606637349499,0.2857142857142857,0.9035079029052513,0.0,1.0
0.002002002002002002,2.174249815868219e-05,0.019461476939482802,0.0,0.0,0.0,0.03333333333333333,0.2,0.0,0.0001688347369759403,8.710284523198142e-05,0.0006359212563592126,5.8124891015829343e-05,0.0,0.0,0.0,0.0,0.0,0.0,0.0,0.0,0.02222222222222222,0.05577830251559532,0.0,0.015748031496062992,0.92579379807849,0.07054515904033792,0.9207148782068,0.9621923230148992,0.0,0.0,0.0,0.0
0.2112112112112112,0.0003856095996966282,0.17901892828579044,1.0,0.0,7.967133320205101e-05,0.9600000000000001,0.24,0.3333333333333333,0.000463206741040187,0.0005018745028922702,0.00011059500110595002,0.0004829901658220105,0.005961416074461542,0.0021795591110758687,0.0,0.0014197823000473263,0.0,0.0,0.0,0.0,0.00880503144654088,0.04246195156071484,0.0,0.03937007874015748,0.7547836553026563,0.6061680397067098,0.2548153932766457,0.9959509758742682,0.09433962264150944,0.5846012598048932,0.0,1.0
0.002002002002002002,7.386054521552331e-05,0.18581711543588375,0.0,0.0,0.0,0.0,0.6399999999999999,0.16666666666666666,0.0004642906989720385,0.00042176629400815085,0.0011335987613359877,0.00020066926660226796,0.01265930091271299,0.00384564015336114,0.011904761904761904,0.0009465215333648841,0.0,0.0,0.0,0.0,0.1,0.0,0.1,0.023622047244094488,0.9802848101254966,4.2077077166631674e-07,0.9834319999412733,0.9776210632815401,0.0,0.0,0.0,0.0
0.03203203203203203,0.00046282744242194805,0.14662756598240467,1.0,0.0,1.5032327019254909e-06,0.9533333333333334,0.27999999999999997,0.0,0.0016680586914897128,0.0017293927496558907,0.0025436850254368505,0.0015057114625052935,0.015536414756511395,0.0033979854033541,0.011904761904761904,0.0014197823000473263,0.0,0.0,0.0,0.0,0.9868686868686868,0.028907749900921462,0.9666666666666667,0.23622047244094488,0.9803346428503064,0.031795477602004275,0.9575319356800129,0.9978227279013856,0.030303030303030304,0.3428396514843867,0.0,1.0
0.10210210210210209,2.0143785058779086e-05,0.010930418555051986,1.0,0.0,0.0,0.9866666666666667,0.32,0.0,5.694431365004945e-05,8.455142543923877e-05,2.7648750276487504e-05,5.950881699239671e-05,0.0012495426467240976,0.0006917661140519442,0.0,0.0004056520857278075,0.0,0.0,0.0,0.0,0.10453074433656957,0.26714228018046127,0.0,0.23622047244094488,0.9272124088579341,0.10472579567549005,0.8630132129494212,0.991852794635073,0.6893203883495146,0.9255437116747951,0.0,1.0
0.0,5.115881919689927e-06,0.0011996800853105837,0.0,0.0,0.0,0.0,0.39999999999999997,0.0,5.683182327807301e-05,0.0,0.00030413625304136254,1.2455333789106288e-05,0.0,0.0,0.0,0.0,0.0,0.0,0.0,0.0,0.0,0.0,0.0,0.0,0.8877875482400333,0.0,0.9057013547048367,0.8820977527381526,0.0,0.0,0.0,0.0
0.05005005005005005,7.849681320524231e-05,0.07557984537456677,1.0,0.0,4.96066791635412e-05,0.09333333333333334,0.27999999999999997,0.0,0.0006435407981761305,0.0004162042020750989,0.00027648750276487504,0.0002532584537118279,0.00426113723532496,0.001267496905352143,0.0,0.0006084781285917113,0.058823529411764705,0.47058823529411764,0.0,1.0,0.018300653594771243,0.04584710244320585,0.0,0.023622047244094488,0.7228735543208984,0.6151874261902742,0.23098051945965903,0.9973104014257759,0.1568627450980392,0.7273426270977023,0.0,1.0
0.5315315315315315,0.0001470816051910854,0.147960543854972,1.0,0.0,4.6600213759690214e-05,0.04,0.15999999999999998,0.0,0.00012454320362938285,0.00023915222414582643,0.0,0.00018683000683659433,0.0014911958468609285,0.0011544941613951748,0.0,0.0010141302143195188,0.0,0.0,0.0,0.0,0.0010651629072681705,0.011019542198021386,0.0,0.015748031496062992,0.6169659890208683,0.32766410290463954,0.48975585444708614,0.9944372314317365,0.10150375939849623,0.6039892258193631,0.0,1.0
0.003003003003003003,5.9951741246366325e-05,0.04865369234870701,1.0,0.0,1.6535559721180398e-05,0.2866666666666667,0.24,0.0,0.0007042279752989353,7.18661949544634e-05,0.0032072550320725503,0.00018544608086002695,0.00421976697090433,0.0016481314942976314,0.0,0.0004056520857278075,0.0,0.0,0.0,0.0,0.05,0.12196522452921184,0.0,0.03937007874015748,0.91705396844619,0.15484303463571447,0.8513255877923838,0.9856198842993233,0.75,0.8660254037844386,0.0,1.0
0.036036036036036036,7.657835748535859e-05,0.08144494801386297,0.0,0.0,6.914870428857258e-05,0.24666666666666667,0.24,0.0,0.0002705559293324843,0.00030696462440629036,0.00027648750276487504,0.00020482104453197007,0.0010834536817186792,0.000865654242756797,0.0,0.0004056520857278075,0.0,0.0,0.0,0.0,0.054954954954954956,0.17945524516008268,0.0,0.13385826771653542,0.5363722905337074,0.4275160657344146,0.48371146894623784,0.935923246095486,0.6486486486486487,0.9547849585219295,0.0,1.0
0.014014014014014014,5.595495849660857e-06,0.002932551319648094,0.0,0.0,0.0,0.0,0.03999999999999998,0.3333333333333333,5.851186698354103e-06,2.084874633630005e-05,0.0,6.919629882836827e-06,0.00028131779806028865,0.00033567499234931454,0.0,0.00013521736190926916,0.0,0.0,0.0,0.0,0.03333333333333333,0.096610853916958,0.0,0.047244094488188976,0.2943117183460977,0.8107031195291196,0.14777619993586022,0.9072422076546802,0.26666666666666666,0.8844332774281067,0.0,1.0
0.009009009009009009,7.370067390553301e-05,0.0621167688616369,1.0,0.0,3.0064654038509817e-06,0.16666666666666669,0.24,0.3333333333333333,0.0008192240703111421,0.00023009168715264314,0.0032072550320725503,0.00025602630566496254,0.022364764945792946,0.006448106038235945,0.0,0.0020282604286390375,0.1,0.6000000000000001,0.0,1.0,0.0033333333333333335,0.017748547178333452,0.0,0.007874015748031496,0.9201039757209344,0.12254572395930168,0.8641380245639176,0.991432370588984,0.6,0.9797958971132713,0.0,1.0
0.1031031031031031,4.6362679897189954e-05,0.04852039456145028,1.0,0.0,9.019396211552946e-06,0.0,0.15999999999999998,0.0,0.00021653624315793983,0.00013242532864814953,0.00024883875248838755,0.00011486585605509132,0.0010752290839323533,0.0006792549275930455,0.0,0.0003380434047731729,0.0,0.0,0.0,0.0,0.008012820512820512,0.035283309027061796,0.0,0.023622047244094488,0.9537715401942908,0.08210805424522483,0.8396824086949541,0.999109673166978,0.625,0.9682458365518543,0.0,1.0
0.4514514514514515,0.001642997452770418,0.48333777659290855,1.0,1.0,0.000162349131807953,0.8866666666666667,0.44,0.0,0.0008506998967674158,0.001776001216370189,0.0,0.001537541759966343,0.012677972447982478,0.005205692692818159,0.0,0.003921303495368806,0.0,0.0,0.0,0.0,0.1704277286135693,0.31758888698747323,0.0,0.2125984251968504,0.49472019553549806,0.8047479284754212,0.06219088190839006,0.9978210160137282,0.20575221238938052,0.8085004378137486,0.0,1.0
0.03303303303303303,0.0007112674581468901,0.06771527592641961,0.0,1.0,6.012930807701963e-05,1.0,0.27999999999999997,0.0,0.0009299093026713875,0.000539068842231258,0.0023501437735014377,0.0005397311308612724,0.01296957789586772,0.0030448364170548906,0.0,0.0015549996619565953,0.0,0.0,0.0,0.0,0.15294117647058822,0.2539047737734264,0.0,0.15748031496062992,0.9358512141798352,0.08441680076991519,0.9043494751833849,0.9982237661166371,0.7058823529411765,0.9112901991076277,0.0,1.0
0.011011011011011011,0.00030999047007121145,0.14262863236470275,1.0,1.0,0.0,0.9933333333333334,0.24,0.0,0.002286269131281311,0.001817469146689164,0.0048108825481088255,0.001132051448832105,0.028483427053604227,0.015442531837426752,0.023809523809523808,0.005949563924007843,0.0,0.0,0.0,0.0,1.0,0.0,1.0,0.23622047244094488,0.9911885703033043,0.01140177722858994,0.9871583180673911,0.9975860568389541,0.0,0.0,0.0,0.0
0.2702702702702703,0.0004986386158597775,0.49453479072247397,0.0,1.0,4.509698105776473e-06,0.7266666666666667,0.32,0.0,0.0006617886475691941,0.0004051275692747205,0.0006635700066357001,0.0003791957175794581,0.004367692381323485,0.001259555957283206,0.0,0.0006760868095463458,0.0,0.0,0.0,0.0,0.683640836408364,0.3367420982076922,0.0,0.26771653543307083,0.8770742538156844,0.13103756620737,0.8372555120047398,0.9989978869029388,0.0036900369003690036,0.12126698690151282,0.0,1.0
0.012012012012012012,6.810517805587214e-05,0.22207411356971474,0.0,1.0,1.5032327019254909e-06,0.8200000000000001,0.52,0.0,0.0004075465172312092,0.0002319590044526746,0.0011335987613359877,0.00018406215488345957,0.005031260619155162,0.0013595570188473538,0.0,0.0004056520857278075,0.0,0.0,0.0,0.0,0.7256410256410256,0.034055888540675455,0.6666666666666666,0.1732283464566929,0.9973534513559139,0.005881348059644874,0.9948134036094665,0.9992122723005901,0.9230769230769231,0.532938710021193,0.0,1.0
0.007007007007007007,5.00397200269671e-05,0.04412156758197814,0.0,0.0,3.0064654038509817e-06,0.21333333333333335,0.03999999999999998,0.0,0.0004587388304051184,0.00021541925619862376,0.0016589250165892503,0.00018406215488345957,0.003428560663859768,0.0008861101998003273,0.0,0.0002704347238185383,0.0,0.0,0.0,0.0,0.0,0.0,0.0,0.0,0.7565486249149576,0.18981922332432863,0.7226072326196036,0.9340902346048141,0.375,0.9682458365518543,0.0,1.0
0.09209209209209208,0.0007606676929338959,0.44308184484137564,1.0,0.0,1.5032327019254909e-06,0.9733333333333334,0.56,0.0,0.000495499519752145,0.0009496297180503937,0.00024883875248838755,0.0009023197367219221,0.01020911363928467,0.002664648830037203,0.0,0.0015549996619565953,0.0,0.0,0.0,0.0,0.016487455197132617,0.10961341410736147,0.0,0.09448818897637795,0.9221533367975452,0.0762462638350299,0.8911303542226001,0.9906546237133709,0.0,0.0,0.0,0.0
0.04504504504504505,0.00016178976571019395,0.10450546520927752,1.0,1.0,5.261314456739218e-05,0.0,0.36000000000000004,0.0,0.000409842505918765,0.0004458196423887925,0.00030413625304136254,0.0002795530472666078,0.0031648252281782476,0.0017843270523164086,0.0,0.0007436954905009804,0.0,0.0,0.0,0.0,0.015217391304347825,0.05878316192519249,0.0,0.03937007874015748,0.7439465134621326,0.42425273438130834,0.47161159592756174,0.969751769908977,0.06521739130434782,0.4938181170261107,0.0,1.0
0.009009009009009009,4.508370941726747e-05,0.03039189549453479,0.0,0.0,1.9542025125031382e-05,0.39333333333333337,0.44,0.0,0.000535933942044295,0.00012875040968346251,0.0015759787657597876,0.00015776756132867965,0.013081277609803424,0.0023269219859809475,0.011904761904761904,0.0008789128524102495,0.0,0.0,0.0,0.0,0.0,0.0,0.0,0.0,0.8088656297641501,0.4102620305607223,0.47779790995116844,0.99501216112023,0.6,0.9797958971132712,0.0,1.0
0.07807807807807807,2.19023694686725e-05,0.022927219408157822,0.0,1.0,5.411637726931767e-05,0.0,0.03999999999999998,0.0,8.022483689851366e-05,0.0001624522140798456,0.0,8.303555859404192e-05,0.002804275518638953,0.0013011865570541235,0.0,0.0006760868095463458,0.0,0.0,0.0,0.0,0.06118143459915612,0.1777175688152124,0.0,0.09448818897637795,0.24888001763196854,0.9018482629982999,0.11013408530657287,0.9919161189157881,0.3291139240506329,0.9397828452288907,0.0,1.0
0.015015015015015015,8.760947787469e-05,0.08024526792855238,1.0,0.0,0.0,0.9266666666666667,0.12,0.3333333333333333,0.0006173291629471417,0.000279064017052588,0.001050652510506525,0.00022142815625077845,0.008175798506127138,0.001945374134589341,0.011904761904761904,0.0006760868095463458,0.0,0.0,0.0,0.0,0.38125,0.22133239120652978,0.13333333333333333,0.14173228346456693,0.9891516556122415,0.017821533593677722,0.9836099023760809,0.998176881144972,1.0,0.0,1.0,1.0
0.08308308308308307,8.840883442464154e-05,0.22500666488936283,1.0,1.0,1.5032327019254909e-06,0.9800000000000001,0.52,0.3333333333333333,0.0003086314771641035,0.0001522326450872936,0.00047002875470028755,0.00012178548593792815,0.0050486497687605375,0.001305102651773259,0.0,0.0007436954905009804,0.0,0.0,0.0,0.0,0.8341269841269842,0.5029149588370349,0.0,0.23622047244094488,0.9962604484797719,0.006470545864739484,0.9909190355609461,0.9979645811377393,0.44047619047619047,0.9928885458091924,0.0,1.0
0.11211211211211211,8.217385333501944e-05,0.06451612903225806,0.0,0.0,0.0001608458991060275,0.30000000000000004,0.15999999999999998,0.0,0.00035167257244336206,0.0005533211461223102,8.294625082946251e-05,0.000303079788868253,0.003080803319465551,0.001693772169338031,0.0,0.0009465215333648841,0.0,0.0,0.0,0.0,0.06283185840707965,0.14270910181270216,0.0,0.09448818897637795,0.38135815616499524,0.6544895619748573,0.2129757073389449,0.9677812004637101,0.26548672566371684,0.8831840672477628,0.0,1.0
0.02002002002002002,3.884872832764538e-05,0.02879232204745401,0.0,0.0,4.6600213759690214e-05,0.1,0.2,0.0,0.0001627656135735928,0.000164252154356632,0.00022119000221190003,9.133911445344611e-05,0.0060282385298633286,0.0025875415705372195,0.0,0.0010141302143195188,0.0,0.0,0.0,0.0,0.025396825396825393,0.08347751606239938,0.0,0.031496062992125984,0.5513362083393796,0.4964633857923562,0.44027434628949536,0.8160179502107221,0.2857142857142857,0.9035079029052513,0.0,1.0
0.015015015015015015,3.59710447478198e-05,0.03625699813383098,0.0,0.0,1.3529094317329417e-05,0.14666666666666667,0.2,0.0,0.00047901521995387023,0.00022943332092309699,0.0010783012607830126,0.00017437467304748803,0.0018461480497706443,0.0008197625023461694,0.0,0.0002704347238185383,0.0,0.0,0.0,0.0,0.058333333333333334,0.08996683145299741,0.0,0.047244094488188976,0.776900737581462,0.29308628611733095,0.6402668019835085,0.9240731810393461,0.5,1.0,0.0,1.0
0.002002002002002002,2.0623398988750017e-05,0.020261263663023193,1.0,0.0,3.0064654038509817e-06,0.08,0.24,0.0,0.00040056490324738987,3.061208886967981e-05,0.0018524662685246627,0.00010102659628941767,0.0,0.0,0.0,0.0,0.3333333333333333,0.9428090415820634,0.0,1.0,0.04444444444444444,0.07378775850479682,0.0,0.023622047244094488,0.9378352858162629,0.05243612967363161,0.9235322830676118,0.9538239210144575,1.0,0.0,1.0,1.0
0.06006006006006006,0.00015459555676062997,0.08144494801386297,1.0,1.0,1.3529094317329417e-05,0.15333333333333335,0.27999999999999997,0.0,0.0012035162608032709,0.0005529176122689699,0.0025436850254368505,0.0005092847593767904,0.002179059993171908,0.0013063312480939592,0.0,0.00047326076668244207,0.7049180327868853,0.912159196278266,0.0,1.0,0.0049180327868852455,0.020981408825073104,0.0,0.007874015748031496,0.758730272853203,0.42069289840222196,0.594250634348354,0.9968332931480672,0.18032786885245902,0.7689206163644967,0.0,1.0
0.2772772772772773,5.771354290650199e-05,0.08144494801386297,1.0,0.0,6.313577348087062e-05,0.0,0.03999999999999998,0.0,0.0003599982314540666,0.0002655296830291635,0.00019354125193541254,0.00020205319257883534,0.008264975236177726,0.0030502092855489013,0.0,0.0025015211953214795,0.0,0.0,0.0,0.0,0.020143884892086333,0.06489345111247526,0.0,0.047244094488188976,0.6601744989033937,0.5132031058477977,0.2787162755497139,0.9999486070575037,0.33093525179856115,0.9410995928499473,0.0,1.0
0.07107107107107107,0.00030519433077150215,0.3187150093308451,1.0,1.0,0.00010672952183670984,0.6266666666666667,0.52,0.0,0.0023183734147335013,0.005223974241151273,0.0012718425127184252,0.003000351517198048,0.015355263144124089,0.02152240179298402,0.0,0.018592387262524507,0.0,0.0,0.0,0.0,0.1337962962962963,0.3784986640192269,0.0,0.18110236220472442,0.8701432933708171,0.13019753524609948,0.7593715913932115,0.9928225063675606,0.20833333333333334,0.8122328620674136,0.0,1.0
0.07007007007007006,2.35010825685756e-05,0.038922953878965605,1.0,0.0,6.012930807701963e-06,0.22666666666666668,0.12,0.0,0.00012267909235591097,8.010834365925744e-05,0.00019354125193541254,6.919629882836827e-05,2.9716668809185423e-05,7.928789801828757e-05,0.0,6.760868095463458e-05,0.9577464788732394,0.4023339959742451,0.0,1.0,0.03755868544600939,0.14691955271822532,0.0,0.08661417322834646,0.4157640361086603,0.40181938999481986,0.37209654342669385,0.9295440264279344,0.19718309859154928,0.7957434868634103,0.0,1.0
0.08308308308308307,0.0023632177042767653,0.9997334044254865,1.0,0.0,7.065193699049807e-05,0.8266666666666668,0.27999999999999997,0.0,0.007402126355591903,0.005703547890247169,0.010285335102853352,0.004115795854311345,0.05272196947576303,0.013305290672499316,0.0,0.0072341288621459,0.0,0.0,0.0,0.0,0.5067460317460317,0.7342231810722589,0.0,0.25196850393700787,0.8916774604217323,0.09531402805618959,0.8773454778536269,0.9990606198042817,0.8095238095238095,0.785353452498602,0.0,1.0
0.09209209209209208,0.000152037615800785,0.1500933084510797,1.0,1.0,1.0522628913478436e-05,0.9466666666666668,0.56,0.0,0.00045700241148446876,0.00019083111191180033,0.0010230037602300375,0.00020620497050853742,0.006533832729142188,0.0014503789281597802,0.0,0.0006084781285917113,0.0,0.0,0.0,0.0,0.8892473118279569,0.5189733235803238,0.0,0.2440944881889764,0.9339836926661587,0.04392050776086228,0.9197432279923161,0.9848873986958706,0.021505376344086023,0.290123388456603,0.0,1.0
0.05005005005005005,0.0009809703581005434,0.763129832044788,1.0,1.0,0.00010372305643285887,0.9866666666666667,0.44,0.0,0.0013993900758085941,0.0007401065895190511,0.002847821278478213,0.0006504452089866617,0.042735483146511495,0.005649656472581957,0.08333333333333333,0.0031099993239131906,0.0,0.0,0.0,0.0,0.00065359477124183,0.008202691546411076,0.0,0.007874015748031496,0.9802402649474544,0.03285504005453484,0.9665343121912748,0.9978810877078947,0.0,0.0,0.0,0.0
0.006006006006006006,4.492383810727717e-05,0.04825379898693682,0.0,0.0,7.516163509627454e-06,0.0,0.15999999999999998,0.0,0.00044249702857269985,0.00010631875010543254,0.0017971687679716878,0.00013839259765673653,0.006631062382849661,0.004107414953089269,0.0,0.0012169562571834225,0.0,0.0,0.0,0.0,0.0047619047619047615,0.02070232583934815,0.0,0.007874015748031496,0.9564244912704476,0.04420474657643338,0.9429336867112372,0.9856236037643242,0.14285714285714285,0.6998542122237653,0.0,1.0
0.022022022022022025,5.611482980659888e-05,0.06105038656358304,1.0,0.0,1.9542025125031382e-05,0.006666666666666667,0.08000000000000002,0.0,0.0006754506149766385,0.00018131458479787743,0.0021566025215660253,0.00021174067441480688,0.008714736135563289,0.003944873748049163,0.0,0.001960651747684403,0.0,0.0,0.0,0.0,0.005797101449275362,0.028411465379025114,0.0,0.015748031496062992,0.6720015273394271,0.19973154539308735,0.6246125570203072,0.808545773274413,0.6956521739130435,0.9202613255876838,0.0,1.0
0.44244244244244246,0.0006959198123878203,0.8279125566515596,0.0,1.0,1.3529094317329417e-05,1.0,0.15999999999999998,0.6666666666666666,0.00015682103610603596,0.0002965288587382314,0.0,0.0005120526113299252,0.0034958340368439933,0.0017717976663111196,0.0,0.0015549996619565953,0.0,0.0,0.0,0.0,0.5252069224981188,0.46775050882846153,0.0,0.2440944881889764,0.7172995007805527,0.4335675397341571,0.18284629804995678,0.9939720959925546,0.011286681715575621,0.21127510531462912,0.0,1.0
0.07807807807807807,0.003140831756069634,0.4088243135163956,1.0,1.0,0.0011995796961365417,0.54,0.44,0.0,0.004356306395586646,0.005804813601143917,0.0014100862641008628,0.0036992341353645677,0.03853875784186676,0.011267891564627772,0.011904761904761904,0.005746737881143939,0.0,0.0,0.0,0.0,0.3742616033755274,0.4628780726123006,0.0,0.22834645669291337,0.8101253858949979,0.09576077872937504,0.8075869461741414,0.9990968858849305,0.810126582278481,0.7844016903711224,0.0,1.0
0.12612612612612611,0.0006439616366409695,0.12823247134097573,1.0,0.0,4.810344646161571e-05,0.31333333333333335,0.27999999999999997,0.0,0.0010702407551454992,0.001315326969319335,0.00011059500110595002,0.0012662922685591394,0.003056839065536995,0.0014272204958141613,0.0,0.0008789128524102495,0.0,0.0,0.0,0.0,0.5603674540682415,0.7033010186179365,0.0,0.25196850393700787,0.8357892182461892,0.309673601633023,0.1402294287107635,0.9962180199737753,0.6850393700787402,0.929000390787567,0.0,1.0
0.02102102102102102,6.570710840601749e-05,0.0617168754998667,0.0,0.0,1.9542025125031382e-05,0.17333333333333334,0.2,0.0,0.00030146514653509195,0.00034187685568731453,0.00013824375138243752,0.0002075888964851048,0.0017262683062790442,0.0009215872902118791,0.0,0.0003380434047731729,0.0,0.0,0.0,0.0,0.0,0.0,0.0,0.0,0.591783248417614,0.4345475641286445,0.4797207286362646,0.951973935898283,0.2727272727272727,0.8907235428302467,0.0,1.0
0.014014014014014014,1.8385200648885674e-05,0.018661690215942415,0.0,0.0,1.5032327019254909e-06,0.14,0.08000000000000002,0.0,6.494237909757376e-05,5.2694395717818425e-05,0.00011059500110595002,2.9062445507914672e-05,0.000843953394180866,0.0004111162253342339,0.0,0.00013521736190926916,0.0,0.0,0.0,0.0,0.013333333333333334,0.042111694907319065,0.0,0.015748031496062992,0.2340187929159443,0.2627093607587027,0.228820421544766,0.41770102939280473,0.2,0.8000000000000002,0.0,1.0
0.05305305305305306,1.8385200648885674e-05,0.020527859237536656,1.0,0.0,0.0,0.36000000000000004,0.15999999999999998,0.0,0.00018074309274266758,0.00010183035802485757,0.00030413625304136254,7.334807675807036e-05,0.0026568903150138374,0.0020644742414464416,0.0,0.0013521736190926915,0.0,0.0,0.0,0.0,0.010493827160493827,0.05557349213265247,0.0,0.031496062992125984,0.8437062908843611,0.2546374188310767,0.7379383160201458,0.984656605114397,0.5185185185185185,0.9993138935727438,0.0,1.0
0.16116116116116116,7.162234687565897e-05,0.06091708877632631,1.0,0.0,1.5032327019254909e-06,0.31333333333333335,0.2,0.0,0.00016747582550706453,0.00022506592200150443,2.7648750276487504e-05,0.0002269638601570479,0.0016931163772147002,0.0009828680827624343,0.0,0.00047326076668244207,0.0,0.0,0.0,0.0,0.03333333333333333,0.14713564861832595,0.0,0.10236220472440945,0.6290373175534354,0.37051322041891505,0.5053033216462302,0.9932751190891507,0.8703703703703703,0.6717910054524835,0.0,1.0
0.003003003003003003,1.7266101478953503e-05,0.02599306851506265,0.0,0.0,0.0,0.0,0.24,0.0,0.00029145861662791575,4.480073634900871e-05,0.0011888962618889626,7.334807675807036e-05,0.0005274708713630412,0.0002913512389762432,0.0,6.760868095463458e-05,0.0,0.0,0.0,0.0,0.025,0.049054392970377586,0.0,0.015748031496062992,0.9659667613233696,0.04196548498142571,0.9473178563308746,0.9747540508955304,0.0,0.0,0.0,0.0
0.055055055055055056,8.361269512493224e-05,0.07757931218341775,0.0,0.0,1.3529094317329417e-05,0.22,0.32,0.0,0.000612984222329552,0.00039473866925542235,0.0004976775049767751,0.00024633882382899105,0.002411295411945331,0.0010821617447689036,0.0,0.0005408694476370766,0.017857142857142856,0.26486423168198797,0.0,1.0,0.08154761904761905,0.13825924356135164,0.0,0.06299212598425197,0.7853155601579491,0.3799017601157493,0.5649367800708713,0.9855016084247987,0.8392857142857143,0.7345344214715405,0.0,1.0
0.023023023023023025,4.780152168710275e-05,0.04518794988003199,0.0,0.0,9.019396211552945e-05,0.0,0.36000000000000004,0.0,0.00020021486365853243,0.00021958947713666635,0.00016589250165892502,0.00011624978203165869,0.0035164724757536085,0.001711760274733332,0.0,0.0007436954905009804,0.0,0.0,0.0,0.0,0.07638888888888888,0.09582140733046193,0.0,0.047244094488188976,0.4958495527806468,0.4580199194591102,0.41992790350174136,0.8947295331367471,0.5,1.0,0.0,1.0
0.08608608608608607,3.533155950785856e-05,0.011863503065849107,1.0,0.0,2.2548490528882363e-05,0.7200000000000001,0.52,0.0,9.731801324733776e-05,7.094048048504035e-05,0.00016589250165892502,6.0892742968964074e-05,0.00021826380883987911,0.00027057501396215896,0.0,0.00013521736190926916,0.04597701149425287,0.4188705093859448,0.0,1.0,0.035632183908045977,0.09817769559710102,0.0,0.05511811023622047,0.6006620401982712,0.37317735835228844,0.47432523281066796,0.9815731478780068,0.39080459770114945,0.975861392036374,0.0,1.0
0.16016016016016016,0.0010583480721358535,0.36030391895494535,1.0,1.0,4.96066791635412e-05,0.6666666666666667,0.52,0.0,0.0015219493978238204,0.0011162771430549125,0.002598982525989825,0.0014337473117237906,0.025069609364409884,0.006677868734636823,0.011904761904761904,0.004935433709688324,0.0,0.0,0.0,0.0,0.5799171842650104,0.3643568137328797,0.23333333333333334,0.2440944881889764,0.9320770490244819,0.10202390158423175,0.8529687200756051,0.9946623342836327,0.37267080745341613,0.9670310785604255,0.0,1.0
0.011011011011011011,0.001456907247941697,0.2852572647294055,1.0,1.0,0.0001157489180482628,0.9066666666666667,0.15999999999999998,0.0,0.005606286534299559,0.0027293360514942613,0.012801371378013715,0.0018876750320378863,0.04131855159010489,0.005791034266608986,0.05952380952380952,0.00236630383341221,0.0,0.0,0.0,0.0,0.1638888888888889,0.2882769104520428,0.0,0.11811023622047244,0.8212927376347627,0.2759553860292889,0.7594644177633096,0.9986624295475872,1.0,0.0,1.0,1.0
0.2122122122122122,0.0033294799018582003,0.4873367102106105,1.0,1.0,0.0003292079617216825,0.9600000000000001,0.32,0.0,0.0012539683571322813,0.00129434079509996,0.0005253262552532625,0.000992274925198801,0.030083174391165375,0.008009779660567101,0.0,0.004800216347779055,0.0,0.0,0.0,0.0,0.4391236306729265,0.6309801091224249,0.0,0.23622047244094488,0.8768837048313314,0.18480989381467414,0.7753518177469587,0.9954642291502944,0.5727699530516432,0.9893523819809837,0.0,1.0
0.17517517517517517,0.0012712966570429468,0.373367102106105,1.0,1.0,8.568426400975299e-05,0.92,0.2,0.0,0.0013848365900709187,0.0017328014309504693,0.00030413625304136254,0.0012095513035198773,0.024815106902761258,0.00718868778611037,0.0,0.004191738219187344,0.0,0.0,0.0,0.0,0.3929924242424242,0.5534301376498216,0.0,0.23622047244094488,0.7784556247280596,0.38769492977261355,0.47058847541155036,0.9936743935413608,0.6363636363636364,0.9620913858416694,0.0,1.0
0.18918918918918917,0.00019664171128808158,0.029192215409224207,0.0,1.0,1.5032327019254908e-05,0.9866666666666667,0.08000000000000002,0.6666666666666666,0.0005258109926755949,0.0006697123996228917,8.294625082946251e-05,0.00041102601504050746,0.008073080494335388,0.002748880966720224,0.0,0.0013521736190926915,0.0,0.0,0.0,0.0,0.42368421052631583,0.5547394100748311,0.0,0.25196850393700787,0.7531796323267788,0.4095469981639064,0.3897896548121622,0.9987385618605051,0.4631578947368421,0.9972816237749063,0.0,1.0
0.009009009009009009,0.000246361688695068,0.09024260197280724,1.0,0.0,2.4051723230807854e-05,0.08666666666666667,0.36000000000000004,0.0,0.0013336650394337604,0.0003873571558756267,0.004700287547002875,0.0004442402384781242,0.008861510638899093,0.002513963352226937,0.0,0.000811304171455615,0.0,0.0,0.0,0.0,0.0,0.0,0.0,0.0,0.8289339946606393,0.2323946509756664,0.7561103084756198,0.9945011055915183,0.1,0.6000000000000001,0.0,1.0
0.7217217217217218,0.0004815323856908143,0.3453745667821914,1.0,0.0,3.6077584846211784e-05,0.9600000000000001,0.32,0.0,0.00011246953009684836,0.0002678317204993597,2.7648750276487504e-05,0.0004041063851576706,0.0010140298745871209,0.0010233768384886603,0.0,0.0011493475762287878,0.0,0.0,0.0,0.0,0.21015697137580794,0.2402555760353578,0.0,0.15748031496062992,0.6571731656490734,0.5543770964430056,0.3869654789873831,0.9977695660083095,0.02631578947368421,0.3201453963314853,0.0,1.0
0.05305305305305306,0.00021534665455694786,0.11343641695547853,1.0,0.0,1.5032327019254909e-06,0.9600000000000001,0.76,0.0,0.0003699893951976848,0.00031621451892684626,0.0005253262552532625,0.00030031193691511823,0.013909602237425383,0.0036430479814808735,0.0,0.0016902170238658645,0.0,0.0,0.0,0.0,0.5111111111111111,0.13471739933606966,0.16666666666666666,0.1653543307086614,0.9896242537741502,0.02141547970243783,0.9747903123428365,0.998224253745243,0.9074074074074074,0.5797213274999454,0.0,1.0
0.07007007007007006,7.737771403531014e-05,0.10890429218874967,0.0,0.0,3.457435214428629e-05,0.0,0.36000000000000004,0.0,0.0006203277839367459,0.0007123361518817245,0.00044238000442380006,0.00037642786562632337,0.012421567562239506,0.004139318643371606,0.0,0.00162260834291123,0.0,0.0,0.0,0.0,0.06150234741784037,0.178909609822564,0.0,0.10236220472440945,0.38260002963517614,0.6680361610047225,0.14330283848476277,0.918301219799325,0.2535211267605634,0.870053251351014,0.0,1.0
0.02002002002002002,7.242170342561053e-05,0.06065049320181285,1.0,0.0,3.156788674043531e-05,0.2733333333333334,0.27999999999999997,0.0,0.0006356055004655745,0.0005392505657756295,0.0008847600088476001,0.0003584368279309476,0.008941887152630603,0.002592694067087556,0.0,0.0010817388952741533,0.0,0.0,0.0,0.0,0.003174603174603174,0.017366570279122896,0.0,0.007874015748031496,0.6158704142544682,0.43058629660933617,0.47086038195894186,0.8601819335064551,0.14285714285714285,0.6998542122237651,0.0,1.0
0.15815815815815815,6.187019696625005e-05,0.051452945881098375,0.0,0.0,1.0522628913478436e-05,0.8400000000000001,0.27999999999999997,0.0,0.00026236482138141374,0.00023319852966987157,0.00024883875248838755,0.0001785264509771901,0.0030122235924379963,0.0014227464128421217,0.0,0.0006760868095463458,0.0,0.0,0.0,0.0,0.020545073375262055,0.05543471107729777,0.0,0.03937007874015748,0.6752948014644229,0.44268798393413383,0.481515764372328,0.9904741648165691,0.710691823899371,0.90688247384533,0.0,1.0
0.0,1.4388417899127919e-05,0.005998400426552919,0.0,0.0,0.0,0.0,0.2,0.0,8.579809406200422e-05,0.0,0.00044238000442380006,1.9374963671943114e-05,0.00843953394180866,0.0,0.047619047619047616,0.0002704347238185383,0.0,0.0,0.0,0.0,0.1,0.0,0.1,0.023622047244094488,0.7996921980015284,0.0,0.8316697115671925,0.7911205518084152,1.0,0.0,1.0,1.0
1.0,0.004131554264079587,0.778992268728339,1.0,1.0,0.0014160452052138124,0.9600000000000001,0.39999999999999997,0.0,0.0028429873381554363,0.002671367731129372,0.002018358770183588,0.0026377629113373984,0.045402582723445134,0.008113474170144446,0.023809523809523808,0.00946521533364884,0.0,0.0,0.0,0.0,0.3657,0.2886718674543293,0.0,0.23622047244094488,0.7817700328933403,0.27004400256920813,0.6567697982553717,0.9951526137212285,0.472,0.9984307687566523,0.0,1.0
0.028028028028028028,6.58669797160078e-05,0.13796320981071714,0.0,0.0,2.2548490528882363e-05,0.14666666666666667,0.2,0.0,0.0004351912499316295,0.0004472990014580509,0.0003594337535943375,0.00027540126933690574,0.0025464111031319233,0.0013384738605885297,0.0,0.0005408694476370766,0.0,0.0,0.0,0.0,0.010344827586206896,0.04140875419559302,0.0,0.023622047244094488,0.3780298581280004,0.47188062828920696,0.28709081400499237,0.8601462224924097,0.7931034482758621,0.8101613878945331,0.0,1.0
0.14214214214214213,0.0005181429156785954,0.5762463343108504,0.0,0.0,9.019396211552946e-06,0.54,0.48000000000000004,0.0,0.0005988049289388165,0.0008910265766510119,0.00024883875248838755,0.000560490020509783,0.011464192085289036,0.005218866367513298,0.0,0.003515651409640998,0.0,0.0,0.0,0.0,0.1655011655011655,0.2681097347774444,0.0,0.2992125984251969,0.6593309600927748,0.6434368430191241,0.3904940799001011,0.9988724677880976,0.11188811188811189,0.6304574920047353,0.0,1.0
0.1101101101101101,0.0002866492588126262,0.09130898427086111,0.0,0.0,3.758081754813727e-05,0.013333333333333334,0.36000000000000004,0.0,0.000375773950774656,0.0005294955752599441,0.0003870825038708251,0.0003044637148448203,0.001273533275002658,0.0007836235296177716,0.0,0.00047326076668244207,0.0,0.0,0.0,0.0,0.31711711711711715,0.36520471351038225,0.0,0.2204724409448819,0.5188587355896237,0.5364870159330033,0.3409901439796936,0.9568458177331731,0.6036036036036037,0.9782970782341066,0.0,1.0
0.057057057057057055,7.641848617536827e-05,0.06318315115969075,0.0,0.0,0.00010823275453863534,0.0,0.15999999999999998,0.0,0.0004594629871747167,0.00037575659596441046,0.00030413625304136254,0.0002449548978524236,0.00789387441970896,0.0018513741109160943,0.0,0.000811304171455615,0.0,0.0,0.0,0.0,0.006896551724137931,0.03767217945113488,0.0,0.023622047244094488,0.5850029492665927,0.5258549437809465,0.3498916314393261,0.9972498421030034,0.39655172413793105,0.9783628247662832,0.0,1.0
0.2832832832832833,0.0005537942178064346,0.2114102905891762,1.0,0.0,7.816810050012553e-05,0.6266666666666667,0.15999999999999998,0.0,0.0012633381977755341,0.00199904960392556,0.00047002875470028755,0.001269060120512274,0.01543038027916953,0.0059999679436663934,0.0,0.0027719559191400176,0.0,0.0,0.0,0.0,0.5498826291079812,0.8732386693278862,0.0,0.2440944881889764,0.7534095436704087,0.3293170726120728,0.4905734356822222,0.9928564380559495,0.6091549295774648,0.9758795035227222,0.0,1.0
0.14114114114114112,0.0008904831966460279,0.6688882964542788,0.0,1.0,6.012930807701963e-05,0.92,0.36000000000000004,0.0,0.0016511598457643372,0.001597087599428696,0.00210130502101305,0.0012413816009809269,0.031083635574407954,0.009288608313380957,0.0,0.00486782502873369,0.0,0.0,0.0,0.0,0.29295774647887324,0.5989402840523682,0.0,0.23622047244094488,0.742002500312096,0.1436305778509017,0.71763779252543,0.9658574226144161,0.36619718309859156,0.9635285282527929,0.0,1.0
0.29129129129129133,0.00043357099269372126,0.10290589176219675,1.0,0.0,4.359374835583923e-05,0.35333333333333333,0.24,0.0,0.0004741246817701449,0.00038452720779578884,0.0003594337535943375,0.00032522260449333084,0.00495678106513762,0.0015663139252049226,0.0,0.0011493475762287878,0.0,0.0,0.0,0.0,0.19269406392694063,0.17856186390165918,0.0,0.14173228346456693,0.6450199974369539,0.4518520218734216,0.27604702984932583,0.9949370715025223,0.678082191780822,0.9344233151426361,0.0,1.0
0.01801801801801802,3.772962915771321e-05,0.001999466808850973,0.0,0.0,3.0064654038509817e-06,0.39333333333333337,0.2,0.0,0.00041052523495554874,0.00010949456207828584,0.0013271400132714001,0.0001231694119144955,0.010105231430323528,0.001983759876205082,0.011904761904761904,0.0007436954905009804,0.0,0.0,0.0,0.0,0.8982456140350876,0.19806187809182307,0.5666666666666667,0.2440944881889764,0.9619908671007149,0.03242679942168199,0.9604102623313322,0.997150796433167,0.9473684210526315,0.44659375653887207,0.0,1.0
0.3933933933933934,5.2917403606792676e-05,0.04785390562516662,1.0,0.0,9.320042751938043e-05,0.03333333333333333,0.15999999999999998,0.0,0.00020476565594666781,0.0001597507015525526,2.7648750276487504e-05,0.00011763370800822605,0.001863551911008511,0.0011765079305059204,0.0,0.0006760868095463458,0.0,0.0,0.0,0.0,0.06065989847715736,0.14455432229860646,0.0,0.09448818897637795,0.5170735279809051,0.5110615583942165,0.21161349407697472,0.9998112254792124,0.44923857868020306,0.9948332083431756,0.0,1.0
0.5015015015015015,0.0008007953917414638,0.3427086110370568,1.0,1.0,0.0002465301631157805,0.9800000000000001,0.32,0.0,0.00066866639624687,0.0007613758483478026,0.00033178500331785003,0.0009632124796908863,0.010683911992070524,0.0034166300669906933,0.0,0.002231086471502941,0.00796812749003984,0.17781604465674417,0.0,1.0,0.21752988047808766,0.628993949335272,0.0,0.26771653543307083,0.6604017873746013,0.4565155891152484,0.3394641020945528,0.9986303498103917,0.450199203187251,0.9950273978877471,0.0,1.0
0.1151151151151151,4.892062085703492e-05,0.04145561183684351,0.0,0.0,1.9542025125031382e-05,0.0,0.2,0.0,0.0005182445401276254,0.00029986820516981816,0.0005253262552532625,0.000215892452344509,0.008093949577812185,0.002120275780963926,0.0,0.000811304171455615,0.0,0.0,0.0,0.0,0.0071839080459770105,0.027799365992587685,0.0,0.015748031496062992,0.5555203902671533,0.4771881603642832,0.366965984783457,0.9762225133157489,0.3879310344827586,0.974557431797419,0.0,1.0
0.03903903903903904,0.00016834448941979667,0.06251666222340709,1.0,0.0,7.516163509627454e-05,0.17333333333333334,0.39999999999999997,0.0,0.0008671632484585483,0.00021884132451702144,0.0030413625304136255,0.00028647267714944466,0.00538020288790302,0.0018968435037049016,0.0,0.0008789128524102495,0.0,0.0,0.0,0.0,0.009166666666666667,0.05764484160839386,0.0,0.031496062992125984,0.8303460038472652,0.33028183977653197,0.6407937256600675,0.9923272417056053,0.925,0.5267826876426369,0.0,1.0
0.5105105105105106,0.0005868875789744288,0.2961876832844575,1.0,1.0,5.261314456739218e-05,0.9866666666666667,0.52,0.0,0.0003680576806402958,0.0005472679797803922,8.294625082946251e-05,0.0011721853021525585,0.004153704082905827,0.0018148102129486364,0.0,0.0015549996619565953,0.0,0.0,0.0,0.0,0.8669275929549902,0.42655750193296676,0.0,0.2755905511811024,0.8457775390615705,0.2562191744481452,0.6278052987022784,0.9940688643330526,0.62426614481409,0.9686236116325961,0.0,1.0
0.15115115115115116,0.0003825720448068123,0.18834977339376166,0.0,0.0,0.0003292079617216825,0.6333333333333334,0.48000000000000004,0.0,0.0006943184616096956,0.0005083233489723936,0.0009124087591240877,0.0005591060945332155,0.006190842332313589,0.002094817722429049,0.0,0.0010817388952741533,0.0,0.0,0.0,0.0,0.6666666666666666,0.0,0.6666666666666666,0.15748031496062992,0.8077922491387914,0.14645269386762075,0.7693709754634401,0.8914895056176864,1.0,0.0,1.0,1.0
0.06006006006006006,5.9312256006405085e-05,0.08517728605705145,0.0,0.0,1.8038792423105892e-05,0.12666666666666668,0.08000000000000002,0.0,0.00011656882105870492,0.00017298622618883773,8.294625082946251e-05,0.0001356247457036018,0.0021444717393120363,0.0015192178821444883,0.0,0.000811304171455615,0.0,0.0,0.0,0.0,0.040437158469945354,0.07658871320564468,0.0,0.03937007874015748,0.5200857832514956,0.3311861629215212,0.4968539564407761,0.8621836696821665,0.03278688524590164,0.3561567374164005,0.0,1.0
0.008008008008008008,9.272535979437992e-05,0.11956811516928818,1.0,0.0,6.614223888472159e-05,0.08666666666666667,0.24,0.0,0.0007230560513084906,0.0005975693748280634,0.0014930325149303252,0.00037504393964975604,0.007736239446657938,0.0017080830196275218,0.011904761904761904,0.0006084781285917113,0.0,0.0,0.0,0.0,0.037037037037037035,0.0587954933223936,0.0,0.023622047244094488,0.596481521001623,0.5153674961750013,0.45163580009752113,0.9793496496250995,1.0,0.0,1.0,1.0
0.42242242242242245,0.0006079905918931497,0.4134897360703812,1.0,0.0,0.00027058188634658835,0.7933333333333333,0.8800000000000001,0.0,0.0007341358210787981,0.0006411002683971191,0.0008847600088476001,0.0009728999615268578,0.007571638607367343,0.0021308513963119607,0.0,0.0013521736190926915,0.0,0.0,0.0,0.0,0.9633569739952719,0.21161353165690788,0.0,0.28346456692913385,0.8730792668041252,0.37228984334978854,0.5616665353350117,0.9968335265872925,0.8628841607565012,0.6879392004299503,0.0,1.0
0.05005005005005005,0.0001269378201323063,0.12196747533990936,1.0,1.0,4.509698105776473e-06,0.7200000000000001,0.39999999999999997,0.0,0.00024596453251432966,0.00011449121319365507,0.00044238000442380006,9.410696640658084e-05,0.006122799134253341,0.001808654729683083,0.0,0.0009465215333648841,0.0,0.0,0.0,0.0,0.5758169934640522,0.4036557761622858,0.03333333333333333,0.2204724409448819,0.9764946287102365,0.04382975586102987,0.9594902977046376,0.9988638720370409,0.21568627450980393,0.8225951750354128,0.0,1.0
0.3753753753753754,0.00020271682106771336,0.07557984537456677,0.0,1.0,2.5554955932733344e-05,0.5733333333333334,0.12,0.0,0.00011434835989318746,0.000255593452329702,0.0,0.000621382763478747,0.003956031535222809,0.001716526006643263,0.0,0.0009465215333648841,0.0,0.0,0.0,0.0,0.0015957446808510637,0.016469473716173095,0.0,0.015748031496062992,0.4539352390912619,0.6084555732140976,0.27648916873082197,0.9958091070753001,0.0026595744680851063,0.10300487622892067,0.0,1.0
0.005005005005005005,3.2134133308052356e-05,0.005598507064782724,1.0,1.0,3.0064654038509817e-06,0.14,0.12,0.0,9.255689057825485e-05,5.388560444938206e-05,0.00019354125193541254,3.18302974610494e-05,0.0003516472475753608,0.0002507552214337528,0.0,6.760868095463458e-05,0.0,0.0,0.0,0.0,0.0,0.0,0.0,0.0,0.9968729467426991,0.0062385130779507875,0.9949145332751526,0.9985091792894645,0.0,0.0,0.0,0.0
0.09909909909909909,6.554723709602718e-05,0.09877366035723807,1.0,0.0,3.0064654038509817e-06,0.0,0.27999999999999997,0.0,0.0004058174536828761,0.00035723218080694664,0.00019354125193541254,0.00021174067441480688,0.0032281217327418126,0.0014255940471329628,0.0,0.0008789128524102495,0.0,0.0,0.0,0.0,0.001,0.017659581469335932,0.0,0.023622047244094488,0.7545822624247842,0.5815118159599177,0.2532520266637013,0.986800308652307,0.39,0.9754998718605759,0.0,1.0
0.07807807807807807,2.9096578418236458e-05,0.03572380698480405,1.0,0.0,0.0002780980498562158,0.0,0.12,0.0,8.301146548025893e-05,0.00014020555995338373,2.7648750276487504e-05,0.00013285689375046707,0.002697445975071755,0.0017160532649019042,0.0,0.0008789128524102495,0.0,0.0,0.0,0.0,0.1189873417721519,0.15458602516519981,0.0,0.08661417322834646,0.4024924987422409,0.4863044860664694,0.29520798406743154,0.9645139694935079,0.7341772151898734,0.8835406767906404,0.0,1.0
0.023023023023023025,0.00011270927354316869,0.07557984537456677,0.0,0.0,3.0064654038509817e-06,0.22,0.44,0.0,0.0011382392658781711,0.00040042034893474705,0.002018358770183588,0.0004068742371108054,0.008703269377490181,0.0028368329525197133,0.0,0.0010817388952741533,0.041666666666666664,0.39965262694272663,0.0,1.0,0.01111111111111111,0.047288356694919216,0.0,0.023622047244094488,0.8019651325142068,0.381140227048817,0.4909892843121053,0.9998240231363384,0.5,1.0,0.0,1.0
0.12212212212212212,9.864059826402139e-05,0.07278059184217542,0.0,0.0,0.00010071659102900788,0.10666666666666667,0.32,0.0,0.00039609043865475015,0.00038437107871436174,0.00024883875248838755,0.00031553512265735924,0.0034821654272096706,0.002273223838351957,0.0,0.0015549996619565953,0.0,0.0,0.0,0.0,0.0037940379403794034,0.022886250881898936,0.0,0.023622047244094488,0.5621755735672345,0.5209351388884912,0.3673857001234362,0.9901053930898955,0.4715447154471545,0.9983792801956912,0.0,1.0
0.030030030030030033,9.752149909408922e-05,0.0782458011197014,0.0,0.0,6.163254077894512e-05,0.11333333333333334,0.08000000000000002,0.0,0.0004511468642722332,0.0006112689088926022,0.00047002875470028755,0.00034044579023557184,0.0002722430303809245,0.0002255622495299948,0.0,6.760868095463458e-05,0.03225806451612903,0.35336939193881695,0.0,1.0,0.06559139784946237,0.14760567838941505,0.0,0.06299212598425197,0.4415473422059044,0.5657841922340132,0.3691387339321466,0.998937825583849,0.0967741935483871,0.5913000896717213,0.0,1.0
0.1101101101101101,9.656227123414737e-05,0.07984537456678219,0.0,0.0,0.00020894934556764323,0.10666666666666667,0.0,0.0,0.00029127594645180085,0.0003453013847333994,5.529750055297501e-05,0.00021450852636794164,0.003212345126499242,0.0011701090415782575,0.0,0.0005408694476370766,0.0,0.0,0.0,0.0,0.16486486486486485,0.4021058017995426,0.0,0.23622047244094488,0.5802729681096572,0.49036377234812645,0.08535738897547152,0.9990943024908292,0.46846846846846846,0.9980095440811695,0.0,1.0
0.31431431431431434,0.00011542708581300396,0.10517195414556119,0.0,1.0,0.00015633620100025106,0.2866666666666667,0.2,0.0,0.00040994445759647236,0.00047445924024970494,0.00016589250165892502,0.0003418297162121393,0.0038446765734906113,0.0028110274040165253,0.0,0.004056520857278075,0.006349206349206349,0.1588570921040864,0.0,1.0,0.11079365079365079,0.2984264185791307,0.0,0.23622047244094488,0.5996053412063489,0.5801011969560714,0.3083050630461379,0.9977400541026009,0.5492063492063493,0.9951456882241572,0.0,1.0
0.06506506506506506,6.10708404162985e-05,0.06065049320181285,0.0,0.0,1.5032327019254908e-05,0.0,0.27999999999999997,0.0,0.0006490603959422664,0.00033264124718278634,0.0006082725060827251,0.0002643298615243668,0.007640335651864658,0.0041057613896183865,0.0,0.0033128253667770945,0.0,0.0,0.0,0.0,0.00909090909090909,0.0392778975859309,0.0,0.023622047244094488,0.7023686257737243,0.4560405913425109,0.32219970163772604,0.994192426309163,0.2727272727272727,0.8907235428302466,0.0,1.0
0.04704704704704705,3.261374723802328e-05,0.053452412689949345,1.0,0.0,5.712284267316865e-05,0.07333333333333333,0.2,0.0,0.00022483619382487397,0.00023422403103858923,0.00022119000221190003,0.00014254437558643864,0.00417581106495741,0.0015808893710398202,0.0,0.0006760868095463458,0.0,0.0,0.0,0.0,0.059722222222222225,0.10028346052767456,0.0,0.05511811023622047,0.5476102760397685,0.6646523806080339,0.3392502088624987,0.9997901796361015,0.20833333333333334,0.8122328620674136,0.0,1.0
0.4674674674674675,0.0011881635758479855,0.43948280458544386,1.0,1.0,0.00023600753420230207,1.0,0.12,0.0,0.0005365949671980822,0.001191609965909868,0.0004976775049767751,0.001374238494731394,0.004724696352038181,0.00375105216915656,0.0,0.004664998985869786,0.0,0.0,0.0,0.0,0.39537037037037037,0.32946688654358436,0.0,0.26771653543307083,0.8878337966338332,0.14483878521579055,0.8342523826416439,0.9993657508104006,0.07478632478632478,0.5260925029356687,0.0,1.0
0.016016016016016016,2.7817607938313977e-05,0.02252732604638763,0.0,0.0,6.012930807701963e-06,0.0,0.15999999999999998,0.0,0.0001304402290348864,0.00015071147681240828,0.00019354125193541254,8.026770664090719e-05,0.0029786590382854094,0.001514390408139956,0.0,0.0006084781285917113,0.0,0.0,0.0,0.0,0.04901960784313726,0.08146722297005592,0.0,0.031496062992125984,0.716408171102703,0.3122354972353597,0.6922845047110142,0.9752433187631464,0.6470588235294118,0.9557692240748189,0.0,1.0
0.011011011011011011,3.1654519378081415e-05,0.02865902426019728,0.0,0.0,1.5032327019254909e-06,0.0,0.32,0.0,0.0002132496855113015,0.00011573341082529727,0.0004976775049767751,8.026770664090719e-05,0.0,0.0,0.0,0.0,0.0,0.0,0.0,0.0,0.12777777777777777,0.09909482866547073,0.0,0.047244094488188976,0.808624760007862,0.26082977537492846,0.7350307484290504,0.9497065770085733,0.6666666666666666,0.9428090415820634,0.0,1.0
0.01001001001001001,1.7585844098934123e-05,0.013596374300186616,1.0,0.0,1.5032327019254909e-06,0.16,0.03999999999999998,0.0,0.00011845098112752665,3.2417378705489675e-05,0.00044238000442380006,3.59820753907515e-05,0.0,0.0,0.0,0.0,0.0,0.0,0.0,0.0,0.0,0.0,0.0,0.0,0.9812327522259663,0.035143879837558324,0.9480376005137252,0.9879291118111064,0.9090909090909091,0.5749595745760689,0.0,1.0
0.011011011011011011,4.668242251717058e-05,0.04252199413489736,0.0,0.0,6.764547158664709e-05,0.14666666666666667,0.08000000000000002,0.0,0.0005280164946966871,0.00043447333430421517,0.0006359212563592126,0.0002477227498055584,0.00861535756559634,0.0014908868840548786,0.011904761904761904,0.0005408694476370766,0.0,0.0,0.0,0.0,0.09166666666666666,0.1934103088625487,0.0,0.09448818897637795,0.5746165998140844,0.377604627656887,0.3772408930545188,0.8816667668639697,0.08333333333333333,0.5527707983925666,0.0,1.0
0.012012012012012012,8.696999263472875e-05,0.08091175686483604,0.0,0.0,5.411637726931767e-05,0.0,0.36000000000000004,0.0,0.0004605770745125602,0.0002133785161275502,0.0010783012607830126,0.00018683000683659433,0.00373287078195383,0.0019599611214240913,0.0,0.0007436954905009804,0.0,0.0,0.0,0.0,0.09487179487179487,0.16708718734057565,0.0,0.07874015748031496,0.7212175866663717,0.5592983858724594,0.5432044340898594,0.9851796023564061,0.07692307692307693,0.5329387100211931,0.0,1.0
1.0,0.0003370087214595739,0.7416688882964543,0.0,1.0,0.0007982165647224356,0.9733333333333334,0.32,0.0,3.340390346802946e-05,5.698152724887725e-05,0.0,0.00012178548593792815,0.0012131830041349947,0.0013352874469767222,0.0,0.0026367385572307485,0.0,0.0,0.0,0.0,0.017933333333333336,0.08504820339970458,0.0,0.2125984251968504,0.9811620576976932,0.030242161885482132,0.964104802516836,0.9983658424171411,0.008,0.17816845961056066,0.0,1.0
0.001001001001001001,0.00022142176433657964,0.05385230605171954,0.0,0.0,0.0,0.7933333333333333,0.12,0.3333333333333333,0.0065597596142706275,0.0006528832956420695,0.02933532404335324,0.001666246875787108,0.009494475684534742,0.00235496402752331,0.011904761904761904,0.0005408694476370766,0.0,0.0,0.0,0.0,0.0,0.0,0.0,0.0,0.9892455511102032,6.468080705266988e-06,0.9909602565479405,0.9868773850972046,0.0,0.0,0.0,0.0
0.4744744744744745,0.001853707839337647,0.954278858970941,1.0,1.0,0.00033672412523130997,0.4066666666666667,0.12,0.0,0.0005235241818242318,0.0012965917963534733,0.00011059500110595002,0.003303431306066301,0.012921370650905996,0.024088128890642515,0.0,0.029206950172402137,0.0,0.0,0.0,0.0,0.720701754385965,0.5585854392300406,0.0,0.23622047244094488,0.6710248220408257,0.40432199259951423,0.47962966676924523,0.9851279448494532,0.21894736842105264,0.8270657006128315,0.0,1.0
0.022022022022022025,0.00013429190039186058,0.09277525993068515,0.0,1.0,4.509698105776473e-06,1.0,0.52,0.0,0.0007976127135001745,0.00032846150040494616,0.0017695200176952002,0.0002601780835946646,0.013393173429392002,0.003428613559068679,0.011904761904761904,0.0018254343857751335,0.0,0.0,0.0,0.0,0.7434782608695653,0.7083183929351705,0.06666666666666667,0.23622047244094488,0.9959041959192927,0.0027056402695958205,0.9951013131022446,0.9954352723111883,0.6521739130434783,0.9525609695742019,0.0,1.0
0.05305305305305306,0.0005178231730586148,0.5298587043455079,0.0,1.0,9.470366022130592e-05,0.0,0.44,0.0,0.0009974846463651427,0.0005429133241247357,0.0017971687679716878,0.0003888831994154296,0.008009742861438775,0.0017535166614590933,0.0,0.000811304171455615,0.0,0.0,0.0,0.0,0.44320987654320987,0.20163606577948281,0.2,0.15748031496062992,0.9584173889584449,0.053953434517233806,0.932324696376404,0.9948353750005845,0.9074074074074074,0.5797213274999454,0.0,1.0
0.15115115115115116,0.0003961611061559887,0.3333777659290856,1.0,0.0,9.019396211552946e-06,0.7466666666666667,0.32,0.0,0.0002991956600083605,0.0008603363819168993,0.00016589250165892502,0.0010614712240271692,0.005732775522972001,0.0038073059195998867,0.0,0.003515651409640998,0.0,0.0,0.0,0.0,0.6585526315789474,0.47726728943049107,0.0,0.2440944881889764,0.9351004607020297,0.029111991369941474,0.9273731039353814,0.9887571985589281,0.17105263157894737,0.7531098958554834,0.0,1.0
0.5585585585585586,0.0008840883442464154,0.562516662223407,1.0,0.0,3.6077584846211784e-05,0.2866666666666667,0.2,0.0,0.0009153112532092804,0.0016638059252946488,0.00047002875470028755,0.001677318283599647,0.007054333156189797,0.00301256674918106,0.0,0.00236630383341221,0.0,0.0,0.0,0.0,0.5908169350029815,0.3096924712502933,0.0,0.22834645669291337,0.805328570141806,0.26275180899084216,0.5734280332285984,0.9985713519366657,0.9391771019677997,0.4780103476167223,0.0,1.0
0.914914914914915,0.0017593837664433639,0.8743001866169021,1.0,1.0,0.00011875538345211378,0.7866666666666667,0.39999999999999997,0.0,0.0003556244464114678,0.0006692275853380759,0.0,0.0012524530087934657,0.0026563778964381357,0.00154679037004822,0.0,0.001960651747684403,0.0,0.0,0.0,0.0,0.17169398907103825,0.547105302866197,0.0,0.26771653543307083,0.7554601470732338,0.44588013143383776,0.5768727315977937,0.9954331091076947,0.5693989071038251,0.990320739342148,0.0,1.0
0.061061061061061066,5.8193156836472916e-05,0.0782458011197014,1.0,0.0,0.0,0.6333333333333334,0.27999999999999997,0.0,0.00030883837909827445,6.65839453085565e-05,0.0009953550099535502,0.00010933015214882186,0.0006125468183570802,0.0009621345642565301,0.0,0.0007436954905009804,0.0,0.0,0.0,0.0,0.07688172043010753,0.22404740725233868,0.0,0.15748031496062992,0.935637235301308,0.10664672648742106,0.8826500046807872,0.9976604202012931,0.5967741935483871,0.9810907306932611,0.0,1.0
0.15915915915915915,4.732190775713182e-05,0.04318848307118102,1.0,0.0,4.2090515653913746e-05,0.33333333333333337,0.03999999999999998,0.0,0.0003969320501199052,0.00029706630892703995,0.00044238000442380006,0.0001992853406257006,0.007819755667957087,0.002613077785162594,0.0,0.0011493475762287878,0.0,0.0,0.0,0.0,0.031875,0.07808096604393992,0.0,0.05511811023622047,0.5974189062022441,0.47280685287728325,0.41194835623684334,0.9999689422078601,0.375,0.9682458365518543,0.0,1.0
0.01001001001001001,3.788950046770352e-05,0.0321247667288723,0.0,0.0,5.110991186546669e-05,0.02666666666666667,0.24,0.0,0.0003454412121797875,0.0002306101036108069,0.0008571112585711126,0.0001633032652349491,0.0034525366125580884,0.001323263930354569,0.0,0.0004056520857278075,0.0,0.0,0.0,0.0,0.06666666666666667,0.07135184432054922,0.0,0.031496062992125984,0.5372671647452041,0.3683338574615886,0.45951402773826633,0.8658698151247961,0.09090909090909091,0.5749595745760688,0.0,1.0
0.03903903903903904,4.54034520372481e-05,0.1816848840309251,0.0,0.0,6.012930807701963e-06,0.0,0.2,0.6666666666666666,0.000346929025179144,0.000219370594115627,0.00047002875470028755,0.00014669615351614072,0.005538444149311933,0.0028534082203771943,0.0,0.0015549996619565953,0.0,0.0,0.0,0.0,0.0008333333333333334,0.009236636800264328,0.0,0.007874015748031496,0.8076681353265371,0.29749360470658126,0.6963611315751486,0.9764868287700814,0.05,0.43588989435406733,0.0,1.0
0.07907907907907907,6.906440591581401e-05,0.061450279925353235,1.0,0.0,3.0064654038509815e-05,0.0,0.03999999999999998,0.0,0.0004623596142531098,0.00034451254574759246,0.00013824375138243752,0.0002449548978524236,0.003797790273813897,0.0033950442013995843,0.0,0.002907173281049287,0.0,0.0,0.0,0.0,0.2033333333333333,0.40544198357141165,0.0,0.2204724409448819,0.6017469095444188,0.5042415328608801,0.3607825581285251,0.9864909083021205,0.6875,0.9270248108869579,0.0,1.0
0.6946946946946947,0.0027657736628323667,0.471207677952546,1.0,1.0,0.00013378771047136868,0.9400000000000001,0.48000000000000004,0.0,0.0011745130946632285,0.005231528148654699,2.7648750276487504e-05,0.008642617723663195,0.03233737969357764,0.023795475978198144,0.0,0.028463254681901157,0.0,0.0,0.0,0.0,0.2615827338129496,0.41843256122383604,0.0,0.23622047244094488,0.7070615546637793,0.43485049112681096,0.3540720896006553,0.9972470252696768,0.02014388489208633,0.2809847596830882,0.0,1.0
0.4714714714714715,0.00154611543891629,0.39296187683284456,1.0,1.0,0.002094003153782209,0.78,0.6000000000000001,0.0,0.004010433213039422,0.0038736334949802213,0.0012165450121654502,0.005261686562909123,0.08441321978660737,0.019003242247620695,0.011904761904761904,0.02116151713880062,0.0,0.0,0.0,0.0,0.3059322033898305,0.5492456635056672,0.0,0.2440944881889764,0.8335424996613767,0.22416938163246852,0.6741139052842859,0.9946875249698914,0.9576271186440678,0.4028767567459225,0.0,1.0
0.02702702702702703,0.0008677814706274038,0.4248200479872034,0.0,1.0,1.2025861615403927e-05,0.8466666666666667,0.12,0.0,0.0034789898144653732,0.001936788556535458,0.003400796284007963,0.0016274969484432217,0.0440061412680023,0.009816112497069786,0.047619047619047616,0.004529781623960517,0.0,0.0,0.0,0.0,0.7202380952380952,0.3812346559601657,0.13333333333333333,0.22834645669291337,0.9341686812995587,0.0613931375405951,0.9206743790619738,0.9952812231721593,0.9285714285714286,0.5150787536377127,0.0,1.0
0.03303303303303303,7.418028783550394e-05,0.07278059184217542,0.0,0.0,0.00017287176072143144,0.0,0.15999999999999998,0.0,0.0003705194968852338,0.00035598955515646173,0.00024883875248838755,0.00020620497050853742,0.0031027698315473015,0.001470835661629707,0.0,0.000811304171455615,0.0,0.0,0.0,0.0,0.01764705882352941,0.05019082111095918,0.0,0.023622047244094488,0.6650262137409353,0.5251449717392708,0.2607030250518365,0.957727875630054,0.8823529411764706,0.6443794794178425,0.0,1.0
0.2312312312312312,0.0003135076388909983,0.2868568381764863,0.0,0.0,4.509698105776473e-06,0.33333333333333337,0.44,0.0,0.00037688414451742317,0.0009161136758718988,0.00030413625304136254,0.000765311065041753,0.0045380683587958204,0.0020462502617037462,0.0,0.0018254343857751335,0.0,0.0,0.0,0.0,0.39497126436781604,0.35939999615562923,0.0,0.18110236220472442,0.8790308109219147,0.13671291252362144,0.8367047168810275,0.9962062546367845,0.3922413793103448,0.9765000351603949,0.0,1.0
0.035035035035035036,0.0002239797052964246,0.2108770994401493,1.0,0.0,4.5096981057764727e-05,0.2066666666666667,0.15999999999999998,0.0,0.0005920641378744906,0.00040495029109894953,0.0012441937624419377,0.00028508875117287723,0.02215377659724773,0.004044861272781893,0.0,0.0013521736190926915,0.0,0.0,0.0,0.0,0.0,0.0,0.0,0.0,0.9594063243889339,0.11491739173762806,0.8551076059618605,0.9952576354352525,0.2222222222222222,0.8314794192830981,0.0,1.0
0.012012012012012012,0.00018880801709855637,0.03998933617701946,1.0,0.0,1.2025861615403927e-05,0.06666666666666667,0.2,0.0,0.0002939096087711714,0.00019482891887372426,0.0004976775049767751,0.00012455333789106288,0.00470666315985483,0.0016086495586348025,0.0,0.0006084781285917113,0.0,0.0,0.0,0.0,0.025641025641025644,0.05268058651227325,0.0,0.023622047244094488,0.8291117426952157,0.1927647558996818,0.7828688119272771,0.9501703844379366,0.8461538461538461,0.7216024245882199,0.0,1.0
0.022022022022022025,4.508370941726747e-05,0.03639029592108771,1.0,0.0,0.0,0.64,0.32,0.0,0.000383269100982202,0.0005711245521890038,0.0008847600088476001,0.0004041063851576706,0.010090747104336441,0.002734603828040757,0.0,0.0010817388952741533,0.0,0.0,0.0,0.0,0.0,0.0,0.0,0.0,0.9385765198145988,0.007663165566241204,0.9444152065533844,0.9396630099345664,0.17391304347826086,0.7580693814853344,0.0,1.0
0.4464464464464465,0.00016354835012008737,0.1564916022394028,1.0,1.0,1.5032327019254909e-06,1.0,0.24,0.0,0.00013027784409800058,0.00015007901413773648,0.00011059500110595002,9.687481835971557e-05,0.0011989047098542505,0.0006488379444351174,0.0,0.0004056520857278075,0.0,0.0,0.0,0.0,0.18695003728560777,0.2436974128268697,0.0,0.10236220472440945,0.9747342613363701,0.026787566880158015,0.9693767451352295,0.9994512310674368,0.024608501118568233,0.30985753365871654,0.0,1.0
0.05805805805805806,4.012769880756786e-05,0.036923487070114634,0.0,0.0,3.6077584846211784e-05,0.0,0.15999999999999998,0.0,0.0004835688159118526,0.00027326265722689674,0.0007741650077416501,0.00020343711855540272,0.004541613604278389,0.001619072873183521,0.0,0.0006760868095463458,0.0,0.0,0.0,0.0,0.01694915254237288,0.07575852756600923,0.0,0.047244094488188976,0.49698865324973696,0.5050677882045386,0.3939932119228855,0.8744452829062688,0.5254237288135594,0.9987064313665244,0.0,1.0
0.05905905905905906,5.563521587662795e-05,0.059450813116502264,1.0,0.0,4.359374835583923e-05,0.02,0.12,0.0,0.00035489474964472506,0.0001264104609985793,0.0008294625082946251,0.0001508479314458428,0.004641743667994763,0.001687938429247012,0.0,0.0008789128524102495,0.0,0.0,0.0,0.0,0.04777777777777778,0.08665855374591974,0.0,0.047244094488188976,0.9241219075657963,0.07695158363528258,0.8924061743745009,0.9888083528746607,0.9166666666666666,0.5527707983925667,0.0,1.0
0.09709709709709709,0.0005857684798044966,0.05211943481738203,0.0,1.0,4.359374835583923e-05,0.8533333333333334,0.36000000000000004,0.0,0.0002014267178443908,0.00026125443663014024,0.00027648750276487504,0.00022973171211018264,0.002109883485452165,0.0011811543857525603,0.0,0.0007436954905009804,0.0,0.0,0.0,0.0,0.06360544217687075,0.26566910274429417,0.0,0.2204724409448819,0.478193718404996,0.6814000133985769,0.08663877702105882,0.9617634899691341,0.12244897959183673,0.6556072818044493,0.0,1.0
0.6756756756756757,0.0020565845317153503,0.5937083444414822,0.0,1.0,0.0001788846915291334,0.9400000000000001,0.48000000000000004,0.6666666666666666,0.001837786131846908,0.0028407213566232423,0.0015759787657597876,0.002625307577548292,0.01843026920354295,0.004140402164849844,0.011904761904761904,0.002095869109593672,0.0,0.0,0.0,0.0,0.18210059171597634,0.5993483730718356,0.0,0.2440944881889764,0.8037552948483802,0.17263437086048677,0.7657252292757519,0.9899672696936195,0.33579881656804733,0.9445379216517381,0.0,1.0
1.0,0.0010051109259090803,0.20154625433217807,0.0,0.0,0.0018880602736184166,0.39333333333333337,0.32,0.0,0.001386146128840087,0.0009956935290162331,0.001050652510506525,0.001144506782621211,0.010849020882195033,0.002373522607370732,0.0,0.0016902170238658645,0.0,0.0,0.0,0.0,0.7127,0.6636939927308543,0.0,0.6377952755905512,0.9369747109146882,0.07018867570043191,0.8977834637365127,0.9948539827006693,0.011,0.20860488968382312,0.0,1.0
0.024024024024024024,7.082299032570742e-05,0.06398293788323113,0.0,0.0,7.516163509627454e-05,0.0,0.15999999999999998,0.0,0.00042342894631950626,0.00041622369513987135,0.00027648750276487504,0.00025741023164153,0.0027850462007968577,0.001121375555937452,0.0,0.00047326076668244207,0.0,0.0,0.0,0.0,0.03333333333333333,0.08532439588863062,0.0,0.03937007874015748,0.4590643634313274,0.5852634627238623,0.23747998212414867,0.9296083570910918,0.16,0.7332121111929343,0.0,1.0
0.02002002002002002,3.533155950785856e-05,0.06078379098906958,0.0,0.0,0.0,0.0,0.2,0.6666666666666666,0.00017904189906170655,9.056193329244568e-05,0.0003870825038708251,7.888378066433982e-05,0.0006028238529863328,0.00036811533024356906,0.0,0.00013521736190926916,0.0,0.0,0.0,0.0,0.0,0.0,0.0,0.0,0.7740720456481727,0.14838326857768994,0.7371653876882789,0.9545520957735363,0.047619047619047616,0.42591770999996,0.0,1.0
0.015015015015015015,1.2789704799224817e-05,0.06611570247933884,1.0,0.0,0.0,0.8133333333333334,0.24,0.3333333333333333,2.0261906413359874e-05,2.9477488029208692e-05,2.7648750276487504e-05,1.5223185742241019e-05,0.0002637354356815206,0.0003257405878398331,0.0,0.00013521736190926916,0.0,0.0,0.0,0.0,0.0,0.0,0.0,0.0,0.9965522563475231,0.002322926248072675,0.996588409280676,0.9978674548570945,0.0625,0.4841229182759271,0.0,1.0
0.9119119119119119,0.003678319100257057,0.26526259664089574,1.0,1.0,0.00041639545843336095,0.7933333333333333,0.32,0.0,0.0010133095186177382,0.0024509586039568733,0.00019354125193541254,0.00221151371055465,0.010505461521313906,0.0030646883264703758,0.0,0.002569129876276114,0.0,0.0,0.0,0.0,0.5120979532163743,0.3923220134861194,0.0,0.25196850393700787,0.6874693487325239,0.3727615432351925,0.506903476881976,0.9991343243492485,0.4967105263157895,0.9999783584915843,0.0,1.0
0.044044044044044044,2.7817607938313977e-05,0.026392961876832842,0.0,0.0,3.3071119442360796e-05,0.16,0.39999999999999997,0.0,0.00011733914447117375,0.0001362357746093774,5.529750055297501e-05,8.165163261747455e-05,0.002109883485452165,0.0012766371659549342,0.0,0.0005408694476370766,0.0,0.0,0.0,0.0,0.016296296296296295,0.0833155168640719,0.0,0.047244094488188976,0.416466728030759,0.6603006028029366,0.2218713145287481,0.9886533544161109,0.15555555555555556,0.7248669524577819,0.0,1.0
0.1061061061061061,0.0005082308944591961,0.5915755798453746,0.0,0.0,3.0064654038509815e-05,0.3466666666666667,0.0,0.16666666666666666,0.0008397874154396226,0.0011378889623701032,0.00041473125414731257,0.0010047302589879072,0.008912778835741856,0.002926818321043131,0.0,0.0014873909810019608,0.0,0.0,0.0,0.0,0.07757009345794393,0.12126608138024228,0.0,0.05511811023622047,0.8379109709442467,0.22726352497221888,0.7442178405520803,0.996372925056634,0.9065420560747663,0.5821462243886892,0.0,1.0
0.10710710710710711,0.0005309326204778202,0.1775526526259664,1.0,0.0,0.0,0.9533333333333334,0.15999999999999998,0.0,0.00037771373407339973,0.0005061654732405183,0.0,0.0003376779382824371,0.003340648851965928,0.0014538758041345765,0.0,0.0007436954905009804,0.0,0.0,0.0,0.0,0.675,0.7837184396233879,0.0,0.25196850393700787,0.945174103813673,0.0629620714031621,0.935641818640228,0.999510322316854,0.0,0.0,0.0,0.0
0.06406406406406406,7.99356549951551e-05,0.061450279925353235,0.0,0.0,4.2090515653913746e-05,0.06666666666666667,0.36000000000000004,0.0,0.00038303659579865207,0.00047930548802633133,0.00022119000221190003,0.00028093697324317515,0.005485697062175629,0.0020022575850508644,0.0,0.0009465215333648841,0.0,0.0,0.0,0.0,0.02153846153846154,0.05909877774145431,0.0,0.031496062992125984,0.4680005468495576,0.5389025260766686,0.3074217477393706,0.9883216113382245,0.046153846153846156,0.4196363599072572,0.0,1.0
0.9409409409409409,0.00033461065180971926,0.1407624633431085,1.0,1.0,1.9542025125031382e-05,0.9733333333333334,0.36000000000000004,0.0,0.0005273043943805678,0.0015861495348216486,2.7648750276487504e-05,0.0014060687921924433,0.003896894258996666,0.0014529576065931086,0.0,0.0008789128524102495,0.0010626992561105207,0.06516348444954684,0.0,1.0,0.2636556854410202,0.32935574203078966,0.0,0.23622047244094488,0.7716841340632383,0.4254646111227269,0.29474429123206036,0.99488380585868,0.8660998937300743,0.6810899142134708,0.0,1.0
0.030030030030030033,6.075109779631788e-05,0.03412423353772327,1.0,0.0,3.156788674043531e-05,0.5866666666666667,0.27999999999999997,0.0,0.0005793459723869223,0.00042342100743928703,0.001161247511612475,0.00026156200957123206,0.0025182480310235516,0.0008445346582878356,0.0,0.0002704347238185383,0.0,0.0,0.0,0.0,0.06344086021505377,0.124239683670219,0.0,0.06299212598425197,0.9722431558953808,0.04261019345117518,0.9582714988627545,0.9971757381175843,0.5161290322580645,0.9994795732148174,0.0,1.0
0.05205205205205205,0.00011446785795306211,0.0981071714209544,0.0,0.0,4.2090515653913746e-05,0.9,0.32,0.0,0.00036890240096910536,0.0005566481741868892,0.0003594337535943375,0.0006283023933615838,0.007165642026063956,0.0018729650614461627,0.0,0.0007436954905009804,0.0,0.0,0.0,0.0,0.8283018867924528,0.5880798525276466,0.0,0.23622047244094488,0.9908209279445046,0.01300875273677625,0.9873990249921638,0.9991492073967931,0.09433962264150944,0.5846012598048931,0.0,1.0
0.056056056056056056,8.281333857498068e-05,0.05585177286057051,0.0,0.0,3.156788674043531e-05,0.08666666666666667,0.27999999999999997,0.0,0.0006296525325350423,0.0005729093822804973,0.0003870825038708251,0.00031138334472765716,0.002331976483920814,0.0011250710257882353,0.0,0.00047326076668244207,0.0,0.0,0.0,0.0,0.02222222222222222,0.08168687826550063,0.0,0.07086614173228346,0.525524353144383,0.6298754945255429,0.2575867859758354,0.9524046987083166,0.12280701754385964,0.6564311204866564,0.0,1.0
0.03803803803803804,0.0003144668667509402,0.018395094641428952,0.0,1.0,1.5032327019254909e-06,0.13333333333333333,0.2,0.0,0.0006174405716809261,0.0007678117262301946,0.0005529750055297501,0.0006587487648460658,0.007736239446657938,0.0025005985821157086,0.0,0.0010141302143195188,0.0,0.0,0.0,0.0,0.823931623931624,0.22496207593149578,0.26666666666666666,0.2047244094488189,0.8482762081813346,0.23428934778409038,0.7426737990470169,0.9962936335328569,0.20512820512820512,0.8075905511806987,0.0,1.0
0.03703703703703704,0.00022014279385665716,0.747267395361237,1.0,1.0,1.8038792423105892e-05,0.8133333333333334,0.2,0.0,0.001056625527493972,0.001914055971651463,0.0008294625082946251,0.001053167668167765,0.0016101742388977048,0.000625768727679923,0.0,0.0002704347238185383,0.0,0.0,0.0,0.0,0.5850877192982457,0.8080799580297147,0.0,0.2440944881889764,0.9525651773240922,0.17703095964630364,0.8177839799169826,0.9953757245583956,0.0,0.0,0.0,0.0
0.35935935935935936,0.001914618808443955,0.5558517728605705,1.0,0.0,1.0522628913478436e-05,0.5866666666666667,0.27999999999999997,0.0,0.0008538870410159132,0.00129212089859685,2.7648750276487504e-05,0.001984549850397602,0.004512806343883797,0.0019510804563124143,0.0,0.0014197823000473263,0.0,0.0,0.0,0.0,0.47435185185185186,0.9054844653842582,0.0,0.3700787401574803,0.672247601567725,0.3887016203302695,0.48014477080795626,0.9825022982480869,0.33611111111111114,0.9447548509507965,0.0,1.0
0.036036036036036036,0.00015603439855054276,0.15342575313249798,0.0,0.0,0.00013829740857714516,0.44,0.36000000000000004,0.0,0.0012179878456220394,0.0008494320318677815,0.0021566025215660253,0.0005770971322285913,0.024406219777662882,0.005799748292928885,0.011904761904761904,0.002231086471502941,0.0,0.0,0.0,0.0,0.005405405405405406,0.035104545101876015,0.0,0.023622047244094488,0.45877946322692154,0.5668758203785996,0.3669643004850638,0.9594890397144917,0.5405405405405406,0.9967075088965284,0.0,1.0
0.1981981981981982,0.0006003167690136148,0.7808584377499334,0.0,1.0,6.012930807701963e-06,0.44,0.6000000000000001,0.0,0.0002066413001163745,0.00034464064762058157,2.7648750276487504e-05,0.00023388349003988473,0.0020144616192759365,0.0007874935704509137,0.0,0.0004056520857278075,0.0,0.0,0.0,0.0,0.11809045226130653,0.2460979125992242,0.0,0.10236220472440945,0.8517012885177735,0.20652150898422772,0.760960403997923,0.9975888373595145,0.0,0.0,0.0,0.0
0.09109109109109109,6.794530674588183e-05,0.09130898427086111,0.0,0.0,1.9542025125031382e-05,0.0,0.08000000000000002,0.3333333333333333,0.00025833631568802917,0.0002258117338752075,0.00022119000221190003,0.00014531222753957334,0.001742947227112658,0.0009285620380264927,0.0,0.00047326076668244207,0.0,0.0,0.0,0.0,0.0,0.0,0.0,0.0,0.775807103913432,0.27567857640054416,0.3684833139069843,0.9520834292703704,0.010869565217391304,0.20737808726455337,0.0,1.0
0.016016016016016016,0.0003526761098386243,0.5035990402559317,0.0,0.0,7.516163509627454e-06,1.0,0.36000000000000004,0.0,0.001243085806794126,0.0008367852483730034,0.002046007520460075,0.0005023651294939536,0.028917814830020847,0.006327727039023341,0.0,0.001960651747684403,0.0,0.0,0.0,0.0,0.8705882352941177,0.4011946414076708,0.23333333333333334,0.23622047244094488,0.9878121246575073,0.01583336409347797,0.9795361417741244,0.9947816684159827,0.17647058823529413,0.7624400821656306,0.0,1.0
0.04904904904904905,0.0008171022653604755,0.7948547054118902,1.0,0.0,6.163254077894512e-05,0.7200000000000001,0.44,0.16666666666666666,0.0034122846308886636,0.0036240568260600394,0.004230258792302588,0.002262718971687642,0.011182382472896473,0.0030929007349448693,0.0,0.0012169562571834225,0.0,0.0,0.0,0.0,0.23,0.38691109149963016,0.0,0.1732283464566929,0.9373012912416874,0.04560793418153412,0.9387857452178867,0.9739988698117683,0.0,0.0,0.0,0.0
0.06806806806806806,9.768137040407953e-05,0.08051186350306584,1.0,0.0,2.8561421336584325e-05,0.05333333333333334,0.27999999999999997,0.0,0.0009732574627175195,0.0005694128325154169,0.0017142225171422251,0.00039026712539199705,0.004709015315357006,0.0020655950171526044,0.0,0.0013521736190926915,0.014492753623188406,0.23902061597783533,0.0,1.0,0.007246376811594203,0.04012495157506861,0.0,0.03937007874015748,0.8974429405148356,0.15421568999653978,0.830632006462336,0.9978125551386698,0.3333333333333333,0.9428090415820635,0.0,1.0
0.2792792792792793,0.0008441205167488379,0.9233537723273794,1.0,1.0,9.92133583270824e-05,0.76,0.39999999999999997,0.0,0.0006156946376671913,0.0009235603766044635,0.0003594337535943375,0.0010061141849644747,0.005086326259572183,0.0022242390264380785,0.0,0.001284564938138057,0.0,0.0,0.0,0.0,0.017380952380952382,0.05743263248462435,0.0,0.03937007874015748,0.7026574384214417,0.3652162526667973,0.5309740384989494,0.9990243952239384,0.5571428571428572,0.9934479228979263,0.0,1.0
0.1111111111111111,0.00011446785795306211,0.22647294054918687,0.0,1.0,6.764547158664709e-05,0.4466666666666667,0.24,0.0,9.614319077055107e-05,0.00016804500777377812,0.0,0.00016053541328181438,0.0021852364670754566,0.0009554855793690344,0.0,0.0004056520857278075,0.0,0.0,0.0,0.0,0.24940476190476188,0.4653024758091376,0.0,0.23622047244094488,0.3911928721006088,0.6733003397535204,0.2214953107423101,0.9900531234534169,0.20535714285714285,0.8079247161331158,0.0,1.0
0.0,1.8545071958875984e-05,0.017062116768861636,0.0,0.0,0.0,0.0,0.36000000000000004,0.0,0.0001842834147273703,0.0,0.0009124087591240877,4.2901705273588325e-05,0.0,0.0,0.0,0.0,0.0,0.0,0.0,0.0,0.0,0.0,0.0,0.0,0.9967667174737196,0.0,0.9972828847663271,0.9946419420703547,0.0,0.0,0.0,0.0
0.06406406406406406,0.00025803229432436067,0.959744068248467,0.0,0.0,6.012930807701963e-06,0.9600000000000001,0.32,0.0,0.0005850874753899506,0.00041813690085400743,0.0009400575094005751,0.0003445975681652739,0.01028973945982056,0.0025437299764499103,0.0,0.0013521736190926915,0.0,0.0,0.0,0.0,0.9112820512820512,0.12291163327994739,0.6,0.22834645669291337,0.9872470407031626,0.019093363758705233,0.9806045737160858,0.9993834403161967,0.9384615384615385,0.48063074928656335,0.0,1.0
0.6716716716716716,0.0007708994567732758,0.8541722207411356,0.0,1.0,0.0004735183011065296,0.56,0.48000000000000004,0.0,0.0004680235547010392,0.0009855158357212055,0.00024883875248838755,0.0025976290580169447,0.009381446212099805,0.0039573674807675775,0.0,0.004124129538232709,0.0,0.0,0.0,0.0,0.004315476190476191,0.035483637123349024,0.0,0.06299212598425197,0.7874785904940573,0.41286789382611655,0.5543504834407065,0.9984754291649187,0.3705357142857143,0.9658964721428271,0.0,1.0
0.007007007007007007,5.275753229680236e-05,0.04705411890162623,0.0,0.0,4.810344646161571e-05,0.18666666666666668,0.15999999999999998,0.0,0.0005644657187664672,0.00019811311247576653,0.0018248175182481753,0.00018544608086002695,0.001318677178407603,0.0007475492186575615,0.0,0.00020282604286390375,0.0,0.0,0.0,0.0,0.008333333333333333,0.025617821227838976,0.0,0.007874015748031496,0.675221480629137,0.5962608466946193,0.5494103602696949,0.9918950211972932,0.75,0.8660254037844386,0.0,1.0
1.0,0.002717972141145264,0.9624100239936016,1.0,0.0,0.0016144719218679773,0.9866666666666667,1.0,0.0,0.0028741955982980434,0.0025717169566275566,0.0025436850254368505,0.0023568259380942233,0.02204617253948967,0.008543602702071327,0.0,0.018592387262524507,0.001,0.06321392251711644,0.0,1.0,0.8537,0.27707497086183763,0.0,0.25984251968503935,0.8395481633242277,0.26633356110109685,0.7224557977309765,0.9980790182338799,0.962,0.38239246854508,0.0,1.0
0.5385385385385385,0.0016222141824716776,0.7851239669421487,1.0,1.0,1.0522628913478436e-05,0.3466666666666667,0.32,0.3333333333333333,0.0004679808979711046,0.0011057277048839727,0.0,0.0012109352294964446,0.0009081502200833067,0.0006809995894922579,0.0,0.0010141302143195188,0.0,0.0,0.0,0.0,0.04755720470006185,0.11435661769384849,0.0,0.11811023622047244,0.9492600863277252,0.07858416665656387,0.921359259534472,0.9981337519510776,0.0018552875695732839,0.08606614845820557,0.0,1.0
0.08008008008008008,0.0006941612279779269,0.23473740335910423,1.0,1.0,0.00013378771047136868,0.5,0.48000000000000004,0.0,0.0011590520678488477,0.00129994890371891,0.0006082725060827251,0.0008566501794951991,0.021645841684083324,0.0062125948964242,0.0,0.0028395646000946525,0.0,0.0,0.0,0.0,0.40205761316872424,0.5852548472683785,0.0,0.22834645669291337,0.8977580186553649,0.2896538689400514,0.7414807712369411,0.9945830168221645,0.07407407407407407,0.5237828008789241,0.0,1.0
0.09009009009009009,5.563521587662795e-05,0.046387629965342576,0.0,0.0,2.7058188634658835e-05,0.18000000000000002,0.08000000000000002,0.0,0.0003093795072337984,0.00025402122057635547,0.00024883875248838755,0.00017299074707092065,0.00415021037248283,0.0021818709687158847,0.0,0.0012169562571834225,0.0,0.0,0.0,0.0,0.09010989010989011,0.12041627928676088,0.0,0.09448818897637795,0.7382165661584468,0.3185564682828697,0.6325428459444735,0.9877522738160787,0.2087912087912088,0.8128897586332716,0.0,1.0
0.03403403403403404,0.00011718567022289739,0.07597973873633697,0.0,0.0,6.914870428857258e-05,0.08666666666666667,0.36000000000000004,0.0,0.0009897112640679946,0.00047907780514935984,0.0008018137580181376,0.00038473142148572753,0.0017481891736603654,0.0007626943916819961,0.0,0.0002704347238185383,0.0,0.0,0.0,0.0,0.00857142857142857,0.03268957778755533,0.0,0.015748031496062992,0.7842505175571439,0.5022910635441752,0.3725247731272221,0.9883036987682798,0.8,0.8,0.0,1.0
0.25325325325325326,0.0002613895918341572,0.34390829112236737,1.0,1.0,8.11745659039765e-05,0.4733333333333334,0.36000000000000004,0.0,0.0002694944286240372,0.0004272884591742608,5.529750055297501e-05,0.0004622312761735,0.005158415923093679,0.0026061737742833326,0.0,0.002095869109593672,0.0,0.0,0.0,0.0,0.04068241469816273,0.10947068400241142,0.0,0.10236220472440945,0.7275552641652547,0.35468757957778213,0.6274496457994347,0.9947313233562332,0.7362204724409449,0.8813623282164421,0.0,1.0
0.07407407407407407,0.0006107084041629849,0.16262330045321247,0.0,0.0,7.516163509627454e-06,0.17333333333333334,0.15999999999999998,0.0,0.0013874264380087367,0.001479602086541402,0.001050652510506525,0.001136203226761807,0.012040401756980354,0.003006600905637249,0.0,0.0012169562571834225,0.0,0.0,0.0,0.0,0.2768888888888889,0.5538063588946421,0.0,0.2440944881889764,0.9229340249154614,0.14908940923296443,0.8145560241568237,0.999129671127343,0.5733333333333334,0.9891859728528751,0.0,1.0
0.08108108108108107,6.986376246576557e-05,0.07984537456678219,0.0,0.0,1.5032327019254908e-05,0.04,0.2,0.0,0.00044688738668803433,0.000233049628347861,0.0006912187569121876,0.00020205319257883534,0.0027274103592430424,0.0013880555419866142,0.0,0.000811304171455615,0.0,0.0,0.0,0.0,0.002845528455284553,0.01893813958249103,0.0,0.015748031496062992,0.8450030655640663,0.27888123072409793,0.6774056575397296,0.9900911429220303,0.21951219512195122,0.8278323291940068,0.0,1.0
0.03803803803803804,3.053542020814925e-05,0.07371367635297253,0.0,0.0,0.0,0.9933333333333334,0.24,0.0,4.8810394445599754e-05,5.4093851970947443e-05,2.7648750276487504e-05,4.0133853320453594e-05,0.00037869703585038857,0.00047873699431092977,0.0,0.0002704347238185383,0.0,0.0,0.0,0.0,0.0,0.0,0.0,0.0,0.7974855520994568,0.3421102385754974,0.6253578316209092,0.9883756291751284,0.0,0.0,0.0,0.0
0.044044044044044044,5.707405766654075e-05,0.05825113303119168,1.0,0.0,6.012930807701963e-06,0.15333333333333335,0.2,0.0,0.0006631924250216995,0.0002478663283033849,0.00143773501437735,0.00023665134199301948,0.004266653270581044,0.0015440586321596996,0.0,0.0005408694476370766,0.0,0.0,0.0,0.0,0.0007407407407407408,0.00872078097251157,0.0,0.007874015748031496,0.6190036836681374,0.4976803375240955,0.3885734858397001,0.9627735555624959,0.08888888888888889,0.5691665988829198,0.0,1.0
0.015015015015015015,0.00013557087087178306,0.11170354572114102,0.0,0.0,1.2025861615403927e-05,0.02666666666666667,0.32,0.0,0.0009888215857510594,0.000499254383401194,0.0016589250165892503,0.00040133853320453597,0.006065915020674974,0.0023048688300385083,0.0,0.0008789128524102495,0.0625,0.4841229182759271,0.0,1.0,0.0,0.0,0.0,0.0,0.8354109496675877,0.27698798211400044,0.5554318832139069,0.9592414540713587,0.4375,0.9921567416492215,0.0,1.0
0.1111111111111111,0.00016019105261029084,0.24153559050919754,1.0,1.0,2.7058188634658835e-05,0.9333333333333333,0.6399999999999999,0.0,0.0003350631992544407,0.00027396826375023246,0.00044238000442380006,0.0002781691212900404,0.009324931475882335,0.003631902470476812,0.0,0.0022986951524575755,0.0,0.0,0.0,0.0,0.22172619047619047,0.35078288454357526,0.0,0.15748031496062992,0.9386303140052696,0.11663482903969502,0.864122819444086,0.9985673108442858,0.8035714285714286,0.7945926950459639,0.0,1.0
0.004004004004004004,3.7569757847722896e-05,0.0371900826446281,1.0,0.0,3.0064654038509817e-06,0.02666666666666667,0.15999999999999998,0.0,0.00033606667363516977,0.00014379161971075766,0.0009953550099535502,0.00011486585605509132,0.003375813576723464,0.0010932467543506028,0.0,0.0002704347238185383,0.0,0.0,0.0,0.0,0.05333333333333334,0.12182165152531976,0.0,0.03937007874015748,0.80554167921811,0.17665580988539964,0.7725547722123398,0.92554579349025,0.2,0.8000000000000002,0.0,1.0
0.03303303303303303,9.432407289428302e-05,0.11610237270061316,0.0,0.0,4.359374835583923e-05,0.05333333333333334,0.15999999999999998,0.0,0.0003313298364128563,0.0004822517672776563,0.00033178500331785003,0.00031138334472765716,0.004964431730475683,0.0023641756213911374,0.0,0.001284564938138057,0.0,0.0,0.0,0.0,0.011764705882352941,0.03480107289869304,0.0,0.015748031496062992,0.5118523551126248,0.6282924396534583,0.3148791076254467,0.9497822787558077,0.2647058823529412,0.8823529411764707,0.0,1.0
0.978978978978979,0.0002015977218977812,0.09290855771794188,1.0,1.0,7.065193699049807e-05,0.4,0.36000000000000004,0.0,0.00012375308094824216,0.00027324941117251367,0.0,0.0005424989828144072,0.0019913507053705825,0.0012649032119601562,0.0,0.0010817388952741533,0.0,0.0,0.0,0.0,0.13043922369765068,0.36954587660451166,0.0,0.23622047244094488,0.31209598928567406,0.5316478221240774,0.17437756552362949,0.9761988010779223,0.11746680286006128,0.6439514052656359,0.0,1.0
0.009009009009009009,0.00017777689670922495,0.00026659557451346307,0.0,1.0,3.0064654038509815e-05,0.7933333333333333,0.27999999999999997,0.0,0.004171200925427661,0.0005421721170929849,0.01827582393275824,0.0011804888580119626,0.003375813576723464,0.0010510204018706153,0.0,0.0003380434047731729,0.0,0.0,0.0,0.0,0.18000000000000002,0.13015601264111198,0.0,0.07086614173228346,0.9995160087477366,0.0011132673705122732,0.9991037168619936,0.9982334512507487,0.0,0.0,0.0,0.0
0.19019019019019018,0.00012805691930223848,0.1310317248733671,1.0,0.0,3.457435214428629e-05,0.3866666666666667,0.24,0.16666666666666666,0.00018543599932400838,0.0002809750737082982,2.7648750276487504e-05,0.0002491066757821257,0.0016680230696506644,0.0012235691830419448,0.0,0.0008789128524102495,0.04712041884816754,0.4237928030334673,0.0,1.0,0.0975567190226876,0.18664352975480047,0.0,0.1732283464566929,0.4649785343709425,0.6383655840966449,0.1674208939393882,0.9966396682789176,0.49214659685863876,0.9998766405094168,0.0,1.0
0.09409409409409408,0.0010092675799688283,0.09984004265529192,1.0,1.0,3.6077584846211784e-05,0.8866666666666667,0.08000000000000002,0.0,0.004822850545632059,0.00665243764585341,0.00013824375138243752,0.00372414480294278,0.03333615907014421,0.013478734051212504,0.0,0.006017172604962477,0.0,0.0,0.0,0.0,0.35157894736842105,0.6458511601418988,0.0,0.23622047244094488,0.8011372560872063,0.3210510677240025,0.5133939228513071,0.9955903330201972,0.3473684210526316,0.9522680318230434,0.0,1.0
0.016016016016016016,0.00020399579154763584,0.034924020261263664,0.0,0.0,6.614223888472159e-05,0.52,0.48000000000000004,0.0,0.0012270691629488936,0.0011990028536711247,0.0013547887635478877,0.0007611592871120509,0.0187407297825457,0.005856120865198929,0.011904761904761904,0.00236630383341221,0.0,0.0,0.0,0.0,0.9470588235294117,0.17105709732597346,0.6,0.23622047244094488,0.9783737501752743,0.027231582482191707,0.9727642448998397,0.9918925104287295,0.0,0.0,0.0,0.0
0.4314314314314315,0.008711707423991983,0.3637696614236203,0.0,1.0,0.00022548490528882364,0.7400000000000001,0.36000000000000004,0.0,0.007112921514069876,0.007208013469446597,0.003456093784560938,0.005571685981660213,0.07974578136681239,0.023710097919622048,0.0,0.01047934554796836,0.0,0.0,0.0,0.0,0.751466049382716,0.5650935279888527,0.0,0.2440944881889764,0.8389238655069038,0.20498828185956106,0.7673041513763641,0.9988874597739477,0.9745370370370371,0.31505301446016826,0.0,1.0
0.035035035035035036,8.025539761513572e-05,0.07051452945881098,0.0,0.0,5.411637726931767e-05,0.38,0.27999999999999997,0.0,0.0008561399731879968,0.0005821503184636534,0.0012165450121654502,0.00033075830839960035,0.0048058457168632645,0.001675458582546332,0.0,0.0006084781285917113,0.0,0.0,0.0,0.0,0.01111111111111111,0.031181019023604668,0.0,0.015748031496062992,0.7345505783532742,0.49609766270171507,0.41521357762661726,0.9892409105729643,0.4444444444444444,0.9938079899999067,0.0,1.0
0.07607607607607607,8.649037870475783e-05,0.06944814716075713,0.0,0.0,0.00010372305643285887,0.22666666666666668,0.36000000000000004,0.0,0.0003959252841174962,0.0004427508533693278,0.00019354125193541254,0.0002975440849619836,0.0032333279387448764,0.0017437613285965572,0.0,0.0009465215333648841,0.0,0.0,0.0,0.0,0.23939393939393938,0.26709795511602447,0.0,0.14173228346456693,0.5986001602505215,0.5007432789184034,0.41907331413624327,0.9720904782012401,0.8051948051948052,0.7921013341286705,0.0,1.0
0.02602602602602603,0.00018001509504908932,0.1179685417222074,1.0,0.0,7.516163509627454e-05,0.0,0.32,0.0,0.0013585974888048183,0.0007793367859375341,0.0019907100199071004,0.0005148204632830598,0.02078625952334355,0.011568421156540573,0.0,0.006084781285917112,0.0,0.0,0.0,0.0,0.11604938271604938,0.3875723720154106,0.0,0.22834645669291337,0.8232680833071315,0.22701704928436878,0.7722216314982981,0.9919870636903498,0.4074074074074074,0.982703641586785,0.0,1.0
0.056056056056056056,2.4300439118527152e-05,0.0270594508131165,0.0,0.0,6.012930807701963e-06,0.0,0.32,0.0,0.0001398684661920091,8.705382996520646e-05,0.00011059500110595002,6.919629882836827e-05,0.0009994184931089202,0.0006439584420496944,0.0,0.0002704347238185383,0.0,0.0,0.0,0.0,0.023391812865497075,0.07513327891240082,0.0,0.03937007874015748,0.8647259811577452,0.4484108466840011,0.44292227020746555,0.9982062789248376,0.07017543859649122,0.5108849045109135,0.0,1.0
0.03203203203203203,2.6858380078372115e-05,0.01759530791788856,0.0,0.0,7.516163509627454e-06,0.0,0.2,0.0,8.193592462414673e-05,8.814054384767396e-05,0.00016589250165892502,5.950881699239671e-05,0.0007672303583462418,0.0005694421294333575,0.0,0.00020282604286390375,0.0,0.0,0.0,0.0,0.0,0.0,0.0,0.0,0.5077891524675628,0.49732013267883257,0.4325633749668958,0.9515974503020725,0.0,0.0,0.0,0.0
1.0,0.0021951929574769496,0.7891229005598507,1.0,1.0,1.8038792423105892e-05,1.0,0.27999999999999997,0.0,0.0005611693571512559,0.001239888458722233,0.00011059500110595002,0.0019388802931708789,0.0023229817174828336,0.0027798266576880277,0.0,0.007166520181191265,0.0,0.0,0.0,0.0,0.6053,0.8974123645469645,0.0,0.3858267716535433,0.8240111780691395,0.25022433763589164,0.7385298804518348,0.997675988003901,0.938,0.48231110292009655,0.0,1.0
0.007007007007007007,3.037554889815894e-06,0.006664889362836577,0.0,0.0,0.0,0.42000000000000004,0.44,0.16666666666666666,4.4521158194902256e-05,8.197253712257924e-05,2.7648750276487504e-05,4.151777929702096e-05,0.0005274708713630412,0.0004450463688092677,0.0,0.00013521736190926916,0.0,0.0,0.0,0.0,0.15416666666666667,0.1447274647941091,0.0,0.06299212598425197,0.9691593859502863,0.03141380909784781,0.9645803487604496,0.9970221195442379,0.0,0.0,0.0,0.0
0.06006006006006006,7.801719927527138e-05,0.0845107971207678,1.0,1.0,1.0522628913478436e-05,0.5866666666666667,0.12,0.0,0.00033158402451713187,0.0006447422048391586,0.00027648750276487504,0.000708570100002491,0.0019369422161528071,0.0015711079142681965,0.0,0.0011493475762287878,0.0,0.0,0.0,0.0,0.08907103825136613,0.36841121825286566,0.0,0.23622047244094488,0.7727247476055545,0.2469623457000929,0.7120815200760067,0.9855521609860807,0.9016393442622951,0.5956033483470475,0.0,1.0
0.004004004004004004,0.00013589061349176369,0.16342308717675286,1.0,0.0,4.509698105776473e-06,0.3866666666666667,0.36000000000000004,0.0,0.0005817006498829063,0.00011955005839816002,0.002184251271842513,0.00016053541328181438,0.00843953394180866,0.0020408455881064285,0.0,0.0005408694476370766,0.0,0.0,0.0,0.0,0.0,0.0,0.0,0.0,0.9827340649560075,0.05246071461586322,0.9542295626357031,0.9981872199089166,0.6,0.9797958971132713,0.0,1.0
0.03903903903903904,0.00022621790363628894,0.18688349773393761,1.0,0.0,0.00018790408774068635,0.8866666666666667,0.15999999999999998,0.0,0.00505554117246108,0.0051773893755736365,0.0015206812652068127,0.002837048251963099,0.015613137792346021,0.0033331396697419678,0.011904761904761904,0.0013521736190926915,0.0,0.0,0.0,0.0,0.6008333333333333,0.7843670399423829,0.0,0.2440944881889764,0.9356020451224776,0.08524318333985409,0.905595877100942,0.9970141307351694,0.875,0.6614378277661477,0.0,1.0
0.19119119119119118,0.0005175034304386342,0.2435350573180485,1.0,0.0,2.1045257826956873e-05,0.8466666666666667,0.2,0.0,0.0008193689016650618,0.0005312367944855977,0.000718867507188675,0.0005134365373064925,0.007857118188011969,0.0024261635749197583,0.0,0.0013521736190926915,0.0,0.0,0.0,0.0,0.3003472222222222,0.4199894706544036,0.0,0.5354330708661417,0.9190972236899428,0.08092397510541506,0.9055278255360326,0.995073483011141,0.010416666666666666,0.2030582155168534,0.0,1.0
0.030030030030030033,6.26695535162016e-05,0.07318048520394561,1.0,0.0,2.7058188634658835e-05,0.0,0.15999999999999998,0.0,0.00035041899361069184,0.00026648687182085994,0.0004976775049767751,0.0001799103769537575,0.0035391593949520186,0.0013058967007782303,0.0,0.0006084781285917113,0.0,0.0,0.0,0.0,0.015053763440860214,0.03305525319721157,0.0,0.015748031496062992,0.7988857272092629,0.28925626491237333,0.6787285958336504,0.9968734031946385,0.3870967741935484,0.9741721851962258,0.0,1.0
0.6946946946946947,0.006286459651438979,0.9942681951479605,1.0,1.0,0.002042893241916742,0.54,0.32,0.0,0.0011975777482629802,0.002522890161145639,0.00030413625304136254,0.006844897880102189,0.011126220106736957,0.003685692635389483,0.0,0.002569129876276114,0.0,0.0,0.0,0.0,0.6891606714628298,0.5955993712953274,0.0,0.2440944881889764,0.9091680818384535,0.16811122997914946,0.7911160782107292,0.9977060342260602,0.860431654676259,0.693077260649443,0.0,1.0
0.3783783783783784,0.001196636755277472,0.6467608637696614,0.0,1.0,0.005586012720355124,0.9533333333333334,0.6799999999999999,0.0,0.001472586968400874,0.000609238080723247,0.002847821278478213,0.0007929895845731003,0.013238266301860814,0.00650418795006026,0.0,0.007031302819281996,0.0,0.0,0.0,0.0,0.7884784520668425,0.08732496793267921,0.7,0.2440944881889764,0.9657277634105865,0.07752151860887359,0.8968165624836644,0.9953054956641276,0.029023746701846966,0.3357461471363983,0.0,1.0
0.08708708708708708,0.0012204575804660282,0.44068248467075444,0.0,1.0,3.156788674043531e-05,0.66,0.12,0.0,0.012185404395111666,0.02937513585470589,0.0009953550099535502,0.024589596751648946,0.09201969110415238,0.07379822939538432,0.0,0.04834020688256373,0.0,0.0,0.0,0.0,0.07272727272727272,0.30423340163507007,0.0,0.2047244094488189,0.9289428013377279,0.04721990533072216,0.8932399147430949,0.9528453852792254,0.25,0.8660254037844386,0.0,1.0
0.16416416416416416,9.991956874394387e-05,0.088376432951213,0.0,0.0,9.771012562515691e-05,0.26,0.39999999999999997,0.0,0.0006024861435848303,0.0005327365100302246,0.00030413625304136254,0.0003390618642590045,0.004641743667994763,0.0019475612444456744,0.0,0.0014197823000473263,0.0,0.0,0.0,0.0,0.039191919191919194,0.09505061857653554,0.0,0.06299212598425197,0.6162719728081871,0.5273505091166952,0.3786791656860409,0.98828536082019,0.45454545454545453,0.9958591954639383,0.0,1.0
0.02002002002002002,8.105475416508727e-05,0.07278059184217542,1.0,0.0,4.359374835583923e-05,0.5533333333333333,0.08000000000000002,0.0,0.0006215361689419508,0.0003177003916329524,0.0014930325149303252,0.0002352674160164521,0.005425414676876996,0.0027356510699034307,0.0,0.0011493475762287878,0.14285714285714285,0.6998542122237651,0.0,1.0,0.04444444444444444,0.16159213121837446,0.0,0.09448818897637795,0.7117482333396836,0.5863602979438266,0.4443020440742389,0.9838728977572133,0.6666666666666666,0.9428090415820635,0.0,1.0
0.1011011011011011,0.0006557921135802525,0.09197547320714476,1.0,1.0,2.4051723230807854e-05,0.9866666666666667,0.27999999999999997,0.16666666666666666,0.0005243815116963507,0.0007682554951351737,0.00013824375138243752,0.0006698201726586048,0.006433076117408071,0.002461180575399372,0.0,0.0012169562571834225,0.0,0.0,0.0,0.0,0.5643790849673203,0.3826294043255971,0.03333333333333333,0.2047244094488189,0.8168703418109402,0.26919189713772124,0.6716086106247454,0.9893327351894099,0.18627450980392157,0.7786560647711679,0.0,1.0
0.002002002002002002,9.144638931445744e-05,0.08211143695014662,0.0,0.0,3.457435214428629e-05,0.12666666666666668,0.2,0.0,0.0010088565897099452,0.00022797589095878787,0.003981420039814201,0.00028232089921974247,0.0056263559612057725,0.0013825688788336107,0.0,0.0003380434047731729,0.0,0.0,0.0,0.0,0.0,0.0,0.0,0.0,0.7396376726641813,0.4822086640233294,0.6156908368734584,0.9964537105914575,0.0,0.0,0.0,0.0
0.2212212212212212,0.0008631452026376848,0.6496934150893094,1.0,0.0,9.019396211552946e-06,0.9666666666666667,0.6799999999999999,0.0,0.0011052020597408228,0.001068770085311375,0.0005806237558062375,0.000909239366604759,0.014312993374283605,0.004030919236876001,0.0,0.0025015211953214795,0.0,0.0,0.0,0.0,0.677927927927928,0.7258821134532814,0.0,0.25196850393700787,0.7779372748892923,0.2925988752609224,0.7226172075496873,0.9924428200601829,0.9279279279279279,0.5172144178164801,0.0,1.0
0.908908908908909,0.0008593082911979174,0.7099440149293521,0.0,1.0,0.00021496227637534518,0.5533333333333333,0.39999999999999997,0.0,0.0023159141496644697,0.004622774650295157,2.7648750276487504e-05,0.0035027166466920015,0.0029826185685434894,0.0013192436197413272,0.0,0.0011493475762287878,0.0,0.0,0.0,0.0,0.11338467180051338,0.1843539072516833,0.0,0.13385826771653542,0.6996908283214802,0.37031300318487187,0.4992394041938377,0.9989940118117859,0.8393839383938394,0.7343528916271431,0.0,1.0
0.4114114114114114,0.00016930371727973852,0.1440949080245268,0.0,0.0,0.0003457435214428629,0.35333333333333333,0.27999999999999997,0.0,0.0003512613106298863,0.0005018067645599902,0.0,0.00038057964355602545,0.003518179501227275,0.001748247030080727,0.0,0.0018254343857751335,0.0,0.0,0.0,0.0,0.04506472491909385,0.12130059591129239,0.0,0.22834645669291337,0.5142984521363498,0.5938023445933733,0.212664736888466,0.9980348722824681,0.2669902912621359,0.8847744924756721,0.0,1.0
0.1961961961961962,7.753758534530046e-05,0.07278059184217542,1.0,0.0,5.8626075375094144e-05,0.12666666666666668,0.39999999999999997,0.3333333333333333,0.0003664327357788117,0.00033149099577762874,0.00027648750276487504,0.00021450852636794164,0.00287029834569127,0.0019111784960319377,0.0,0.0018930430667297683,0.0,0.0,0.0,0.0,0.03857868020304568,0.11121185052645961,0.0,0.08661417322834646,0.5714075498489857,0.5446136831957544,0.4327649335625967,0.9982150873649678,0.4213197969543147,0.9875412409589581,0.0,1.0
0.016016016016016016,3.900859963763569e-05,0.037723273793655025,0.0,0.0,7.516163509627454e-05,0.39333333333333337,0.2,0.3333333333333333,0.0005506215452300296,0.0003557544826637922,0.00041473125414731257,0.0001992853406257006,0.008067201562022983,0.0018352132741064895,0.0,0.0006084781285917113,0.0,0.0,0.0,0.0,0.01568627450980392,0.0612736117116533,0.0,0.031496062992125984,0.6482564104975923,0.5544053455913397,0.23938600848090186,0.9394079023608173,0.7058823529411765,0.9112901991076275,0.0,1.0
0.002002002002002002,2.286159732861436e-05,0.037989869368168484,0.0,0.0,3.0064654038509817e-06,0.16666666666666669,0.39999999999999997,0.0,0.000346494531117385,2.5470797554313314e-05,0.0015759787657597876,8.441948457060928e-05,0.004923061466055052,0.00114361976477623,0.0,0.0002704347238185383,0.0,0.0,0.0,0.0,0.0,0.0,0.0,0.0,0.9577603958309213,0.02058507856538856,0.9548044487141292,0.9603194867922653,0.0,0.0,0.0,0.0
0.023023023023023025,2.989593496818801e-05,0.029325513196480937,0.0,0.0,1.0522628913478436e-05,0.0,0.39999999999999997,0.0,0.0003351494083936786,0.00011492710056787334,0.0011059500110595002,0.00012178548593792815,0.002285707109239845,0.0010973227271914862,0.0,0.0004056520857278075,0.0,0.0,0.0,0.0,0.043055555555555555,0.05786368825686733,0.0,0.023622047244094488,0.7331893014857771,0.169999422685317,0.7101101944414427,0.8429524793629479,0.625,0.9682458365518543,0.0,1.0
0.016016016016016016,3.1494648068091115e-05,0.02879232204745401,0.0,0.0,4.509698105776473e-06,0.28,0.03999999999999998,0.0,0.00016145117775650687,0.00021025256027717545,8.294625082946251e-05,9.687481835971557e-05,0.0024822158652378413,0.0013103055753235402,0.0,0.00047326076668244207,0.0,0.0,0.0,0.0,0.0,0.0,0.0,0.0,0.44684957257009206,0.9657891018479198,0.1641595603662065,0.9761381950673051,0.23529411764705882,0.8483650059915269,0.0,1.0
0.07207207207207207,0.00011206978830320746,0.08704345507864569,1.0,0.0,5.110991186546669e-05,0.14666666666666667,0.12,0.0,0.0007171040778597376,0.0004624189598385271,0.0004976775049767751,0.00031691904863392667,0.001965370917955441,0.0010166402014088543,0.0,0.00047326076668244207,0.0,0.0,0.0,0.0,0.02648401826484018,0.06851899216899507,0.0,0.03937007874015748,0.7392189132007552,0.3165175728516804,0.44898446114847257,0.9471021111263154,0.4246575342465753,0.9885818385023953,0.0,1.0
0.03903903903903904,0.0006625067085998455,0.24500133297787255,1.0,0.0,2.5554955932733344e-05,0.9600000000000001,0.32,0.0,0.0014160740798140447,0.0012292722656378665,0.002792523777925238,0.0010822301136756798,0.06197782738515734,0.011641113668458833,0.023809523809523808,0.004935433709688324,0.0,0.0,0.0,0.0,0.17833333333333332,0.32202460634002156,0.0,0.23622047244094488,0.9534177305728546,0.06707468966714288,0.9206139975977683,0.997873493151741,0.0,0.0,0.0,0.0
0.03703703703703704,5.851289945645353e-05,0.04932018128499067,1.0,0.0,6.012930807701963e-05,0.12666666666666668,0.32,0.0,0.0009951865426206866,0.00033169661305497433,0.0012718425127184252,0.0003376779382824371,0.007995347944871362,0.0021784028481756845,0.0,0.0008789128524102495,0.0,0.0,0.0,0.0,0.0043859649122807015,0.027719640215587732,0.0,0.015748031496062992,0.7420665530628865,0.3185586538414485,0.4292744298754414,0.9886741720075358,0.2631578947368421,0.8806947647727111,0.0,1.0
0.023023023023023025,8.824896311465124e-05,0.07624633431085044,1.0,0.0,6.313577348087062e-05,0.18000000000000002,0.24,0.0,0.000333459709264616,0.00014222581237844696,0.0006912187569121876,0.0001079462261722545,0.0018461480497706443,0.0016402439369806476,0.0,0.000811304171455615,0.0,0.0,0.0,0.0,0.019444444444444445,0.0449158222762544,0.0,0.015748031496062992,0.9300310546096906,0.08472442918720599,0.8899076000233368,0.992166386516252,0.375,0.9682458365518543,0.0,1.0
0.12912912912912913,0.0009899231514600008,0.2540655825113303,1.0,0.0,1.6535559721180398e-05,0.18000000000000002,0.44,0.0,0.0012275593613775447,0.0016078331971099398,0.0009677062596770627,0.0013880777544970674,0.010646796665050924,0.0025007152295573767,0.0,0.001757825704820499,0.0,0.0,0.0,0.0,0.8833333333333333,0.2653164645598709,0.0,0.2755905511811024,0.8946745781130447,0.11292861864793524,0.8582029285001695,0.9989586587378882,1.0,0.0,1.0,1.0
0.6836836836836837,0.0013800091478363577,0.9374833377765929,1.0,1.0,5.8626075375094144e-05,0.9133333333333334,0.2,0.0,0.000571406613183845,0.0007372088723218082,2.7648750276487504e-05,0.0004912937216814147,0.005367247462992349,0.0019780797446947874,0.0,0.0013521736190926915,0.0014619883040935672,0.07641599032381273,0.0,1.0,0.1847953216374269,0.2394171001897958,0.0,0.14960629921259844,0.7971733156818894,0.5879529578536118,0.15688177454943286,0.998193413829715,0.02046783625730994,0.28318830439305853,0.0,1.0
1.0,0.0034562578506805164,0.5722474006931485,1.0,1.0,0.0001788846915291334,0.6866666666666668,0.32,0.0,0.0012253717394809553,0.0021466406617933415,0.0006359212563592126,0.002064817557038509,0.016395904565448774,0.006692664022887338,0.0,0.01284564938138057,0.0,0.0,0.0,0.0,0.7065333333333333,0.4969860276133879,0.0,0.25984251968503935,0.728883858462579,0.2931664177531695,0.6139298670221933,0.9980931335257486,0.246,0.8613570688164113,0.0,1.0
0.005005005005005005,5.067920526692834e-05,0.05651826179685417,0.0,0.0,2.4051723230807854e-05,1.0,0.36000000000000004,0.0,0.0006313295271593752,0.00016212990195245313,0.002516036275160363,0.00019790141464913325,0.00914282843695938,0.0028458232064951256,0.0,0.0006760868095463458,0.0,0.0,0.0,0.0,0.05,0.10103804950205222,0.0,0.03937007874015748,0.965030117650393,0.06724115495682846,0.9370741181333369,0.9918059719138688,0.5,1.0,0.0,1.0
0.2572572572572573,0.0007162234687565897,0.37909890695814447,0.0,1.0,0.0,0.24666666666666667,0.52,0.0,0.003910199107533007,0.004780883357096851,0.0010783012607830126,0.002807985806455184,0.014082245588948172,0.003262190307048269,0.0,0.0020282604286390375,0.0,0.0,0.0,0.0,0.7325581395348838,0.21330655253706232,0.36666666666666664,0.23622047244094488,0.8459729433289978,0.25209395536730594,0.714886974438695,0.9954072388539101,0.003875968992248062,0.12427301970450695,0.0,1.0
0.04704704704704705,5.835302814646323e-05,0.060517195414556114,0.0,0.0,4.359374835583923e-05,0.21333333333333335,0.08000000000000002,0.0,0.0002487333672216172,0.00024129173434680383,0.00022119000221190003,0.00013147296777389972,0.0029010897924967266,0.0013708652876623685,0.0,0.0005408694476370766,0.0,0.0,0.0,0.0,0.08055555555555555,0.11760246957891396,0.0,0.05511811023622047,0.6065149299864379,0.48930045076835094,0.2547301272534712,0.9735406234235233,0.8125,0.7806247497997998,0.0,1.0
0.029029029029029027,0.00024971898620486453,0.5919754732071447,0.0,0.0,3.6077584846211784e-05,0.7466666666666667,0.56,0.0,0.0010426505722911982,0.0007958523255106649,0.0013824375138243752,0.0004816062398454431,0.009916452381625175,0.0016403301876807051,0.0,0.0007436954905009804,0.0,0.0,0.0,0.0,0.04222222222222222,0.06285895457317126,0.0,0.023622047244094488,0.975543417074566,0.025659542598878825,0.9715636398576439,0.9953685086925423,1.0,0.0,1.0,1.0
0.016016016016016016,3.485194557788762e-05,0.03998933617701946,1.0,0.0,3.6077584846211784e-05,0.09333333333333334,0.32,0.0,0.00028106483711132864,0.00014214347901724423,0.0003870825038708251,9.687481835971557e-05,0.0016134403124045966,0.0007124260923599931,0.0,0.00020282604286390375,0.0,0.0,0.0,0.0,0.00392156862745098,0.019061332651995878,0.0,0.007874015748031496,0.7375595061217135,0.15075770173828734,0.7014689374155285,0.839523490571719,0.11764705882352941,0.6443794794178425,0.0,1.0
0.06406406406406406,4.444422417730623e-05,0.04598773660357238,0.0,0.0,4.5096981057764727e-05,0.0,0.12,0.0,0.00015086079459206505,0.00017611137297283134,8.294625082946251e-05,0.00011624978203165869,0.0011360911075511658,0.0007089070542033086,0.0,0.0003380434047731729,0.0,0.0,0.0,0.0,0.10102564102564102,0.11785362053850794,0.0,0.06299212598425197,0.5151292048773648,0.5899015819914887,0.38259588551399126,0.9701079774177535,0.7692307692307693,0.8426500884694863,0.0,1.0
0.01001001001001001,0.00016770500417983541,0.30285257264729404,0.0,0.0,7.516163509627454e-06,0.12000000000000001,0.08000000000000002,0.0,0.0005076523285698022,0.0003589981818157356,0.0008018137580181376,0.00021866030429764372,0.005946035277183374,0.0011044151311903605,0.0,0.0003380434047731729,0.0,0.0,0.0,0.0,0.006060606060606061,0.022818396483652626,0.0,0.007874015748031496,0.7769688293965951,0.2696348044496753,0.6812231768357417,0.9094469477688909,0.09090909090909091,0.5749595745760688,0.0,1.0
0.05305305305305306,6.618672233598842e-05,0.05505198613703012,0.0,0.0,2.1045257826956873e-05,0.21333333333333335,0.15999999999999998,0.0,0.00045999939959664136,0.0002281636758090413,0.001161247511612475,0.00021174067441480688,0.006798513453123643,0.0036040581179343912,0.0,0.0022986951524575755,0.0,0.0,0.0,0.0,0.04444444444444444,0.10435164881459438,0.0,0.05511811023622047,0.6742062925068133,0.350555826758085,0.5602205799388891,0.9905222688597481,0.37037037037037035,0.9658077637337257,0.0,1.0
0.5895895895895896,0.0010525927049762024,0.0967741935483871,1.0,1.0,0.00012777477966366673,0.7533333333333334,0.15999999999999998,0.16666666666666666,0.0003983097890586748,0.0005159451366785478,0.00013824375138243752,0.0006878112103539805,0.004144669423117049,0.0020109716154370367,0.0,0.0029747819620039215,0.0,0.0,0.0,0.0,0.4893785310734463,0.45199653768807446,0.0,0.2440944881889764,0.7464431722799452,0.4369168378823561,0.5333720192894296,0.9976814141690218,0.6593220338983051,0.9478744421377915,0.0,1.0
0.016016016016016016,0.00027721685152319787,0.21327645961077046,0.0,0.0,1.5032327019254909e-06,0.5733333333333334,0.32,0.0,0.0007479329662170432,0.0002886614783139271,0.0016589250165892503,0.0002546423796883952,0.007074315215927847,0.0019022750062802568,0.0,0.000811304171455615,0.0,0.0,0.0,0.0,0.3686274509803921,0.828631011842961,0.0,0.25196850393700787,0.8792937047642271,0.17340813504814515,0.7422818851837762,0.9806941195035259,0.0,0.0,0.0,0.0
0.12612612612612611,5.7553671596511676e-05,0.062250066648893626,0.0,0.0,7.065193699049807e-05,0.0,0.15999999999999998,0.0,0.000384173491223727,0.0004024096496183586,0.00033178500331785003,0.00024633882382899105,0.004867683946751845,0.0033011386856771157,0.0,0.002907173281049287,0.0,0.0,0.0,0.0,0.04330708661417323,0.11699199180068234,0.0,0.07086614173228346,0.5405801643359647,0.5020565543319379,0.3436302373875906,0.9878227828374166,0.023622047244094488,0.30373703184229783,0.0,1.0
0.011011011011011011,0.000654033529170359,0.0891762196747534,0.0,0.0,7.516163509627454e-06,0.9133333333333334,0.6000000000000001,0.0,0.0029983566213862864,0.00335327573224765,0.0021289537712895377,0.002161692375398225,0.031472428657994794,0.011240296844196068,0.011904761904761904,0.0037860861334595365,0.0,0.0,0.0,0.0,0.8333333333333334,0.661449299876928,0.0,0.23622047244094488,0.9394254564126108,3.3418186783711975e-06,0.9490937400323247,0.9354264044218699,0.0,0.0,0.0,0.0
0.017017017017017015,2.7977479248304287e-05,0.1648893628365769,0.0,1.0,0.0,0.6666666666666667,0.72,0.0,2.7543705040987022e-05,6.490142024759263e-05,2.7648750276487504e-05,4.151777929702096e-05,0.0003516472475753608,0.0002507552214337528,0.0,6.760868095463458e-05,0.0,0.0,0.0,0.0,0.0,0.0,0.0,0.0,0.9894525798321929,0.003090355101774666,0.9904082372474514,0.9888779800144798,0.0,0.0,0.0,0.0
0.02602602602602603,0.00018656981875869204,0.07731271660890429,1.0,1.0,3.9084050250062765e-05,0.9533333333333334,0.15999999999999998,0.0,0.00126354520763977,0.0022985474862197825,0.0009124087591240877,0.001454506201372301,0.011252711922411545,0.006057006085406075,0.0,0.0029747819620039215,0.0,0.0,0.0,0.0,0.0654320987654321,0.09176827854129425,0.0,0.03937007874015748,0.8960240383228175,0.17173409526706604,0.8359047975618754,0.9978782604994914,0.4074074074074074,0.982703641586785,0.0,1.0
0.02102102102102102,4.508370941726747e-05,0.044921354305518524,0.0,0.0,9.169719481745495e-05,0.4,0.36000000000000004,0.0,0.00041917353781161236,0.0002655029702855336,0.0008018137580181376,0.0001757585990240554,0.002589402459418566,0.0009500735096810435,0.0,0.0003380434047731729,0.0,0.0,0.0,0.0,0.007575757575757575,0.02479295753984931,0.0,0.007874015748031496,0.7748660861720627,0.42981919171305105,0.6091652992436174,0.9958194873395501,0.6818181818181818,0.9315409787235999,0.0,1.0
0.05305305305305306,0.0002912855268023452,0.0879765395894428,1.0,1.0,6.614223888472159e-05,0.33333333333333337,0.44,0.0,0.0008393502643817551,0.0011068200134210194,0.0003870825038708251,0.0005508025386738114,0.008713037356589496,0.0034334151054417647,0.0,0.001284564938138057,0.0,0.0,0.0,0.0,0.07160493827160494,0.2182396349436224,0.0,0.14173228346456693,0.6796894476649982,0.5362675725779467,0.46077780030216076,0.9932818784516284,0.4074074074074074,0.982703641586785,0.0,1.0
0.01001001001001001,3.261374723802328e-05,0.07411356971474273,0.0,0.0,3.457435214428629e-05,0.0,0.12,0.0,0.0002485358699208177,0.00029320232698411367,0.00047002875470028755,0.00015361578339897756,0.0032607290229715274,0.001124558100418572,0.0,0.0004056520857278075,0.0,0.0,0.0,0.0,0.051515151515151514,0.0850391427916491,0.0,0.031496062992125984,0.52826922647548,0.3314918737929531,0.5009103295111981,0.7604427001657967,0.0,0.0,0.0,0.0
0.05105105105105105,7.034337639573649e-05,0.04865369234870701,0.0,0.0,9.320042751938043e-05,0.15333333333333335,0.12,0.0,0.00039985931460008906,0.00025519327401596364,0.0006635700066357001,0.00017714252500062276,0.004503789747792121,0.002270369665125054,0.0,0.0011493475762287878,0.0,0.0,0.0,0.0,0.008974358974358974,0.03868273102970111,0.0,0.031496062992125984,0.7543749390934016,0.5603564737817202,0.31473168297108955,0.9854902580908753,0.19230769230769232,0.7882269819968922,0.0,1.0
0.23623623623623624,0.00023549043961572694,0.276059717408691,1.0,1.0,3.3071119442360796e-05,0.9600000000000001,0.32,0.3333333333333333,0.0018310097977662675,0.002608277583158256,0.00019354125193541254,0.0012981225660201887,0.0021989081050914966,0.0010701999496275326,0.0,0.0007436954905009804,0.0,0.0,0.0,0.0,0.40140646976090016,0.47156866937228686,0.0,0.25984251968503935,0.942312146411564,0.1006603702164031,0.8543893772254343,0.9990681209847443,0.0379746835443038,0.3822700979883924,0.0,1.0
0.042042042042042045,6.155045434626942e-05,0.05118635030658491,0.0,0.0,2.5554955932733344e-05,0.14666666666666667,0.15999999999999998,0.0,0.0005166545311178738,0.00037345512283519435,0.0009124087591240877,0.00026156200957123206,0.0023061517166570174,0.0014054995873429641,0.0,0.0007436954905009804,0.0,0.0,0.0,0.0,0.10387596899224806,0.1357573592905471,0.0,0.08661417322834646,0.6411924958705928,0.3665263939224459,0.519336718564853,0.9471464697668006,0.3953488372093023,0.9778509786804018,0.0,1.0
0.017017017017017015,8.457192298487409e-05,0.06331644894694748,1.0,0.0,7.516163509627454e-06,0.14666666666666667,0.39999999999999997,0.0,0.0007658617625780778,0.0003511694822442613,0.0018248175182481753,0.00028093697324317515,0.0026959622314110996,0.0012846022458428215,0.0,0.0004056520857278075,0.1111111111111111,0.628539361054709,0.0,1.0,0.0,0.0,0.0,0.0,0.8043438457414158,0.3413433622206902,0.6449455591913091,0.9847875489575877,0.3888888888888889,0.9749960430435692,0.0,1.0
0.3553553553553554,0.004181434112796564,0.3461743535057318,1.0,1.0,0.0009244881116841769,0.6266666666666667,0.08000000000000002,0.0,0.004440730447753557,0.002237098971843057,0.0051150188011501885,0.002455084682430506,0.04839100746830597,0.009806886447936314,0.011904761904761904,0.005205868433506863,0.0,0.0,0.0,0.0,0.10262172284644194,0.4974579989373126,0.0,0.23622047244094488,0.7171883825953493,0.34377941105525894,0.3484357897604031,0.9971527313849728,0.9297752808988764,0.5110507134455127,0.0,1.0
0.11211211211211211,0.00326744983358196,0.10810450546520928,1.0,1.0,0.00025855602473118445,0.3466666666666667,0.32,0.0,0.003142739382616811,0.002520699614419969,0.0021566025215660253,0.002169995931257629,0.02746582838141712,0.008019385817959685,0.0,0.004124129538232709,0.0,0.0,0.0,0.0,0.28289085545722714,0.5171471572597982,0.0,0.25984251968503935,0.80722885767047,0.3159119933382908,0.6191812561346293,0.9974517410958326,0.4778761061946903,0.9990205870208909,0.0,1.0
0.03903903903903904,5.131869050688958e-05,0.04985337243401759,1.0,1.0,0.0,0.04,0.15999999999999998,0.0,0.0003728538375307624,0.00025594626888695855,0.00041473125414731257,0.00022419600820391318,0.0014769184398165153,0.001033646967222526,0.0,0.00047326076668244207,0.025,0.3122498999199199,0.0,1.0,0.020833333333333332,0.1004771749866589,0.0,0.07086614173228346,0.9757750594785657,0.05065470493533795,0.9599151461444819,0.9999999999999991,0.25,0.8660254037844386,0.0,1.0
0.01001001001001001,3.2134133308052356e-05,0.02799253532391362,0.0,0.0,1.5032327019254909e-06,0.28,0.2,0.0,0.0004091670079044361,8.888427389216472e-05,0.0014653837646538377,0.00011624978203165869,0.0007672303583462418,0.0004325223463148352,0.0,0.00013521736190926916,0.6363636363636364,0.9620913858416693,0.0,1.0,0.00909090909090909,0.0364777283892498,0.0,0.015748031496062992,0.807552705575663,0.22440107510595259,0.7702426737547228,0.9699899764827613,0.45454545454545453,0.9958591954639383,0.0,1.0
0.006006006006006006,9.384445896431209e-05,0.06944814716075713,0.0,0.0,3.0064654038509817e-06,0.17333333333333334,0.24,0.0,0.0015216975172083079,0.00026576729739163154,0.006248617562486176,0.00044008846054842214,0.02200307063400115,0.008540174688980553,0.011904761904761904,0.002704347238185383,0.0,0.0,0.0,0.0,0.04285714285714286,0.06094599706330759,0.0,0.023622047244094488,0.9506574016816502,0.06192775297750427,0.9312146424240204,0.9963895096167592,0.5714285714285714,0.989743318610787,0.0,1.0
0.007007007007007007,5.243778967682175e-05,0.0439882697947214,0.0,0.0,8.718749671167847e-05,0.0,0.24,0.0,0.0003320113957254194,0.00028904726349604374,0.0005806237558062375,0.00015223185742241019,0.002109883485452165,0.0006728468650066601,0.0,0.00020282604286390375,0.0,0.0,0.0,0.0,0.03333333333333333,0.0661449299876928,0.0,0.023622047244094488,0.6947420512846056,0.45501570375927086,0.5340962338281656,0.8979296788609243,0.25,0.8660254037844386,0.0,1.0
0.008008008008008008,1.2789704799224817e-05,0.0,0.0,1.0,1.5032327019254909e-06,0.5133333333333334,0.52,0.0,9.480982275033838e-05,5.337925263999856e-05,0.00030413625304136254,3.7366001367318864e-05,0.00023443149838357386,0.00021145536930947505,0.0,6.760868095463458e-05,0.0,0.0,0.0,0.0,0.362962962962963,0.2132096783932679,0.16666666666666666,0.12598425196850394,0.9902158238099137,0.004820695379021781,0.9895963716514746,0.9908110643075831,0.4444444444444444,0.9938079899999066,0.0,1.0
0.022022022022022025,4.2845511077403136e-05,0.02892561983471074,1.0,0.0,3.0064654038509817e-06,0.26666666666666666,0.08000000000000002,0.0,0.00045354379271017424,0.00013146457136350002,0.0012994912629949126,0.00013977652363330388,0.0016512131625277813,0.0008407723500488363,0.0,0.0002704347238185383,0.0,0.0,0.0,0.0,0.002898550724637681,0.01667010609220835,0.0,0.007874015748031496,0.9575439739038067,0.055495480014644334,0.9352204063379581,0.9977617068877,0.6521739130434783,0.9525609695742019,0.0,1.0
0.04804804804804805,0.00021982305123667656,0.17088776326312982,0.0,0.0,0.00041789869113528647,0.9933333333333334,0.2,0.0,0.000495818612750467,0.00045434514895020855,0.0003594337535943375,0.0003445975681652739,0.009688240494423208,0.0020020796650937994,0.0,0.0008789128524102495,0.0,0.0,0.0,0.0,0.25510204081632654,0.42486886234873694,0.0,0.2047244094488189,0.7831956278214021,0.32245177333829245,0.7272845503643648,0.994268402995929,0.7755102040816326,0.8344917673575866,0.0,1.0
0.06206206206206206,0.00015619426986053308,0.3677685950413223,0.0,1.0,0.0,0.4866666666666667,0.24,0.5,0.00013131651957961038,0.0001381449739883536,0.00019354125193541254,9.825874433628294e-05,0.0013396085621918507,0.0008586701340162607,0.0,0.0003380434047731729,0.0,0.0,0.0,0.0,0.000529100529100529,0.007394296308701994,0.0,0.007874015748031496,0.676960102537155,0.5372472818205231,0.5329775853105474,0.9926247937181847,0.031746031746031744,0.3506463814980082,0.0,1.0
0.012012012012012012,8.696999263472875e-05,0.08091175686483604,0.0,0.0,5.411637726931767e-05,0.0,0.36000000000000004,0.0,0.0004605770745125602,0.0002133785161275502,0.0010783012607830126,0.00018683000683659433,0.00373287078195383,0.0019599611214240913,0.0,0.0007436954905009804,0.0,0.0,0.0,0.0,0.09487179487179487,0.16708718734057565,0.0,0.07874015748031496,0.7212175866663717,0.5592983858724594,0.5432044340898594,0.9851796023564061,0.07692307692307693,0.5329387100211931,0.0,1.0
0.01001001001001001,0.00010695390638351753,0.998000533191149,0.0,1.0,0.0,0.0,0.15999999999999998,0.3333333333333333,0.00028382205433033383,0.00031696512195244353,0.0004976775049767751,0.0001923657107428638,0.002301691075038725,0.0017322506470454889,0.0,0.0006084781285917113,0.0,0.0,0.0,0.0,0.0030303030303030303,0.017007828558329812,0.0,0.007874015748031496,0.9894257148684211,0.0006189561557067445,0.991024272550785,0.9877908483512963,0.0,0.0,0.0,0.0
0.023023023023023025,0.0003181439068807173,0.11356971474273526,1.0,1.0,2.5554955932733344e-05,0.66,0.48000000000000004,0.0,0.0009634760988151195,0.0014417344229150852,0.0014930325149303252,0.001090533669535084,0.011252711922411545,0.004688519180324541,0.0,0.002231086471502941,0.0,0.0,0.0,0.0,0.8597222222222223,0.5066255949918377,0.0,0.23622047244094488,0.9265975304220797,0.0761758427523902,0.9118274730014031,0.9852963582821923,0.9166666666666666,0.5527707983925667,0.0,1.0
0.001001001001001001,1.9024685888846915e-05,0.018661690215942415,0.0,0.0,2.4051723230807854e-05,0.6866666666666668,0.12,0.3333333333333333,5.683182327807301e-05,3.602114734576935e-05,0.00019354125193541254,1.799103769537575e-05,0.002109883485452165,0.0006728468650066601,0.0,0.00013521736190926916,0.0,0.0,0.0,0.0,0.0,0.0,0.0,0.0,0.792855836444593,0.0039039650015084,0.8246240338886572,0.785658960988254,0.0,0.0,0.0,0.0
0.23623623623623624,0.002142435425180147,0.9120234604105572,1.0,1.0,1.2025861615403927e-05,0.6133333333333334,0.32,0.0,0.0014201776348417682,0.003429028375489165,0.0003594337535943375,0.0022599511197345075,0.006000259363690967,0.001984287590657961,0.0,0.0008789128524102495,0.0,0.0,0.0,0.0,0.9123769338959212,0.3988799991132778,0.0,0.25984251968503935,0.8104449660113708,0.21893139179719254,0.7350396680343261,0.9923383119124578,0.8776371308016878,0.6554088722007629,0.0,1.0
0.05305305305305306,4.796139299709306e-05,0.044921354305518524,0.0,0.0,8.568426400975299e-05,0.006666666666666667,0.32,0.0,0.00024661453815501483,0.0001809536994376046,0.00041473125414731257,0.00015499970937554492,0.003946263556123494,0.0013767735702017228,0.0,0.0005408694476370766,0.0,0.0,0.0,0.0,0.017901234567901235,0.0465464322135616,0.0,0.015748031496062992,0.44283618646143985,0.3776965318846902,0.36955372563828526,0.9304551812274564,0.2777777777777778,0.8958064164776165,0.0,1.0
0.4034034034034034,0.00029240462597227734,0.6183684350839775,1.0,1.0,0.0004284213200487649,0.9800000000000001,0.76,0.0,0.001769684849317189,0.002634725812932837,2.7648750276487504e-05,0.0014738811650442441,0.005749954746244637,0.0019520776915540896,0.0,0.001284564938138057,0.0,0.0,0.0,0.0,0.8101485148514852,0.34234223191859103,0.0,0.4251968503937008,0.8987525365428288,0.13365241347274248,0.8404633363888641,0.9984776494313357,0.06188118811881188,0.4818792656913808,0.0,1.0
0.19019019019019018,0.0005059926961193318,0.4534790722474007,0.0,0.0,1.5032327019254909e-06,0.2866666666666667,0.48000000000000004,0.0,0.001622072036686209,0.00124009308476496,0.0008294625082946251,0.0013576313830125854,0.005092441292112293,0.0019463997606055646,0.0,0.0014197823000473263,0.0,0.0,0.0,0.0,0.6157068062827225,0.5509372389163442,0.1,0.28346456692913385,0.9324578775089964,0.09395645222561808,0.9034563833475975,0.9954134172120925,0.0,0.0,0.0,0.0
0.002002002002002002,2.8616964488265528e-05,0.030791788856304986,0.0,0.0,4.509698105776473e-06,0.0,0.12,0.3333333333333333,0.0003271836839280975,2.9715930480032202e-05,0.0014930325149303252,8.303555859404192e-05,0.0028131779806028863,0.0008391874808732862,0.0,0.00020282604286390375,0.0,0.0,0.0,0.0,0.0,0.0,0.0,0.0,0.7164461034648948,0.0981110692780617,0.7154904640407125,0.7342530029583125,0.0,0.0,0.0,0.0
0.02102102102102102,0.00082973209884971,0.07957877899226873,0.0,1.0,9.019396211552946e-06,0.0,0.27999999999999997,0.0,0.005068523328366969,0.004895517400350361,0.007686352576863526,0.0028121375843848865,0.0504453960612654,0.015021918908502118,0.03571428571428571,0.005679129200189305,0.0,0.0,0.0,0.0,0.0,0.0,0.0,0.0,0.8416091750217465,0.08311021395963523,0.8547966946095711,0.9682395194774918,0.045454545454545456,0.416597790450531,0.0,1.0
0.02602602602602603,0.00019919965224792654,0.9778725673153825,0.0,1.0,1.2025861615403927e-05,0.7400000000000001,0.32,0.0,0.00018363971982106068,0.00012418575902260648,0.00041473125414731257,8.857126250031138e-05,0.001250301324712394,0.0006411822095951168,0.0,0.00020282604286390375,0.0,0.0,0.0,0.0,0.7777777777777777,0.7378775850479682,0.0,0.23622047244094488,0.9921288537138953,0.006040807319847351,0.991321004558956,0.9940207758524897,0.0,0.0,0.0,0.0
0.07507507507507508,8.13744967850679e-05,0.05398560383897627,0.0,0.0,1.6535559721180398e-05,0.4866666666666667,0.32,0.0,0.00027080109193727006,0.0003071239059433185,0.00030413625304136254,0.00021450852636794164,0.002914970604901017,0.0017967295927182208,0.0,0.0010817388952741533,0.0,0.0,0.0,0.0,0.007894736842105263,0.04168862160423358,0.0,0.031496062992125984,0.43787014225521403,0.4508643097355065,0.213094870394948,0.9610175012033402,0.3684210526315789,0.9647527778854399,0.0,1.0
0.35935935935935936,0.0003338112952597677,0.30751799520127965,1.0,1.0,0.0001142456853463373,1.0,0.32,0.0,0.0009918630441833722,0.0026237024386055272,0.00013824375138243752,0.0014918722027396198,0.0030710526288248176,0.0012673878809763748,0.0,0.0011493475762287878,0.002777777777777778,0.10526275178609121,0.0,1.0,0.4084259259259259,0.3324837954045736,0.0,0.22834645669291337,0.9352280076435537,0.08531640012425443,0.886488123917049,0.9985685454784141,0.8083333333333333,0.7872243785746363,0.0,1.0
0.4974974974974975,0.0002346910830657754,0.7747267395361237,1.0,1.0,0.0002525430939234825,0.8733333333333334,0.15999999999999998,0.0,0.0001566782096790696,0.00030048316716121005,0.0,0.00029616015898541615,0.001707395671962294,0.0010317091779526479,0.0,0.000811304171455615,0.0,0.0,0.0,0.0,0.11479250334672021,0.5060272531395914,0.0,0.23622047244094488,0.5280667746212524,0.7468200973224376,0.23101609234828224,0.9981223445542335,0.2469879518072289,0.8625193411612262,0.0,1.0
0.06306306306306306,5.33970175367636e-05,0.04625433217808584,0.0,0.0,2.5554955932733344e-05,0.04666666666666667,0.32,0.0,0.0002717253446563626,0.0002532097404107753,0.00024883875248838755,0.00016607111718808384,0.001747247261390074,0.0008115643325574383,0.0,0.0003380434047731729,0.0,0.0,0.0,0.0,0.10104166666666667,0.11691420432222956,0.0,0.07086614173228346,0.5818778159968643,0.3595612005749924,0.41871829442828457,0.9496820710773779,0.65625,0.9499177595981665,0.0,1.0
0.2212212212212212,0.0009053512284751267,0.4392162090109304,0.0,0.0,0.00010823275453863534,0.44,0.36000000000000004,0.0,0.001836561253425918,0.0016571260410801548,0.00047002875470028755,0.0010656230019568714,0.015700574405256653,0.0051064565610013215,0.0,0.0026367385572307485,0.0,0.0,0.0,0.0,0.12567567567567567,0.5561404765613692,0.0,0.25196850393700787,0.7800420289568395,0.3892960042631296,0.25393748967549357,0.9926402370198728,0.24324324324324326,0.8580815062912185,0.0,1.0
0.012012012012012012,7.737771403531014e-05,0.062383364436150356,0.0,0.0,4.359374835583923e-05,0.56,0.03999999999999998,0.0,0.0010777814596778636,0.00034280473928023007,0.00409201504092015,0.00039165105136856437,0.00990022250866016,0.0040490076006318276,0.011904761904761904,0.00162260834291123,0.0,0.0,0.0,0.0,0.0,0.0,0.0,0.0,0.7887277766142242,0.29377782027943566,0.6733805642966111,0.9887929821985102,0.8461538461538461,0.7216024245882199,0.0,1.0
0.02702702702702703,3.4532202957907005e-05,0.032924553452412686,1.0,0.0,6.764547158664709e-05,0.0,0.27999999999999997,0.0,0.00037690911544051276,0.0002834124459148234,0.0003594337535943375,0.00016883896914121857,0.0060282385298633286,0.002140715883786277,0.0,0.0010817388952741533,0.0,0.0,0.0,0.0,0.0035714285714285713,0.03293719872150725,0.0,0.023622047244094488,0.5387693900628747,0.5392965644787154,0.3684083520752335,0.9850104159804527,0.14285714285714285,0.6998542122237652,0.0,1.0
1.0,0.0011344468156912412,0.5449213543055185,1.0,1.0,4.96066791635412e-05,0.76,0.32,0.0,0.00108607294328103,0.0023845437344512774,8.294625082946251e-05,0.002163076301374792,0.0071968125688773345,0.002850686213424614,0.0,0.0026367385572307485,0.0,0.0,0.0,0.0,0.8,0.4448717399803351,0.0,0.2440944881889764,0.7166395212348,0.3709308941194859,0.5586196986396743,0.9989969427709573,0.917,0.5517644424933524,0.0,1.0
0.042042042042042045,7.35408025955427e-06,0.00613169821380965,0.0,0.0,0.0,0.0,0.12,0.0,1.7626312589124277e-05,2.7931396850676447e-05,0.0,1.5223185742241019e-05,0.00029440234680727884,0.00031059602159427217,0.0,0.00013521736190926916,0.0,0.0,0.0,0.0,0.0,0.0,0.0,0.0,0.6258999919844266,0.5009179096182772,0.28743013470110945,0.9191334254526016,0.06976744186046512,0.5095093558187592,0.0,1.0
0.017017017017017015,0.0024895160391691104,0.22833910957078113,1.0,1.0,0.0007200484642223102,0.9,0.2,0.0,0.0076498569381059055,0.00727383552001881,0.01827582393275824,0.0047537857295089,0.046417436679947625,0.01891166555229707,0.03571428571428571,0.007301737543100534,0.0,0.0,0.0,0.0,0.42962962962962964,0.8472724356121203,0.0,0.2440944881889764,0.8586620578091804,0.20109420364934993,0.8089585940398942,0.9393130949098163,1.0,0.0,1.0,1.0
0.07707707707707707,8.61706360847772e-05,0.06731538256464942,1.0,0.0,3.156788674043531e-05,0.26,0.24,0.0,0.0002206026619410686,0.00041309378485816794,2.7648750276487504e-05,0.00026571378750093414,0.003245974593003331,0.002209867400149237,0.0,0.0014873909810019608,0.0,0.0,0.0,0.0,0.12564102564102564,0.18610567885145074,0.0,0.09448818897637795,0.3793250844205689,0.772038573168478,0.0,0.9809737848838544,0.5128205128205128,0.9996712148522015,0.0,1.0
0.2012012012012012,8.569102215480627e-05,0.06744868035190615,0.0,0.0,1.5032327019254909e-06,0.88,0.44,0.0,0.00022767546195121967,0.00020850910606013187,0.00011059500110595002,0.00016883896914121857,0.0015354102592151893,0.0013573223365213338,0.0,0.0013521736190926915,0.009900990099009901,0.198019801980198,0.0,1.0,0.10495049504950495,0.12046748107419193,0.0,0.08661417322834646,0.8124276844046845,0.25142738981575724,0.652228596304326,0.9976400539257062,0.5445544554455446,0.9960218883136072,0.0,1.0
1.0,0.003429239599292154,0.9064249533457744,1.0,1.0,5.561960997124316e-05,0.9600000000000001,0.48000000000000004,0.0,0.0006261696687903975,0.0005035702792074504,0.00024883875248838755,0.0005286597230487335,0.00462908436708205,0.0015615794410566003,0.0,0.0011493475762287878,0.0,0.0,0.0,0.0,0.9714666666666666,0.10485611752449973,0.2,0.25196850393700787,0.890284630436736,0.1757936297228749,0.8031642149860252,0.9991165207176094,0.0,0.0,0.0,0.0
0.04904904904904905,0.00015139813056082378,0.13703012529992,0.0,1.0,7.516163509627454e-06,0.6933333333333334,0.44,0.0,0.0002927331325424087,0.0002912206732136467,0.0003594337535943375,0.00019374963671943114,0.006203057447229364,0.001782269615368708,0.0,0.0006760868095463458,0.0,0.0,0.0,0.0,0.5346666666666666,0.581709667935091,0.0,0.23622047244094488,0.982877114756727,0.03252153092151398,0.9740655785842947,0.9987909093100589,0.12,0.6499230723708769,0.0,1.0
0.14914914914914915,5.419637408671516e-05,0.05611836843508398,0.0,0.0,4.359374835583923e-05,0.0,0.2,0.0,0.0002156828522571517,0.00025991920359460526,5.529750055297501e-05,0.0001480800794927081,0.002123949375355179,0.001052445683549506,0.0,0.00047326076668244207,0.0,0.0,0.0,0.0,0.07266666666666667,0.1246748003504791,0.0,0.07874015748031496,0.572387509534658,0.5546205276210617,0.32315564861906854,0.9852232295539824,0.66,0.947417542586161,0.0,1.0
0.2602602602602603,0.0002495591148948742,0.14662756598240467,1.0,0.0,0.00021646550907727068,0.8600000000000001,0.27999999999999997,0.0,0.00045978483462787146,0.0005321298469368256,0.00019354125193541254,0.0003778117916028907,0.005812284390958263,0.0025038509342839646,0.0,0.0020282604286390375,0.0,0.0,0.0,0.0,0.3542784163473819,0.4079987262981982,0.0,0.23622047244094488,0.6947393591398674,0.5867675466824186,0.20750540164836906,0.9918007221250518,0.8122605363984674,0.781007957470707,0.0,1.0
0.02602602602602603,0.00012613846358235477,0.10450546520927752,0.0,0.0,0.00015483296829832557,0.0,0.24,0.0,0.0015420505371030492,0.0006529420546137137,0.0005806237558062375,0.00048575801777514516,0.008048814777836037,0.002380895229212678,0.0,0.0010141302143195188,0.0,0.0,0.0,0.0,0.0037037037037037034,0.018592767505198442,0.0,0.007874015748031496,0.7715298034919904,0.4327215839227658,0.3936679017189171,0.9950258510339536,0.37037037037037035,0.9658077637337258,0.0,1.0
0.14214214214214213,0.0004652255120718027,0.28139162889896024,0.0,0.0,6.614223888472159e-05,0.4666666666666667,0.24,0.0,0.0017147153187897046,0.001114232152515734,0.00047002875470028755,0.0008248198820341497,0.008941184560727355,0.0028975310807143823,0.0,0.0018930430667297683,0.0,0.0,0.0,0.0,0.23310023310023312,0.1246688654351104,0.13333333333333333,0.1732283464566929,0.9850091544854367,0.021065629901855985,0.9755527169757192,0.9979005513518073,0.9440559440559441,0.45962732098335607,0.0,1.0
0.1101101101101101,0.0006155045434626943,0.918555051986137,0.0,1.0,3.0064654038509817e-06,0.7733333333333334,0.32,0.0,0.0006834949103098962,0.0010992565302483668,0.0007465162574651626,0.0015278542781303713,0.0037635759470227804,0.0018474316726788125,0.0,0.0010817388952741533,0.0,0.0,0.0,0.0,0.4378378378378378,0.7717635048552084,0.0,0.26771653543307083,0.827757224615099,0.14744625359030625,0.7801359174770779,0.9962186321033011,0.02702702702702703,0.3243243243243244,0.0,1.0
0.21421421421421422,0.00012214168083259701,0.1555585177286057,1.0,1.0,6.012930807701963e-06,0.8066666666666668,0.36000000000000004,0.0,0.0006920419325435558,0.0005612087762911475,0.0005529750055297501,0.0008123645482450434,0.04870396157348416,0.03203421924463776,0.0,0.027111081062808465,0.004651162790697674,0.13608129151932832,0.0,1.0,0.8817054263565891,0.6094454217166018,0.0,0.25196850393700787,0.9590067247989973,0.06853536726696982,0.9160924542372433,0.9950445365471134,0.7906976744186046,0.8136211946295768,0.0,1.0
0.03403403403403404,3.9168470947626005e-05,0.04785390562516662,1.0,0.0,3.0064654038509815e-05,0.04,0.12,0.0,0.00017915224675993103,0.00030548860307367013,0.00016589250165892502,0.0001646871912115165,0.0036169431179179966,0.001251788960467604,0.0,0.0004056520857278075,0.0,0.0,0.0,0.0,0.05333333333333334,0.08740860953986707,0.0,0.03937007874015748,0.49864332462635463,0.5982075707118439,0.39072943843874786,0.9597356293502601,0.2857142857142857,0.9035079029052513,0.0,1.0
0.08908908908908908,4.1566540597480655e-05,0.035990402559317514,1.0,0.0,4.5096981057764727e-05,0.013333333333333334,0.24,0.0,0.00034372664302025383,0.0002260756600894992,0.00044238000442380006,0.000143928301563006,0.006071775808134563,0.0019879756997672926,0.0,0.0010141302143195188,0.0,0.0,0.0,0.0,0.0011111111111111111,0.0106198724047253,0.0,0.007874015748031496,0.622290924338273,0.4605088363730591,0.3557707995095569,0.9776114559605045,0.32222222222222224,0.9346551486583596,0.0,1.0
0.03303303303303303,3.900859963763569e-05,0.03345774460143962,0.0,0.0,1.9542025125031382e-05,0.08666666666666667,0.24,0.0,0.00033746387022592407,0.00020777915058487734,0.00019354125193541254,0.00014946400546927545,0.004467988557428114,0.0019904062491400507,0.0,0.0010817388952741533,0.0,0.0,0.0,0.0,0.000980392156862745,0.009995847171663947,0.0,0.007874015748031496,0.6414777639040672,0.5218469024980685,0.21415773022192397,0.9856101369147519,0.29411764705882354,0.9112901991076275,0.0,1.0
0.001001001001001001,4.6202808587199654e-05,0.039589442815249266,0.0,0.0,1.9542025125031382e-05,0.07333333333333333,0.24,0.0,0.0004333933434691786,0.0003512061866212511,0.0010230037602300375,0.00015638363535211227,0.00421976697090433,0.0006728468650066601,0.011904761904761904,0.00020282604286390375,0.0,0.0,0.0,0.0,0.16666666666666666,0.17748547178333451,0.06666666666666667,0.06299212598425197,0.7630228918113771,0.1626098422166171,0.7466775705077167,0.8198293383918882,0.5,1.0,0.0,1.0
0.022022022022022025,7.481977307546518e-05,0.09410823780325246,0.0,0.0,2.8561421336584325e-05,0.0,0.32,0.3333333333333333,0.00041576170038330745,0.00028544589398934734,0.00047002875470028755,0.00017714252500062276,0.006696586714696001,0.0025304470214302086,0.0,0.0009465215333648841,0.0,0.0,0.0,0.0,0.06666666666666667,0.10321115939249724,0.0,0.03937007874015748,0.7003148839121227,0.5089995077492047,0.44362029158447136,0.9662217641833353,0.6521739130434783,0.9525609695742019,0.0,1.0
0.005005005005005005,0.000654033529170359,0.445881098373767,0.0,0.0,6.012930807701963e-06,0.02666666666666667,0.15999999999999998,0.0,0.0011034797409374538,0.00021846973519408657,0.004147312541473125,0.00029616015898541615,0.009846122932110103,0.00114361976477623,0.03571428571428571,0.00047326076668244207,0.0,0.0,0.0,0.0,0.0,0.0,0.0,0.0,0.9848566571240065,0.02745953122011234,0.9761883939843763,0.9981803723582869,0.0,0.0,0.0,0.0
0.1931931931931932,0.00015219748711077532,0.10143961610237269,1.0,0.0,0.00016986529531758048,0.7400000000000001,0.6000000000000001,0.0,0.0007955015904031474,0.0007150497813357171,0.0008571112585711126,0.0009867392212925315,0.004807054126648747,0.003502539802544123,0.0,0.0033128253667770945,0.0,0.0,0.0,0.0,0.01254295532646048,0.053311831790826596,0.0,0.03937007874015748,0.4650316615768437,0.43691139718247646,0.3261345730523715,0.9808179564191688,0.39690721649484534,0.9785129084261676,0.0,1.0
0.035035035035035036,5.2917403606792676e-05,0.07171420954412157,0.0,0.0,3.156788674043531e-05,0.0,0.39999999999999997,0.0,0.000280998574400385,0.000247630100777976,0.00022119000221190003,0.0001508479314458428,0.0018168441124726976,0.0009666641792470203,0.0,0.0003380434047731729,0.0,0.0,0.0,0.0,0.09074074074074075,0.18997973927347778,0.0,0.07874015748031496,0.7115963563251908,0.3124541670874191,0.5937812638655169,0.9850619956743296,0.9444444444444444,0.4581228472908512,0.0,1.0
0.32832832832832837,0.0004956010609699616,0.15182617968541723,1.0,1.0,0.00024051723230807852,0.9866666666666667,0.2,0.0,0.0003019269740632027,0.00035265494880093505,0.00013824375138243752,0.000416561718946777,0.004700743449350872,0.0020812724562086922,0.0,0.0021634777905483065,0.0,0.0,0.0,0.0,0.14721377912867273,0.19345881415972696,0.0,0.11811023622047244,0.5776579048252044,0.678652396955066,0.3246521878438813,0.9953544452760577,0.1884498480243161,0.7821419380238558,0.0,1.0
0.04504504504504505,0.00045819117443222907,0.3291122367368702,0.0,0.0,6.012930807701963e-06,0.9600000000000001,0.08000000000000002,0.0,0.0007454734260890982,0.0010800332623339048,0.00019354125193541254,0.0006047756517599387,0.052426017910257056,0.10674208875999587,0.0,0.07362585355959705,0.0,0.0,0.0,0.0,0.24565217391304348,0.2864946253817689,0.0,0.15748031496062992,0.8814988026928186,0.15571494367374142,0.8105299684574812,0.9905543693470973,0.8260869565217391,0.7580693814853345,0.0,1.0
0.12012012012012012,0.0013464361727383925,0.18128499066915488,1.0,0.0,3.457435214428629e-05,0.4266666666666667,0.15999999999999998,0.0,0.0016265643090995084,0.0085317253577356,0.00047002875470028755,0.014068991477783835,0.004359263399694555,0.001554039096372494,0.0,0.0010817388952741533,0.0,0.0,0.0,0.0,0.3333333333333333,0.4459165931674682,0.0,0.22834645669291337,0.7708321113676115,0.35396310495343053,0.6267482600469423,0.9905028467161427,0.19834710743801653,0.7975099558224673,0.0,1.0
0.8128128128128128,0.0013352451810390708,0.8109837376699547,1.0,1.0,0.00040136313141410606,0.0,0.56,0.0,0.0006547412572111847,0.000840727944908721,0.0,0.0015555327976617187,0.0017232012722512148,0.0010751089275162775,0.0,0.00162260834291123,0.0012300123001230013,0.07009991069507998,0.0,1.0,0.4488724887248872,0.4162445666051719,0.0,0.1889763779527559,0.9354476638548013,0.06511840166847084,0.9014032700404249,0.9599936626956422,0.0,0.0,0.0,0.0
0.2842842842842843,0.0007031140213373842,0.6667555318581712,1.0,0.0,6.764547158664709e-05,0.17333333333333334,0.48000000000000004,0.0,0.0006018042581673329,0.001578642729485115,0.00016589250165892502,0.0015126310923881303,0.004626937468096853,0.0018091229986206428,0.0,0.0011493475762287878,0.0,0.0,0.0,0.0,0.4423391812865497,0.44579773718755883,0.0,0.23622047244094488,0.8279273262915074,0.22654843952496165,0.7098788841287593,0.9972401621564311,0.06315789473684211,0.4864934740333197,0.0,1.0
0.002002002002002002,0.0012182193821261638,0.09837376699546788,1.0,0.0,0.0,0.9600000000000001,0.32,0.0,0.0021095748794993305,0.004397963857468452,0.0005253262552532625,0.0014586579793020031,0.0014065889903014431,0.0006343661079284251,0.0,0.00013521736190926916,0.0,0.0,0.0,0.0,0.4777777777777778,0.13944575628898828,0.36666666666666664,0.12598425196850394,0.9972677396003666,0.002281323261647993,0.9966290224005814,0.9958204522216851,0.0,0.0,0.0,0.0
0.055055055055055056,0.00010855261948342063,0.09664089576113036,0.0,0.0,0.00010823275453863534,0.0,0.36000000000000004,0.0,0.00017611078832761826,0.00030687317261454846,2.7648750276487504e-05,0.00018959785878972904,0.0025243248843802688,0.0014632327862321272,0.0,0.0008789128524102495,0.0,0.0,0.0,0.0,0.03154761904761905,0.14765910624152911,0.0,0.10236220472440945,0.3381890826165401,0.39660771638610653,0.20319597435292192,0.791783705961735,0.125,0.6614378277661477,0.0,1.0
0.02002002002002002,0.0002177447242068025,0.22567315382564648,0.0,0.0,6.012930807701963e-06,0.0,0.15999999999999998,0.0,0.0006518817859536882,0.00027987735617013537,0.0015206812652068127,0.00022834778613361526,0.015572949535480265,0.0057035381814155624,0.011904761904761904,0.0028395646000946525,0.0,0.0,0.0,0.0,0.001587301587301587,0.012599034283370057,0.0,0.007874015748031496,0.8461063188704507,0.27615029063470525,0.7025986161880384,0.9933032096093504,0.047619047619047616,0.42591770999996,0.0,1.0
0.14714714714714713,0.00024684130262503894,0.22127432684617435,0.0,0.0,6.012930807701963e-06,0.8,0.12,0.6666666666666666,0.0008284697907964997,0.0008748802720958426,0.000718867507188675,0.0007113379519556258,0.005987507188445333,0.002017106579416213,0.0,0.0010141302143195188,0.0,0.0,0.0,0.0,0.6549549549549549,0.4872722821044214,0.0,0.25196850393700787,0.8359801498134489,0.21829156758597096,0.7875154450479265,0.9927487188219795,0.0,0.0,0.0,0.0
0.07507507507507508,4.028757011755817e-05,0.09490802452679285,1.0,0.0,3.0064654038509817e-06,0.2,0.15999999999999998,0.0,0.000338033330967342,0.0002645448098838361,0.00022119000221190003,0.00015223185742241019,0.005940987709036359,0.002332625106063028,0.0,0.0013521736190926915,0.0,0.0,0.0,0.0,0.10263157894736842,0.3159489729294513,0.0,0.18110236220472442,0.6549545448784313,0.37165726119524906,0.28866557390456293,0.9408700256091649,0.3026315789473684,0.918794223689268,0.0,1.0
0.07907907907907907,0.00010823287686344002,0.08477739269528126,0.0,0.0,0.0001818911569329844,0.0,0.48000000000000004,0.0,0.0006927862983392826,0.0005604153861609016,0.00044238000442380006,0.0003279904564464656,0.004298887601608787,0.0022250887888294415,0.0,0.0016902170238658645,0.0,0.0,0.0,0.0,0.00875,0.0426044726256115,0.0,0.03937007874015748,0.6554028674533559,0.5907321245496517,0.2703916455152484,0.9793092127636118,0.0125,0.22220486043288973,0.0,1.0
0.6546546546546547,0.0012330874139552625,0.04105571847507331,0.0,0.0,3.6077584846211784e-05,0.2866666666666667,0.24,0.0,0.0012734505748545227,0.0012826777473490475,0.00047002875470028755,0.0014406669416066275,0.01249501990850221,0.005981088831120886,0.0,0.009262389290784937,0.0,0.0,0.0,0.0,0.42178117048346053,0.47354477626235647,0.0,0.23622047244094488,0.890274807797403,0.08519718394658918,0.8601974332888132,0.951773131476048,0.0,0.0,0.0,0.0
0.061061061061061066,0.00011031120389331404,0.08157824580111969,0.0,0.0,4.96066791635412e-05,0.12000000000000001,0.12,0.0,0.0004756280350638138,0.0005986629146087806,0.00022119000221190003,0.0003570529019543803,0.00789504788104681,0.0031021074295653896,0.0,0.001284564938138057,0.0,0.0,0.0,0.0,0.04516129032258064,0.17333270419122818,0.0,0.14173228346456693,0.47210959019776233,0.5702196396930734,0.2011337557033075,0.9868547881801257,0.45161290322580644,0.9953063626155816,0.0,1.0
0.19019019019019018,0.0003039153602915797,0.10850439882697947,1.0,1.0,0.00013378771047136868,0.26,0.6399999999999999,0.0,0.00018270619370039184,0.00014766727283758757,0.00024883875248838755,0.00014946400546927545,0.0017563951528109646,0.0007583673442283068,0.0,0.00047326076668244207,0.0,0.0,0.0,0.0,0.24659685863874345,0.31947956120331644,0.0,0.14960629921259844,0.9316327631662764,0.1264887510342538,0.7991630438456516,0.997468045528886,0.19895287958115182,0.7984250278830681,0.0,1.0
0.6026026026026026,0.000502475527299545,0.09277525993068515,1.0,0.0,2.2548490528882363e-05,0.76,0.56,0.0,0.00022405799550530566,0.00023903521023368874,0.00011059500110595002,0.0002643298615243668,0.0031280859635061946,0.0013182338852679113,0.0,0.0013521736190926915,0.0,0.0,0.0,0.0,0.6169707020453289,0.7888784010761669,0.0,0.25984251968503935,0.717210475133478,0.3692563080831734,0.6258568989438391,0.9985659932095432,0.004975124378109453,0.14071776740030797,0.0,1.0
0.03403403403403404,4.796139299709306e-05,0.045721141029058915,0.0,0.0,4.509698105776473e-06,0.32,0.32,0.0,0.00026869940386911264,0.00017211020239847507,0.00047002875470028755,0.00011486585605509132,0.0025921425678412315,0.0015095585040526432,0.0,0.0005408694476370766,0.0,0.0,0.0,0.0,0.03333333333333333,0.09055542196559392,0.0,0.03937007874015748,0.881814774229194,0.23558664285527678,0.7678476774228002,0.9976498894984305,0.11428571428571428,0.636315927180574,0.0,1.0
0.013013013013013013,4.444422417730623e-05,0.04972007464676086,1.0,0.0,5.110991186546669e-05,0.05333333333333334,0.36000000000000004,0.3333333333333333,0.0006030529294893471,0.0002402290280680806,0.000718867507188675,0.00018544608086002695,0.004521178897397496,0.001267922817231658,0.0,0.0003380434047731729,0.0,0.0,0.0,0.0,0.0,0.0,0.0,0.0,0.7870942311297897,0.5152074022969453,0.3173052233753042,0.9918872295146821,0.07142857142857142,0.5150787536377127,0.0,1.0
0.2622622622622623,0.00014740134781106602,0.12916555585177286,1.0,0.0,0.0001788846915291334,0.0,0.32,0.0,0.00030743962761935455,0.0005533730542246519,2.7648750276487504e-05,0.0004414723865249896,0.0038908497735524717,0.002008970289528046,0.0,0.0010817388952741533,0.0,0.0,0.0,0.0,0.10811153358681876,0.16381543112096153,0.0,0.10236220472440945,0.34385261402142664,0.6552739374768056,0.16342049529677372,0.973098748906331,0.5247148288973384,0.9987776073432468,0.0,1.0
0.08708708708708708,0.0005549133169763667,0.23407091442282058,1.0,1.0,6.764547158664709e-05,0.8200000000000001,0.27999999999999997,0.0,0.0018465523631234222,0.0013226111681315304,0.0029307675293076753,0.0011735692281291258,0.021074858905823328,0.006989113959418558,0.0,0.005138259752552228,0.0,0.0,0.0,0.0,0.4628787878787879,0.7864615141482707,0.0,0.25196850393700787,0.7264369409592639,0.5178234337777196,0.4810316615551722,0.9993337955741266,0.5340909090909091,0.9976729121658168,0.0,1.0
0.08208208208208208,0.0001422854658913761,0.093841642228739,1.0,1.0,7.967133320205101e-05,0.06666666666666667,0.32,0.0,0.0008547653355718115,0.000879153906283854,0.0003870825038708251,0.000431784904689018,0.010829040539790629,0.003223936424638365,0.0,0.0013521736190926915,0.0,0.0,0.0,0.0,0.010843373493975903,0.0602974058638223,0.0,0.047244094488188976,0.6506133748017051,0.6442408250579734,0.28896792446201136,0.9991262629146425,0.5542168674698795,0.9941036792643985,0.0,1.0
0.2592592592592593,0.001487282796839856,0.6170354572114103,1.0,1.0,7.065193699049807e-05,0.8466666666666667,0.48000000000000004,0.0,0.001468781551767421,0.0028094798650536456,0.00016589250165892502,0.001567988131450825,0.005023145682672654,0.002096111275188233,0.0,0.0018254343857751335,0.0,0.0,0.0,0.0,0.6480769230769231,0.7202594346796997,0.0,0.3228346456692913,0.9284809518202266,0.13037237931429713,0.7275846594119217,0.9954409630407648,0.45384615384615384,0.9957305307867328,0.0,1.0
0.15415415415415415,6.762556412590122e-05,0.08331111703545721,0.0,0.0,0.0,0.0,0.36000000000000004,0.0,0.0003866735518821928,0.0002915367917901049,0.00013824375138243752,0.00020205319257883534,0.004165318364828145,0.002597446854340378,0.0,0.00236630383341221,0.0,0.0,0.0,0.0,0.016344086021505375,0.08349663610245285,0.0,0.07874015748031496,0.753058964213345,0.5067244137945099,0.3535220796386005,0.995453968199425,0.10967741935483871,0.6249745052032173,0.0,1.0
0.16316316316316315,6.954401984578494e-05,0.08077845907757931,0.0,0.0,7.065193699049807e-05,0.006666666666666667,0.15999999999999998,0.0,0.00034045400391732135,0.0002623931475965847,0.00027648750276487504,0.00020343711855540272,0.004811563558287254,0.0024672219131302766,0.0,0.0018930430667297683,0.0,0.0,0.0,0.0,0.053252032520325204,0.10669941111353562,0.0,0.08661417322834646,0.6619963817930685,0.45056936633013095,0.4195388896710721,0.9931062647156521,0.5487804878048781,0.9952295494196667,0.0,1.0
0.004004004004004004,1.3269318729195747e-05,0.01906158357771261,0.0,0.0,6.012930807701963e-06,0.22666666666666668,0.12,0.0,7.073563325436e-05,4.8861461533956925e-05,0.00024883875248838755,2.629459355477994e-05,0.0,0.0,0.0,0.0,0.0,0.0,0.0,0.0,0.08,0.13281796530863427,0.0,0.047244094488188976,0.8272762097532782,0.31809860497672404,0.7521393829442395,0.9910178966493897,0.0,0.0,0.0,0.0
0.0,0.00022621790363628894,0.047720607837909886,1.0,0.0,0.00017587822612528242,0.18000000000000002,0.12,0.0,0.002130816811407547,0.0,0.010202388852023889,0.000507900833400223,0.17723021277798184,0.0,1.0,0.005679129200189305,0.0,0.0,0.0,0.0,0.0,0.0,0.0,0.0,0.9956492380734021,0.0,0.9963438018754136,0.9934879067249893,0.0,0.0,0.0,0.0
0.003003003003003003,2.7178122698352736e-05,0.00519861370301253,0.0,0.0,3.0064654038509815e-05,0.0,0.24,0.0,2.6417238954945255e-05,3.27023367880578e-05,8.294625082946251e-05,1.3839259765673653e-05,0.0,0.0,0.0,0.0,0.0,0.0,0.0,0.0,0.0,0.0,0.0,0.0,0.0,0.04912311997703776,0.14918364864039457,0.0,0.0,0.0,0.0,0.0
0.25125125125125125,0.0028343584548182095,0.7901892828579046,1.0,1.0,8.11745659039765e-05,0.8400000000000001,0.2,0.0,0.0036328099079695666,0.005887474856734749,0.004534395045343951,0.005491418275019306,0.005157492964438626,0.0022227972781348315,0.0,0.0015549996619565953,0.0,0.0,0.0,0.0,0.0025132275132275133,0.02159238057778028,0.0,0.031496062992125984,0.5216720079379105,0.34870688549722767,0.495269757716124,0.9951165914548818,0.4444444444444444,0.9938079899999066,0.0,1.0
0.4724724724724725,0.0032356354428938884,0.00013329778725673153,1.0,1.0,0.0028862067876969425,0.9333333333333333,0.56,0.0,0.0008281674829650223,0.000416866409147656,0.0009400575094005751,0.0005106686853533578,0.010901808115105901,0.0018494863020065064,0.0,0.0014197823000473263,0.0,0.0,0.0,0.0,0.20683579985905567,0.6607111290931632,0.0,0.2440944881889764,0.7932184606586627,0.3397958603632155,0.6036619323374612,0.9977485461028897,0.0,0.0,0.0,0.0
0.09509509509509509,6.123071172628881e-05,0.139029592108771,0.0,0.0,8.568426400975299e-05,0.9933333333333334,0.24,0.0,0.00023207776152085676,0.0002461364989825144,0.00016589250165892502,0.00015638363535211227,0.005868113443913834,0.0027592244632984497,0.0,0.00162260834291123,0.0,0.0,0.0,0.0,0.09097222222222222,0.1818442637515344,0.0,0.1653543307086614,0.5622233150581497,0.635695404366601,0.3019749546855133,0.9887132341713594,0.3958333333333333,0.9780578828587918,0.0,1.0
0.003003003003003003,3.804937177769382e-05,0.03425753132498,0.0,0.0,4.5096981057764727e-05,0.14666666666666667,0.15999999999999998,0.0,0.0001582137710218322,8.167055442626176e-05,0.0004976775049767751,5.397311308612725e-05,0.0005274708713630412,0.0002913512389762432,0.0,6.760868095463458e-05,0.0,0.0,0.0,0.0,0.016666666666666666,0.029580911963889085,0.0,0.007874015748031496,0.4043172485454285,0.17896490083135771,0.4226910224544369,0.45855982450018207,0.5,1.0,0.0,1.0
0.18518518518518517,0.0023628979616567847,0.833111170354572,0.0,1.0,0.00014280710668292164,0.26,0.24,0.0,0.001966425438076806,0.003268618721925012,0.0009124087591240877,0.0023512902341879536,0.023367526774362688,0.007007545949350798,0.0,0.0034480427286863635,0.0,0.0,0.0,0.0,0.04247311827956989,0.09958571271421093,0.0,0.08661417322834646,0.4183983977915888,0.6051641605667538,0.27077508723093224,0.9980221109381118,0.2956989247311828,0.9127125958241294,0.0,1.0
0.3843843843843844,0.0007619466634138185,0.11650226606238336,1.0,1.0,1.5032327019254908e-05,0.8066666666666668,0.15999999999999998,0.0,0.00043154251162168586,0.0006801437743184802,5.529750055297501e-05,0.0009839713693393969,0.0017427089568150351,0.002285298274844755,0.0,0.002433912514366845,0.0,0.0,0.0,0.0,0.26277056277056277,0.3002436014595145,0.0,0.22834645669291337,0.7498061417305717,0.5224104404580586,0.49319481184932723,0.9984687891158215,0.04935064935064935,0.4331981660132859,0.0,1.0
0.02102102102102102,3.59710447478198e-05,0.036790189282857905,0.0,0.0,0.0,0.5,0.24,0.0,0.0001479439113802566,0.00014556545654576783,0.00011059500110595002,9.410696640658084e-05,0.001342653127105923,0.0006893271888999401,0.0,0.0002704347238185383,0.0,0.0,0.0,0.0,0.022727272727272724,0.08987635693622034,0.0,0.047244094488188976,0.6580961384333985,0.2850919952823319,0.5537181032667489,0.9273033522355298,0.09090909090909091,0.5749595745760688,0.0,1.0
0.2182182182182182,0.0009670615541313865,0.19474806718208476,0.0,1.0,3.3071119442360796e-05,0.9600000000000001,0.32,0.0,0.0027898986712994608,0.0026835676895070153,0.0006635700066357001,0.0018170948072329508,0.013786498939187434,0.003607236015971626,0.0,0.001960651747684403,0.0,0.0,0.0,0.0,0.018112633181126332,0.16820836157530847,0.0,0.14173228346456693,0.927543112188741,0.06939788351198731,0.9097116607367468,0.9988045680985502,0.3881278538812785,0.9746478808734802,0.0,1.0
0.05105105105105105,0.00013029511764210284,0.10890429218874967,0.0,0.0,3.0064654038509815e-05,0.44,0.39999999999999997,0.16666666666666666,0.0006489692433418974,0.0004991747000641008,0.0007741650077416501,0.00031691904863392667,0.009048154177996783,0.0033286872294210467,0.0,0.0015549996619565953,0.0,0.0,0.0,0.0,0.24615384615384617,0.2854222198742226,0.0,0.1653543307086614,0.5466634011250555,0.506747181790387,0.3323800612486032,0.9447409096677397,0.21153846153846154,0.8167984839075114,0.0,1.0
0.06706706706706705,0.001790398800581484,0.7008797653958944,1.0,0.0,1.6535559721180398e-05,0.5800000000000001,0.36000000000000004,0.0,0.002809735081634452,0.0010728384196280803,0.007520460075204601,0.001378390272661096,0.01163538686830238,0.00295659411299819,0.0,0.0014197823000473263,0.0,0.0,0.0,0.0,0.18627450980392155,0.41229358495568447,0.0,0.2204724409448819,0.9663098331438835,0.05202392881447471,0.9446776362840019,0.9991272952347758,0.22058823529411764,0.8292865988159815,0.0,1.0
0.2052052052052052,0.001557945915855573,0.2916555585177286,1.0,1.0,8.568426400975299e-05,0.8,0.2,0.0,0.000980490267576555,0.0017622077217967025,0.0011335987613359877,0.0014337473117237906,0.011491695488724897,0.0023769841249428507,0.0,0.00162260834291123,0.0,0.0,0.0,0.0,0.23284789644012943,0.5178805928751699,0.0,0.23622047244094488,0.8568052235259538,0.2000500894056131,0.78970327689877,0.9994034797768672,0.9611650485436893,0.38640288819674556,0.0,1.0
0.17017017017017017,0.00020703334643745175,0.3901626233004532,1.0,1.0,9.019396211552946e-06,0.9533333333333334,0.56,0.0,0.001006891626311737,0.0027069021020050344,2.7648750276487504e-05,0.0016690147277402425,0.005182169964268475,0.0016127498431075084,0.0,0.0008789128524102495,0.0,0.0,0.0,0.0,0.007602339181286549,0.07462974719600161,0.0,0.09448818897637795,0.9101056800537481,0.13548941622813943,0.8534803879767416,0.9935423136272705,0.27485380116959063,0.892881154806658,0.0,1.0
0.017017017017017015,2.238198339864343e-05,0.018794988003199148,0.0,1.0,1.5032327019254909e-06,0.9133333333333334,0.32,0.0,0.00019812285521302628,0.00018035917952636285,0.0005253262552532625,0.00015223185742241019,0.0003516472475753608,0.00033642343250333,0.0,0.00013521736190926916,0.0,0.0,0.0,0.0,0.14444444444444443,0.1796632891050176,0.0,0.07086614173228346,0.9054005445514628,0.0853696024760344,0.8842432538709915,0.984754260523955,0.16666666666666666,0.7453559924999299,0.0,1.0
0.03703703703703704,0.00010615454983356598,0.05558517728605705,1.0,0.0,3.0064654038509817e-06,0.08,0.36000000000000004,0.0,0.00022666564250596437,0.00023942001758136432,0.00027648750276487504,0.00023803526796958683,0.004108720471670006,0.001397355596271454,0.0,0.0006084781285917113,0.0,0.0,0.0,0.0,0.010526315789473684,0.04095538427865453,0.0,0.023622047244094488,0.8863455917778973,0.17905730088085092,0.7312720191674336,0.9891362104863193,0.6842105263157895,0.9296590385608259,0.0,1.0
0.0,2.318133994859498e-05,0.024793388429752067,0.0,0.0,3.0064654038509817e-06,0.56,0.24,0.0,0.00028276873539273637,0.0,0.0013824375138243752,6.642844687523354e-05,0.00843953394180866,0.0,0.047619047619047616,0.0002704347238185383,0.0,0.0,0.0,0.0,0.0,0.0,0.0,0.0,0.9341926179937614,0.0,0.9446982320029518,0.930020864953649,0.0,0.0,0.0,0.0
0.7407407407407408,0.0044503376562002655,0.8652359370834444,0.0,1.0,2.8561421336584325e-05,0.92,0.08000000000000002,0.0,0.0015538993880100161,0.004471310480307092,0.0,0.00400784962813909,0.01094235119378228,0.006747795437303994,0.0,0.006017172604962477,0.0,0.0,0.0,0.0,0.11187584345479082,0.3652799773173571,0.0,0.23622047244094488,0.48152125449288885,0.6994342732278171,0.11014671543387333,0.988318421002135,0.4143049932523617,0.9852032598779242,0.0,1.0
0.01001001001001001,1.518777444907947e-05,0.014662756598240468,0.0,0.0,1.0522628913478436e-05,0.0,0.15999999999999998,0.0,0.00013635740306668412,9.264278753846425e-05,0.00019354125193541254,5.535703906269461e-05,0.0005754227687596813,0.00041486086059877374,0.0,0.00013521736190926916,0.0,0.0,0.0,0.0,0.006060606060606061,0.022818396483652626,0.0,0.007874015748031496,0.8197859415940547,0.15406179986033908,0.8061285928221755,0.9665843886770578,0.09090909090909091,0.5749595745760688,0.0,1.0
0.03203203203203203,0.001985281927459672,0.2350039989336177,0.0,0.0,3.0064654038509817e-06,0.3666666666666667,0.32,0.0,0.0003707208666821275,0.00031194011206496096,0.00030413625304136254,0.0002228120822273458,0.010101866384892183,0.003650766463445357,0.0,0.0018254343857751335,0.0,0.0,0.0,0.0,0.0707070707070707,0.2347381587601381,0.0,0.11023622047244094,0.9604264601557002,0.1170889926531222,0.858444673864553,0.9956365851121829,0.0,0.0,0.0,0.0
0.036036036036036036,4.956010609699616e-05,0.04718741668888296,1.0,0.0,1.2025861615403927e-05,0.0,0.32,0.0,0.0004130386667020918,0.0003058260772153324,2.7648750276487504e-05,0.00018959785878972904,0.0005702387798519365,0.00040336393078808073,0.0,0.00013521736190926916,0.05405405405405406,0.4522486629913921,0.0,1.0,0.036036036036036036,0.11290572598515204,0.0,0.07086614173228346,0.8952229886260055,0.17693314112502362,0.7749741127769303,0.9704438030883269,0.43243243243243246,0.9908271772877494,0.0,1.0
0.013013013013013013,2.1422755538701568e-05,0.0003998933617701946,1.0,0.0,0.0,0.9333333333333333,0.36000000000000004,0.0,0.0002467677988469933,0.00022163615330153134,0.0006082725060827251,0.00017437467304748803,0.0034662371546714137,0.0018792819403674241,0.0,0.0007436954905009804,0.0,0.0,0.0,0.0,0.4523809523809524,0.4322772544202671,0.0,0.2125984251968504,0.9724128119261071,0.02670154150066588,0.9688015044676686,0.9975250047000399,0.07142857142857142,0.5150787536377127,0.0,1.0
0.015015015015015015,8.792922049467061e-05,0.09144228205811783,0.0,0.0,1.6535559721180398e-05,0.24666666666666667,0.27999999999999997,0.0,0.0008175585097410661,0.00034520505816310434,0.0013271400132714001,0.0002601780835946646,0.0035604283817005284,0.001182726948467649,0.0,0.0003380434047731729,0.0,0.0,0.0,0.0,0.004166666666666667,0.019565934152736445,0.0,0.007874015748031496,0.8164236987345497,0.21471316063586945,0.7547105340930891,0.9513402780880575,0.4375,0.9921567416492215,0.0,1.0
0.06206206206206206,9.480368682425394e-05,0.10890429218874967,1.0,1.0,1.5032327019254909e-06,1.0,0.15999999999999998,0.0,0.001374567252908975,0.0008825586946681781,0.0005806237558062375,0.0008843286990265464,0.012357888986219822,0.003805926924532437,0.011904761904761904,0.003042390642958556,0.0,0.0,0.0,0.0,0.8978835978835978,0.36771293568337515,0.0,0.23622047244094488,0.9387949278389724,0.0054283647201159805,0.9441353935125321,0.9356993415649502,0.031746031746031744,0.35064638149800825,0.0,1.0
0.02702702702702703,0.002193274501757066,0.6556918155158624,0.0,0.0,4.509698105776473e-06,0.0,0.08000000000000002,0.0,0.003995003238287691,0.0025651560029431014,0.007741650077416501,0.0022668707496173446,0.018084715589589986,0.0065714702671413,0.0,0.0028395646000946525,0.0,0.0,0.0,0.0,0.37380952380952376,0.44982919491927886,0.0,0.19685039370078738,0.9540677611355095,0.031009930010396005,0.9511730844929218,0.9910124030462688,0.35714285714285715,0.9583148474999099,0.0,1.0
0.036036036036036036,2.398069649854653e-05,0.03639029592108771,0.0,0.0,1.5032327019254908e-05,0.0,0.36000000000000004,0.0,7.812594666517919e-05,0.00016803128872042386,0.00011059500110595002,0.00010517837421911976,0.0023379789973929396,0.002014194440131382,0.0,0.0010817388952741533,0.0,0.0,0.0,0.0,0.0,0.0,0.0,0.0,0.5859310063978294,0.3722406009221285,0.5382776713309161,0.9551341946400393,0.02702702702702703,0.32432432432432434,0.0,1.0
0.14114114114114112,0.0004736986915012891,0.11490269261530259,0.0,1.0,0.00015483296829832557,0.21333333333333335,0.24,0.0,0.00026620492421206585,0.0002306889592766652,0.00011059500110595002,0.00018821393281316168,0.001188666752367417,0.0007719889307500552,0.0,0.0005408694476370766,0.0,0.0,0.0,0.0,0.030751173708920186,0.09156537351961719,0.0,0.03937007874015748,0.9602876479571236,0.059623003550188264,0.9320006398983072,0.9980927548354481,0.014084507042253521,0.2356788807138241,0.0,1.0
0.008008008008008008,4.348499631736438e-05,0.04252199413489736,0.0,0.0,4.5096981057764727e-05,0.08666666666666667,0.32,0.0,0.0005196484609146626,0.00021168041275550044,0.0009953550099535502,0.00017299074707092065,0.003750903974137182,0.0012193111412703757,0.0,0.0003380434047731729,0.0,0.0,0.0,0.0,0.0037037037037037034,0.01859276750519844,0.0,0.007874015748031496,0.7406568282191079,0.20098231014814777,0.6888574724791026,0.8591625822194349,0.4444444444444444,0.9938079899999066,0.0,1.0
0.015015015015015015,3.357297509796514e-05,0.03505731804852039,1.0,0.0,4.359374835583923e-05,0.14,0.2,0.0,0.0002034735691217247,0.00019918075006679492,0.00022119000221190003,0.00010656230019568713,0.0005274708713630412,0.0004450463688092677,0.0,0.00013521736190926916,0.125,0.6614378277661477,0.0,1.0,0.05625,0.11964509883324452,0.0,0.06299212598425197,0.6186097950309657,0.37416926300625447,0.42193980426451727,0.7803622353245956,0.4375,0.9921567416492215,0.0,1.0
0.16216216216216214,0.0004244583280242736,0.69861370301253,1.0,1.0,3.156788674043531e-05,0.76,0.6799999999999999,0.0,0.0022107139607600345,0.004219044815575298,0.005225613802256138,0.004921240772673551,0.0014756240327702256,0.0006713383657524745,0.0,0.0003380434047731729,0.0,0.0,0.0,0.0,0.5887525562372189,0.5074597026532123,0.0,0.25984251968503935,0.878433213512956,0.17834117811517794,0.7995146443012322,0.9953090024400568,0.34355828220858897,0.9497915327785829,0.0,1.0
0.4754754754754755,0.0007955196385117836,0.2628632364702746,1.0,1.0,5.561960997124316e-05,0.88,0.6000000000000001,0.0,0.000539692254825,0.0006202261756238582,0.00033178500331785003,0.000560490020509783,0.00915760353139532,0.002641965988873594,0.0,0.0026367385572307485,0.0,0.0,0.0,0.0,0.305952380952381,0.5298941767632911,0.0,0.2440944881889764,0.8702062357740932,0.1964974703489469,0.7856184480502284,0.9980794591746411,0.8592436974789915,0.695539979646383,0.0,1.0
0.01001001001001001,1.4388417899127919e-05,0.03665689149560117,0.0,0.0,3.0064654038509817e-06,0.0,0.27999999999999997,0.0,0.00013319744625389163,7.45387543244279e-05,0.00030413625304136254,4.982133515642515e-05,0.004986997329250572,0.0024891651635926423,0.0,0.0008789128524102495,0.0,0.0,0.0,0.0,0.0303030303030303,0.08902749442832465,0.0,0.031496062992125984,0.5901202570396009,0.49506293130853996,0.4399714638483436,0.8014564418563399,0.0,0.0,0.0,0.0
1.0,0.0020477916096658835,0.2516662223407091,1.0,1.0,0.0006869773447799493,0.9600000000000001,0.32,0.0,0.0004873632991937992,0.0007753865808191168,0.00030413625304136254,0.0007846860287136961,0.006992153870788474,0.0026079568790681163,0.0,0.0034480427286863635,0.0,0.0,0.0,0.0,0.42269999999999996,0.4095658129353339,0.0,0.2440944881889764,0.6572004847673396,0.42176314605054727,0.509619207529501,0.999094146864679,0.333,0.9425730740902798,0.0,1.0
0.16516516516516516,0.0004086310683352329,0.20914422820581177,1.0,1.0,0.00014280710668292164,0.8066666666666668,0.44,0.0,0.0031754173139432445,0.0024449240078989205,0.00047002875470028755,0.0016219612445369522,0.007638795028655127,0.002640798270128258,0.0,0.002704347238185383,0.0,0.0,0.0,0.0,0.8815261044176707,0.513733451730571,0.0,0.2440944881889764,0.951425628129206,0.09832007453108346,0.8353748303285711,0.9977021591349073,0.012048192771084338,0.21820205152138356,0.0,1.0
0.07607607607607607,0.0002330923699658723,0.37350039989336176,1.0,1.0,6.614223888472159e-05,1.0,0.32,0.0,0.0014455576054334032,0.0038435812680192682,2.7648750276487504e-05,0.0019720945166084958,0.004301970223584284,0.0015879628788080505,0.0,0.0007436954905009804,0.0,0.0,0.0,0.0,0.738095238095238,0.4466837825481643,0.13333333333333333,0.25196850393700787,0.9057527813435051,0.11955171092214806,0.8607931768067418,0.9908204796896998,0.5714285714285714,0.989743318610787,0.0,1.0
0.05405405405405406,3.5171688197868246e-05,0.031724873367102106,0.0,0.0,5.712284267316865e-05,0.0,0.39999999999999997,0.0,0.00018122878980833757,0.00023355645979474316,5.529750055297501e-05,0.00012870511582076496,0.001802991342113668,0.0008454456672665056,0.0,0.0003380434047731729,0.0,0.0,0.0,0.0,0.029696969696969694,0.08187816680335999,0.0,0.03937007874015748,0.4476908756612792,0.6935190372745114,0.22042384790750003,0.9797093794724194,0.8181818181818182,0.7713892158398701,0.0,1.0
0.13313313313313313,4.828113561707368e-05,0.039722740602505996,0.0,0.0,0.00012627154696174124,0.3066666666666667,0.24,0.0,0.0002771484141958542,0.000291489109823905,8.294625082946251e-05,0.00020620497050853742,0.00288140804356527,0.001354554783265732,0.0,0.0006760868095463458,0.007462686567164179,0.17212779992045965,0.0,1.0,0.041791044776119404,0.11624949958679717,0.0,0.07086614173228346,0.49299806168612825,0.6287373071936134,0.2381398429561017,0.9717502016227559,0.6716417910447762,0.9392318043314791,0.0,1.0
0.02602602602602603,8.329295250495161e-05,0.13303119168221808,0.0,0.0,1.5032327019254909e-06,0.07333333333333333,0.39999999999999997,0.0,0.0002892056844558322,0.00015944855900311053,0.0004976775049767751,0.00012870511582076496,0.008048814777836037,0.002463956665888414,0.0,0.000811304171455615,0.0,0.0,0.0,0.0,0.09382716049382717,0.05349348845204957,0.0,0.03937007874015748,0.9775177728945819,0.06045781332001711,0.9526540851152632,0.9978259493627055,0.1111111111111111,0.628539361054709,0.0,1.0
0.18518518518518517,0.00013013524633211253,0.42228739002932547,1.0,1.0,1.2025861615403927e-05,0.6133333333333334,0.39999999999999997,0.0,0.00027186745068910633,0.0005122561231808991,0.00019354125193541254,0.0007141058039087605,0.00212122694505137,0.00098546971662025,0.0,0.0006084781285917113,0.0,0.0,0.0,0.0,0.5983870967741935,0.31896701737286764,0.13333333333333333,0.2047244094488189,0.9829044456776552,0.03253464443422782,0.9670887291897277,0.9984851039239535,1.0,0.0,1.0,1.0
0.02602602602602603,7.242170342561053e-05,0.18968275126632897,0.0,0.0,0.0,0.0,0.36000000000000004,0.0,0.00017634451088288544,0.00014793436856565847,0.00024883875248838755,9.272304043001348e-05,0.0008595821607397708,0.0003779343681678571,0.0,0.00013521736190926916,0.0,0.0,0.0,0.0,0.3098765432098765,0.1964254489673213,0.0,0.1653543307086614,0.9339205880370187,0.07603099147847214,0.8947449641071579,0.9574807828030654,0.0,0.0,0.0,0.0
0.003003003003003003,0.00020463527678759707,0.5041322314049587,0.0,0.0,0.0,0.6533333333333333,0.32,0.0,0.0006433988066526798,0.0005826488435601225,0.001161247511612475,0.0002975440849619836,0.007384592199082577,0.0007522656643012583,0.023809523809523808,0.0003380434047731729,0.0,0.0,0.0,0.0,0.4166666666666667,0.6183755041177738,0.0,0.22834645669291337,0.9527131162169864,0.02938853228229145,0.9458213255486605,0.9653628219573704,0.0,0.0,0.0,0.0
0.02102102102102102,4.716203644714151e-05,0.04012263396427619,1.0,0.0,3.6077584846211784e-05,0.21333333333333335,0.24,0.0,0.00033385470386621506,0.00018995967773497926,0.00044238000442380006,0.00013839259765673653,0.002109883485452165,0.0010734922324730685,0.0,0.0004056520857278075,0.0,0.0,0.0,0.0,0.03181818181818182,0.0519365730089448,0.0,0.023622047244094488,0.7855348390199586,0.555779583013294,0.45682712434319317,0.9878827144680473,0.45454545454545453,0.9958591954639383,0.0,1.0
0.1111111111111111,0.0003952018782960468,0.13263129832044787,1.0,1.0,1.8038792423105892e-05,0.48000000000000004,0.6000000000000001,0.0,0.0008405763499175829,0.0005875505153597525,0.0015483300154833003,0.0004829901658220105,0.006857121327719536,0.0020728785340281726,0.0,0.0010141302143195188,0.0,0.0,0.0,0.0,0.4205357142857143,0.17522531502056574,0.2,0.15748031496062992,0.8883301611338146,0.12163795905961598,0.8568506352913925,0.9900014711340015,0.7857142857142857,0.8206518066482897,0.0,1.0
0.031031031031031032,6.650646495596905e-05,0.15755798453745667,1.0,0.0,0.0,0.9066666666666667,0.72,0.0,0.0002595957187655914,0.00015191000721090126,0.0006359212563592126,0.00011071407812538923,0.002109883485452165,0.0009213335142769528,0.0,0.0003380434047731729,0.0,0.0,0.0,0.0,0.0,0.0,0.0,0.0,0.9920093340131348,0.008739181477944384,0.9886390105348895,0.9972894489583544,0.0,0.0,0.0,0.0
0.015015015015015015,0.00040047763152572705,0.998533724340176,0.0,0.0,1.5032327019254909e-06,0.56,0.15999999999999998,0.0,0.0012708806475095896,0.0014439099517666023,0.0014930325149303252,0.0010005784810582052,0.011868094605668428,0.004160478010161727,0.0,0.00162260834291123,0.0,0.0,0.0,0.0,0.035416666666666666,0.05319940128178412,0.0,0.023622047244094488,0.8872313418098123,0.06576221356835467,0.8804682219517428,0.9830710547659365,0.25,0.8660254037844386,0.0,1.0
0.030030030030030033,5.499573063666671e-05,0.0490535857104772,0.0,0.0,2.2548490528882363e-05,0.22,0.32,0.0,0.00045413693093380027,0.0004335757549048921,0.00030413625304136254,0.00021450852636794164,0.0037433416677377118,0.001457291705737261,0.0,0.0005408694476370766,0.0,0.0,0.0,0.0,0.054838709677419356,0.12166249272226697,0.0,0.05511811023622047,0.6163242219751996,0.49400768159587555,0.35939597108479227,0.9484398423924167,0.7096774193548387,0.9078224051271154,0.0,1.0
0.1111111111111111,0.0007112674581468901,0.5394561450279926,0.0,0.0,1.3529094317329417e-05,0.12666666666666668,0.27999999999999997,0.0,0.0008677322287775184,0.0009939422057605948,0.000718867507188675,0.0010365605564489567,0.006857121327719536,0.0024893060770159255,0.0,0.001284564938138057,0.0,0.0,0.0,0.0,0.01220238095238095,0.07026657987931714,0.0,0.047244094488188976,0.829276306977957,0.2712654365837724,0.4468566603939985,0.9888617378318854,0.0,0.0,0.0,0.0
0.9059059059059059,0.0008597879051278883,0.6967475339909357,0.0,1.0,0.00021496227637534518,0.5533333333333333,0.39999999999999997,0.0,0.0023120254532940426,0.00462732817797402,2.7648750276487504e-05,0.0035027166466920015,0.0029785220506548774,0.0013178220835305286,0.0,0.0011493475762287878,0.0,0.0,0.0,0.0,0.11298749080206033,0.18334690427996267,0.0,0.13385826771653542,0.6986942806811172,0.36833597182270905,0.4992394041938377,0.9967771484204375,0.8410596026490066,0.7312409929452853,0.0,1.0
0.1101101101101101,9.496355813424426e-05,0.10503865635830445,1.0,0.0,0.00010372305643285887,0.33333333333333337,0.39999999999999997,0.0,0.00027728863010928993,0.0002726267266402577,0.00013824375138243752,0.00018544608086002695,0.001767740217541003,0.0010820741704046309,0.0,0.0007436954905009804,0.0,0.0,0.0,0.0,0.08198198198198199,0.16879531260948888,0.0,0.12598425196850394,0.5632954785499793,0.49856989463933976,0.3494967246749301,0.9883214764622261,0.2972972972972973,0.9141370013669058,0.0,1.0
0.014014014014014014,0.00034819971315889564,0.24126899493468407,0.0,0.0,5.712284267316865e-05,0.09333333333333334,0.15999999999999998,0.0,0.001860851167701308,0.0008109679548742837,0.004534395045343951,0.0006559809128929311,0.04430755319449546,0.009023843949284533,0.03571428571428571,0.0037860861334595365,0.0,0.0,0.0,0.0,0.0022222222222222222,0.014757551700959368,0.0,0.007874015748031496,0.9650991165268028,0.08690110174088721,0.8817876227969084,0.9926104916749372,0.0,0.0,0.0,0.0
0.07407407407407407,0.0006236579802722001,0.2092775259930685,0.0,1.0,1.3529094317329417e-05,0.9266666666666667,0.56,0.0,0.0014515384506771712,0.0028172644553845156,0.0007741650077416501,0.001840621548834596,0.012068533536786382,0.0030221936406549174,0.0,0.0012169562571834225,0.0,0.0,0.0,0.0,0.2977777777777778,0.5091431721101167,0.0,0.2440944881889764,0.9076046356980845,0.07651404843608631,0.8890429977360617,0.9960297693943625,0.10666666666666667,0.6173779681488121,0.0,1.0
0.024024024024024024,3.117490544811049e-05,0.03159157557984538,0.0,0.0,8.418103130782749e-05,0.0,0.03999999999999998,0.0,0.00021255449501248716,0.00017614156893923505,0.0003870825038708251,0.00011071407812538923,0.006160859777520321,0.0017844528057113223,0.0,0.0006084781285917113,0.0,0.0,0.0,0.0,0.012,0.040576558645122364,0.0,0.015748031496062992,0.5735498529728922,0.5185357613895746,0.40815582281098095,0.9914251599106683,0.08,0.5425863986500215,0.0,1.0
0.012012012012012012,8.489166560485472e-05,0.07451346307651292,1.0,0.0,5.712284267316865e-05,0.0,0.08000000000000002,0.0,0.0005274223147831706,0.00048318602652518323,0.0012441937624419377,0.00029200838105571407,0.00373287078195383,0.0012970380083086863,0.0,0.0003380434047731729,0.0,0.0,0.0,0.0,0.07179487179487179,0.0831709066357706,0.0,0.031496062992125984,0.6058007745044662,0.3620974780542764,0.49794271393853684,0.9626387314406148,0.5384615384615384,0.9970370305242862,0.0,1.0
0.022022022022022025,5.211804705684112e-05,0.054385497200746466,0.0,0.0,9.470366022130592e-05,0.2,0.27999999999999997,0.0,0.0005248260069001962,0.0004353825208261359,0.0008571112585711126,0.00037642786562632337,0.007246991102205262,0.0021989361606313453,0.0,0.0007436954905009804,0.0,0.0,0.0,0.0,0.010144927536231885,0.040670894378614784,0.0,0.015748031496062992,0.6303617347482788,0.3605079370040887,0.5060312298217937,0.9510423629477911,0.5652173913043478,0.9914568913905547,0.0,1.0
1.0,0.003106139681801737,0.6198347107438016,1.0,1.0,0.00010071659102900788,0.9866666666666667,0.03999999999999998,0.3333333333333333,0.0010761606854187689,0.001570961140992861,0.0009677062596770627,0.0011583460423868848,0.013528572908719281,0.003189340699659167,0.0,0.0025015211953214795,0.0,0.0,0.0,0.0,0.32139999999999996,0.7916414368406992,0.0,0.23622047244094488,0.8756596939499479,0.16649843366588568,0.8064275832254362,0.9981749410056269,0.94,0.4749736834815167,0.0,1.0
0.04604604604604605,6.74656928159109e-05,0.05571847507331378,1.0,0.0,9.019396211552946e-06,0.0,0.24,0.0,0.0005389045255587323,0.0003932337474271738,0.0003870825038708251,0.00022419600820391318,0.006194977042391463,0.001832993144516179,0.0,0.0008789128524102495,0.0,0.0,0.0,0.0,0.006382978723404255,0.026283726614136277,0.0,0.015748031496062992,0.7146933808587619,0.4715848595128992,0.28677797774025304,0.9999188046496466,0.2553191489361702,0.8720809162518808,0.0,1.0
0.29629629629629634,5.707405766654075e-05,0.1407624633431085,0.0,0.0,0.00018640085503876085,0.0,0.27999999999999997,0.0,0.00023897797585743297,0.00022369292140525317,0.00016589250165892502,0.00018129430293032487,0.002088571531053658,0.0011077143310437442,0.0,0.0006084781285917113,0.0,0.0,0.0,0.0,0.0007856341189674523,0.012298766359513867,0.0,0.023622047244094488,0.6056751317988756,0.4841009494811732,0.2798674913909025,0.9764526169546208,0.4444444444444444,0.9938079899999066,0.0,1.0
0.23223223223223222,0.0032332373732440337,0.17208744334844042,0.0,1.0,0.0003938469679044786,0.37333333333333335,0.12,0.0,0.0016155404202262678,0.001244257850133675,0.0015206812652068127,0.0011763370800822607,0.01855429726047848,0.0042850583596200165,0.0,0.002231086471502941,0.0,0.0,0.0,0.0,0.11258941344778255,0.16456331463673438,0.0,0.14960629921259844,0.7481295800768999,0.45695509028169523,0.4673356984119099,0.9943183849279924,0.7167381974248928,0.9011649211481951,0.0,1.0
0.23823823823823823,0.002145952593999934,0.7992535323913623,0.0,0.0,0.00020293641475994126,0.9933333333333334,0.6799999999999999,0.0,0.001988651808773441,0.0017627793580016983,0.0011059500110595002,0.0015762916873102292,0.009128115163002253,0.003174645961810081,0.0,0.002704347238185383,0.0,0.0,0.0,0.0,0.003068340306834031,0.024195593089329084,0.0,0.031496062992125984,0.9278280838676274,0.10797969912358037,0.8864189030522525,0.9983178524998069,0.0,0.0,0.0,0.0
0.06206206206206206,0.0037216442252644313,0.3769661423620368,1.0,1.0,4.058728295198825e-05,0.8333333333333334,0.32,0.0,0.005976066268870617,0.009264427991244672,0.00409201504092015,0.006998513663501167,0.01517106696682271,0.0037964745457474136,0.0,0.00162260834291123,0.0,0.0,0.0,0.0,0.36772486772486773,0.25121658562781585,0.06666666666666667,0.1732283464566929,0.8230387086553108,0.18870781457592034,0.7197493370565642,0.9899848917614156,0.5238095238095238,0.9988655696858586,0.0,1.0
0.017017017017017015,0.0003197426199806204,0.23447080778459076,0.0,0.0,3.0064654038509815e-05,0.17333333333333334,0.32,0.0,0.00037771373407339973,0.00027866539459754836,0.0005806237558062375,0.00018544608086002695,0.005274708713630412,0.0012736785590439575,0.0,0.00047326076668244207,0.0,0.0,0.0,0.0,0.0,0.0,0.0,0.0,0.93890634401561,0.06096221788591161,0.9380083634153316,0.9904836165114554,0.3333333333333333,0.9428090415820634,0.0,1.0
0.05305305305305306,3.2773618548013596e-05,0.22314049586776857,0.0,0.0,0.0,0.8533333333333334,0.32,0.16666666666666666,0.00032042488741184695,0.000627461067221604,0.00011059500110595002,0.0004677669800797695,0.001367517073904181,0.0006622648411724243,0.0,0.0002704347238185383,0.0,0.0,0.0,0.0,0.09691358024691359,0.3487572503124534,0.0,0.23622047244094488,0.9548930978402561,0.06650349519576253,0.9198168981065029,0.9755141601407304,0.1111111111111111,0.628539361054709,0.0,1.0
0.014014014014014014,0.0002824926047528781,0.12836576912823247,0.0,0.0,3.3071119442360796e-05,0.8466666666666667,0.12,0.0,0.0003793229713391737,0.0005762695630409343,0.00030413625304136254,0.00025049060175869314,0.0028131779806028863,0.0010030208857350108,0.0,0.0003380434047731729,0.0,0.0,0.0,0.0,0.0022222222222222222,0.01475755170095937,0.0,0.007874015748031496,0.8870424434252895,0.18031238035829267,0.829888888945642,0.9826827260196582,0.0,0.0,0.0,0.0
0.6646646646646647,0.0004505173515526942,0.5309250866435617,0.0,1.0,0.00015633620100025106,0.4266666666666667,0.24,0.0,0.000402475660758751,0.00024578745286721803,0.00019354125193541254,0.0002587941576180973,0.0044513782407359205,0.001317830297235612,0.0,0.0014197823000473263,0.0,0.0,0.0,0.0,0.04536340852130326,0.27886891843885736,0.0,0.25196850393700787,0.9651895106114061,0.07259730261524955,0.8554852053994075,0.9954558305256951,0.0015037593984962407,0.07749833820586542,0.0,1.0
0.035035035035035036,9.608265730417643e-05,0.0967741935483871,1.0,0.0,5.8626075375094144e-05,0.0,0.15999999999999998,0.0,0.0003738515646355423,0.00033999918047447527,0.0005253262552532625,0.00021174067441480688,0.00421976697090433,0.0016016959099381652,0.0,0.0006760868095463458,0.0,0.0,0.0,0.0,0.03611111111111111,0.08175732161729599,0.0,0.03937007874015748,0.5415475394219929,0.5608107589094107,0.402768263027939,0.9678203871284534,0.5,1.0,0.0,1.0
0.02102102102102102,4.956010609699616e-05,0.0418555051986137,0.0,0.0,1.5032327019254909e-06,0.0,0.24,0.3333333333333333,0.00022904946957526395,0.0002502430267832847,0.00027648750276487504,0.00015638363535211227,0.0020139796906588846,0.0008234980131874197,0.0,0.0002704347238185383,0.0,0.0,0.0,0.0,0.0,0.0,0.0,0.0,0.760133503811466,0.4688057006557964,0.4924582964446307,0.9797242677075024,0.2727272727272727,0.8907235428302467,0.0,1.0
0.031031031031031032,2.0623398988750017e-05,0.04132231404958678,0.0,0.0,9.019396211552946e-06,0.0,0.03999999999999998,0.0,9.231550498838874e-05,7.843360571379095e-05,5.529750055297501e-05,5.258918710955988e-05,0.0025054866389744457,0.000958031810222383,0.0,0.0002704347238185383,0.0,0.0,0.0,0.0,0.0,0.0,0.0,0.0,0.48946769681295965,0.6293530044132897,0.32950656798490385,0.9847959527697245,0.0,0.0,0.0,0.0
0.057057057057057055,0.0001392479110015602,0.10463876299653425,1.0,0.0,2.1045257826956873e-05,0.12666666666666668,0.12,0.6666666666666666,0.0006335602629553791,0.0001586000418569612,0.0019354125193541253,0.00020066926660226796,0.00502006760331722,0.0017214598459898342,0.0,0.000811304171455615,0.0,0.0,0.0,0.0,0.013218390804597701,0.09573635006189248,0.0,0.07874015748031496,0.9190897786543237,0.1195259942138511,0.8519940051978798,0.9969347665858548,0.08620689655172414,0.5613386412448175,0.0,1.0
0.001001001001001001,2.6858380078372115e-05,0.08557717941882165,0.0,0.0,0.0,0.0,0.32,0.3333333333333333,0.00039573719145006805,0.00013057665912841388,0.0015206812652068127,0.00011348193007852396,0.002109883485452165,0.0006728468650066601,0.0,0.00013521736190926916,0.0,0.0,0.0,0.0,0.0,0.0,0.0,0.0,0.9923269090210507,1.7738125342553933e-07,0.9935517965720777,0.9900569674193376,0.0,0.0,0.0,0.0
0.09309309309309309,4.140666928749034e-05,0.24033591042388697,0.0,0.0,4.509698105776473e-06,0.43333333333333335,0.32,0.5,0.00034224203604485046,0.00018890185901801387,0.00030413625304136254,0.0001633032652349491,0.0053644909896071,0.003621616203721602,0.0,0.002704347238185383,0.0,0.0,0.0,0.0,0.06063829787234042,0.19160184401946237,0.0,0.11811023622047244,0.7971048676937471,0.20258567503636793,0.697451396076735,0.9856149353877308,0.8085106382978723,0.7869464684641247,0.0,1.0
0.04804804804804805,5.643457242657951e-05,0.06571580911756865,1.0,0.0,6.614223888472159e-05,0.29333333333333333,0.24,0.0,0.00031587304486008634,0.00027114310457971766,0.0003594337535943375,0.00016053541328181438,0.0038322373511274015,0.0017337702861305526,0.0,0.000811304171455615,0.061224489795918366,0.47948327038656047,0.0,1.0,0.04965986394557823,0.11718470362313964,0.0,0.05511811023622047,0.6591161282344107,0.4426161797798776,0.43846931873815187,0.9699222894822883,0.7346938775510204,0.8829921490932219,0.0,1.0
0.6496496496496497,0.000886966027826241,0.5181284990669155,1.0,1.0,8.718749671167847e-05,0.9066666666666667,0.08000000000000002,0.0,0.0003994983503026277,0.0004605159812378761,0.00013824375138243752,0.0005950881699239671,0.007686467836231887,0.0028369270784307076,0.0,0.00236630383341221,0.0,0.0,0.0,0.0,0.5917435897435898,0.3808981219765759,0.0,0.26771653543307083,0.7984753329469889,0.28035378325756144,0.47404862373593204,0.988948696537352,0.58,0.9871170143402453,0.0,1.0
0.014014014014014014,0.0007342889267854947,0.32444681418288457,1.0,0.0,0.00017437499342335693,0.54,0.24,0.0,0.003902007715608994,0.0012762558477910787,0.00940057509400575,0.0013866938285205,0.03235154677693319,0.00512228536880897,0.07142857142857142,0.002095869109593672,0.0,0.0,0.0,0.0,0.0,0.0,0.0,0.0,0.7852887820106202,0.2389729766197363,0.7346843654993194,0.9858523015803016,0.0,0.0,0.0,0.0
1.0,0.004972157612008638,0.6031724873367101,1.0,1.0,0.00043744071626031786,0.8733333333333334,0.2,0.0,0.0031556318852347196,0.0068785660292047055,0.0005253262552532625,0.005581373463496185,0.02361592585266608,0.010855373410845885,0.0,0.016766952876749376,0.0,0.0,0.0,0.0,0.8147666666666668,0.5606866622215858,0.0,0.2440944881889764,0.5906602218420876,0.3542683866572336,0.5223282224698647,0.9909729570046073,0.073,0.5202730052578166,0.0,1.0
0.056056056056056056,6.458800923608532e-05,0.05598507064782724,0.0,0.0,0.0001608458991060275,0.0,0.2,0.0,0.00017818525245706898,0.00023792538084478783,0.00022119000221190003,0.0001757585990240554,0.0011474804920880196,0.0007673723099004819,0.0,0.00047326076668244207,0.0,0.0,0.0,0.0,0.05497076023391813,0.10657844942762212,0.0,0.05511811023622047,0.5904884281815317,0.306061718230455,0.5726408453479284,0.9509697374108024,0.9122807017543859,0.5657724735648105,0.0,1.0
0.06206206206206206,5.355688884675392e-05,0.0566515595841109,0.0,0.0,0.0001307812450675177,0.0,0.0,0.0,0.0003562419111272158,0.0003083824772319023,0.00019354125193541254,0.00021727637832107634,0.0031815703352056452,0.0014127648789255397,0.0,0.0006084781285917113,0.0,0.0,0.0,0.0,0.15291005291005288,0.18488602858439768,0.0,0.14173228346456693,0.6389828371256216,0.5175853791699669,0.3951821113023124,0.9680624843560048,0.7619047619047619,0.8518354199999196,0.0,1.0
0.05805805805805806,0.00018209342207896334,0.27419354838709675,1.0,0.0,4.96066791635412e-05,0.8866666666666667,0.12,0.0,0.0002593993372687512,0.0002183789758764507,0.00030413625304136254,0.00019651748867256588,0.0028250982262834072,0.0013773119837253295,0.0,0.000811304171455615,0.0,0.0,0.0,0.0,0.04745762711864407,0.16200426033448104,0.0,0.09448818897637795,0.9169378951735325,0.14642422777188063,0.8408749806047124,0.9974524881013567,0.3050847457627119,0.9208866242173643,0.0,1.0
0.006006006006006006,5.147856181687988e-05,0.04345507864569448,0.0,0.0,2.1045257826956873e-05,0.0,0.15999999999999998,0.0,0.0003051141442831976,0.00030642289593706915,0.0006359212563592126,0.00018129430293032487,0.0012056477059726655,0.0007063420689846993,0.0,0.00020282604286390375,0.0,0.0,0.0,0.0,0.0047619047619047615,0.02070232583934815,0.0,0.007874015748031496,0.45109062470278616,0.591726658267996,0.39765548871836476,0.9251624499683322,0.0,0.0,0.0,0.0
0.03303303303303303,3.7569757847722896e-05,0.04612103439082911,0.0,0.0,1.8038792423105892e-05,0.0,0.24,0.0,0.0003130981248017937,0.0002444152502319417,0.00030413625304136254,0.0001646871912115165,0.0014272741225117586,0.0007778602127849091,0.0,0.0003380434047731729,0.0,0.0,0.0,0.0,0.041176470588235294,0.1243134073691405,0.0,0.05511811023622047,0.8019068449905085,0.2897283951120231,0.6984736301199082,0.9936518329370498,0.6764705882352942,0.935645512975698,0.0,1.0
1.0,6.139058303627912e-05,0.0443881631564916,1.0,0.0,3.6077584846211784e-05,0.6466666666666667,0.2,0.0,6.632117358688889e-05,0.00010739156866726291,0.0,9.825874433628294e-05,0.0009810958207352566,0.0008862123759865216,0.0,0.0009465215333648841,0.0,0.0,0.0,0.0,0.06573333333333334,0.24057278222651107,0.0,0.2440944881889764,0.4283400671509865,0.5429610491441479,0.25069939857587986,0.99600563696593,0.431,0.9904322288778773,0.0,1.0
0.1251251251251251,0.00040159673069565925,0.8985603838976273,1.0,0.0,1.5032327019254909e-06,0.9333333333333333,0.2,0.0,0.0003199651053359115,0.0004747536436436795,5.529750055297501e-05,0.00035151719804811076,0.005257963606603014,0.006544249298018004,0.0,0.0072341288621459,0.0,0.0,0.0,0.0,0.23095238095238096,0.5370887926472127,0.0,0.2440944881889764,0.9706885525548721,0.03913195333423192,0.9581728428784171,0.9945867518497815,0.5,1.0,0.0,1.0
0.001001001001001001,3.021567758816863e-05,0.029992002132764595,1.0,0.0,1.8038792423105892e-05,0.0,0.2,0.0,0.00029145861662791575,0.00012157137229197155,0.001050652510506525,8.718733652374402e-05,0.00843953394180866,0.0013456937300133202,0.023809523809523808,0.0004056520857278075,0.0,0.0,0.0,0.0,0.0,0.0,0.0,0.0,0.808701433937653,0.48148761469612794,0.6788232584689151,0.9975608765277739,0.5,1.0,0.0,1.0
0.015015015015015015,4.4604095487296545e-05,0.05091975473207144,0.0,0.0,1.2025861615403927e-05,0.8866666666666667,0.27999999999999997,0.0,0.0001853696498817677,0.00018852635069207768,0.00016589250165892502,9.549089238314821e-05,0.00421976697090433,0.0013665584429382537,0.0,0.0005408694476370766,0.0,0.0,0.0,0.0,0.22708333333333333,0.4521230958273455,0.0,0.2047244094488189,0.9981997787645662,0.0026183324226996653,0.9968994557145416,0.9973363287424801,0.0,0.0,0.0,0.0
0.03303303303303303,0.00047529740460119224,0.6141029058917622,1.0,1.0,1.2025861615403927e-05,0.8466666666666667,0.27999999999999997,0.0,0.001126709554173979,0.0010416057823215874,0.0007465162574651626,0.0007722306949245898,0.018678674385914754,0.004863295044558233,0.0,0.0025015211953214795,0.0,0.0,0.0,0.0,0.8431372549019608,0.2903752807429521,0.3333333333333333,0.23622047244094488,0.9099351567744041,0.22604221964005133,0.6644889968901726,0.9989826511027848,0.5294117647058824,0.9982683969692436,0.0,1.0
0.001001001001001001,3.485194557788762e-05,0.03479072247400693,0.0,0.0,0.0,0.08,0.15999999999999998,0.0,0.0004507731059395373,4.502643418221168e-05,0.002046007520460075,0.00011348193007852396,0.0,0.0,0.0,0.0,0.5,1.0,0.0,1.0,0.1,0.0,0.1,0.023622047244094488,0.6535351974427632,0.13966314442883374,0.6623138584861179,0.697364879397333,0.5,1.0,0.0,1.0
0.1181181181181181,0.0007493168299245839,0.04625433217808584,1.0,1.0,8.2677798605902e-05,0.9466666666666668,0.39999999999999997,0.0,0.0011806257640785234,0.0009005445624684587,0.0008294625082946251,0.0005770971322285913,0.015141516777950831,0.004253353161763256,0.0,0.0020282604286390375,0.0,0.0,0.0,0.0,0.03165266106442577,0.15451305253493727,0.0,0.11023622047244094,0.8839478240265599,0.18853478941161406,0.7740279085542143,0.9978825090934036,0.18487394957983194,0.7763905520975528,0.0,1.0
0.003003003003003003,6.234981089622098e-06,0.0038656358304452144,0.0,0.0,1.5032327019254908e-05,0.0,0.39999999999999997,0.0,7.421158574843174e-05,3.1838496942891645e-05,0.00022119000221190003,2.075888964851048e-05,0.0010549417427260825,0.00033642343250333005,0.0,6.760868095463458e-05,0.0,0.0,0.0,0.0,0.1,0.09354305707081399,0.03333333333333333,0.03937007874015748,0.9252205186835312,0.0896479219037853,0.919594325883228,0.984327393555227,0.25,0.8660254037844386,0.0,1.0
0.05005005005005005,7.513951569544579e-05,0.13956278325779792,0.0,0.0,0.00012627154696174124,0.0,0.08000000000000002,0.0,0.00020802439744831784,0.00026437723933256683,0.00013824375138243752,0.000143928301563006,0.0017789213700871195,0.0013806791760795137,0.0,0.0006760868095463458,0.0,0.0,0.0,0.0,0.04379084967320261,0.11020950279479699,0.0,0.05511811023622047,0.5677271754799635,0.580408125538745,0.3925279736318732,0.9594487532916158,0.47058823529411764,0.9982683969692436,0.0,1.0
0.06006006006006006,5.211804705684112e-05,0.05185283924286856,0.0,0.0,7.666486779820004e-05,0.0,0.27999999999999997,0.0,0.0005423255158926838,0.00039227664860669656,0.0009400575094005751,0.0003044637148448203,0.005949179663897908,0.0026144780253271865,0.0,0.001284564938138057,0.0,0.0,0.0,0.0,0.003825136612021858,0.032312697058407856,0.0,0.031496062992125984,0.5404182700999938,0.5815171392613913,0.38152027736333594,0.998178821284319,0.2459016393442623,0.861241018791062,0.0,1.0
0.001001001001001001,0.00022893571590612422,0.3387096774193548,0.0,0.0,1.5032327019254909e-06,0.5266666666666667,0.36000000000000004,0.16666666666666666,0.0015312150061801712,0.0003016771090208183,0.006414510064145101,0.00041102601504050746,0.014769184398165155,0.0020185405950199804,0.047619047619047616,0.0006760868095463458,0.0,0.0,0.0,0.0,0.0,0.0,0.0,0.0,0.9614990589597578,2.5340179060791334e-07,0.967645337042482,0.9582206813988297,0.0,0.0,0.0,0.0
0.043043043043043044,5.4036502776724844e-05,0.0642495334577446,0.0,0.0,4.359374835583923e-05,0.0,0.27999999999999997,0.0,0.00022378287488727648,0.0001939634028605831,8.294625082946251e-05,0.00012455333789106288,0.0027332581516084863,0.0012716267318510712,0.0,0.00047326076668244207,0.0,0.0,0.0,0.0,0.2174242424242424,0.33880121709699956,0.0,0.1889763779527559,0.7150878038478403,0.5309129087270964,0.2167546777303766,0.9914802152552431,0.7045454545454546,0.9124936318129423,0.0,1.0
0.05105105105105105,9.688201385412798e-05,0.08184484137563316,0.0,0.0,3.3071119442360796e-05,0.14666666666666667,0.12,0.0,0.0008423748051915302,0.0005028661149706835,0.0006082725060827251,0.0003279904564464656,0.0054370074432805796,0.0024415312412865335,0.0,0.0014873909810019608,0.019230769230769232,0.27467032417472503,0.0,1.0,0.004487179487179487,0.023288698713962008,0.0,0.015748031496062992,0.7465002120280548,0.2921317296808125,0.5278456378598637,0.9936659897292239,0.4230769230769231,0.9880948137434715,0.0,1.0
0.001001001001001001,8.15343680950582e-06,0.00866435617168755,0.0,0.0,0.0,0.0,0.2,0.0,0.0001263508731595079,1.8010573672884674e-05,0.0005806237558062375,3.18302974610494e-05,0.0,0.0,0.0,0.0,0.0,0.0,0.0,0.0,0.0,0.0,0.0,0.0,0.8887129298657692,0.02188837787939893,0.8991864463064605,0.8920152055671791,0.0,0.0,0.0,0.0
0.07407407407407407,6.650646495596905e-05,0.06198347107438016,1.0,0.0,6.614223888472159e-05,0.16,0.39999999999999997,0.0,0.0005015992557417419,0.00024408402441875328,0.0011888962618889626,0.00018406215488345957,0.003403945356529493,0.0015339072182983782,0.0,0.0008789128524102495,0.0,0.0,0.0,0.0,0.0044444444444444444,0.027889151257797656,0.0,0.023622047244094488,0.6823958818353484,0.42441914118369894,0.48952879076142963,0.9525116553741473,0.26666666666666666,0.8844332774281067,0.0,1.0
0.0980980980980981,0.00012805691930223848,0.16808850973073847,0.0,1.0,4.509698105776473e-06,0.9133333333333334,0.15999999999999998,0.0,0.0003220341246776209,0.0005018268110133127,0.00041473125414731257,0.0003473654201184087,0.0016836443974820306,0.0009562462856090175,0.0,0.00047326076668244207,0.0,0.0,0.0,0.0,0.012121212121212121,0.1788654390568817,0.0,0.23622047244094488,0.8772772169014731,0.2460553250541209,0.6738209555602257,0.994957385902727,0.3838383838383838,0.9726386357341998,0.0,1.0
0.12012012012012012,0.0003301342551299906,0.2807251399626766,0.0,0.0,0.0,0.12000000000000001,0.8800000000000001,0.0,0.0005691278520186744,0.0006590795269832911,2.7648750276487504e-05,0.0003625886058606497,0.004289515185299442,0.0014881129401341532,0.0,0.0006084781285917113,0.0,0.0,0.0,0.0,0.596694214876033,0.7342342804798052,0.0,0.2440944881889764,0.8568901643092142,0.257792659214145,0.16782791583257772,0.9950329423988871,0.8760330578512396,0.6590876706570871,0.0,1.0
0.06206206206206206,5.435624539670547e-05,0.06944814716075713,1.0,0.0,1.6535559721180398e-05,0.060000000000000005,0.08000000000000002,0.0,0.000389622089840127,0.0003200776247593082,0.00019354125193541254,0.0001674550431646512,0.004454198469287904,0.0017745700884775528,0.0,0.000811304171455615,0.0,0.0,0.0,0.0,0.009523809523809523,0.041404651678696294,0.0,0.023622047244094488,0.688066986425766,0.6106962397668241,0.36484336356314007,0.9855834729676003,0.2698412698412698,0.8877543780387026,0.0,1.0
0.005005005005005005,3.421246033792638e-05,0.026392961876832842,0.0,0.0,0.0,0.0,0.27999999999999997,0.0,0.0002200084820275521,0.00015303836673052115,0.00044238000442380006,8.580341054717665e-05,0.0017582362378768042,0.0007180536782341423,0.0,0.00020282604286390375,0.0,0.0,0.0,0.0,0.0,0.0,0.0,0.0,0.9218409383794279,0.07969586386968423,0.8979075614913175,0.9547073795466954,0.0,0.0,0.0,0.0
0.05005005005005005,7.082299032570742e-05,0.054385497200746466,1.0,0.0,1.6535559721180398e-05,0.0,0.36000000000000004,0.0,0.0009060547267316795,0.0005403971820175604,0.0011059500110595002,0.0003390618642590045,0.004550729086269375,0.003062783269995378,0.0,0.001757825704820499,0.5686274509803921,0.9905357600247128,0.0,1.0,0.00522875816993464,0.031811218068908936,0.0,0.023622047244094488,0.9015403495704346,0.1861769541868123,0.8068522585920119,0.9991565166383358,0.6470588235294118,0.9557692240748189,0.0,1.0
0.05105105105105105,0.0001112704317532559,0.11010397227406024,0.0,1.0,1.6535559721180398e-05,0.5800000000000001,0.2,0.0,0.0007622719256005821,0.00046063812986071623,0.0007465162574651626,0.0003542850500012455,0.007830913705620536,0.0025462285750336646,0.0,0.0012169562571834225,0.0,0.0,0.0,0.0,0.010256410256410256,0.04269131558934609,0.0,0.031496062992125984,0.7744133133891546,0.2860670745745761,0.6885339563273076,0.98316607490601,0.8076923076923077,0.7882269819968922,0.0,1.0
0.007007007007007007,5.2277918366831435e-05,0.044921354305518524,0.0,0.0,2.4051723230807854e-05,0.0,0.24,0.0,0.0008555767401449758,0.00026961163685231216,0.003234903782349038,0.00028093697324317515,0.011076888298623865,0.0029854618013908938,0.0,0.0010141302143195188,0.125,0.6614378277661477,0.0,1.0,0.016666666666666666,0.041833726886696496,0.0,0.015748031496062992,0.9368255943465691,0.09980088339444447,0.8986793585149897,0.9960023065663046,0.0,0.0,0.0,0.0
0.008008008008008008,1.0711377769350784e-05,0.01053052519328179,0.0,0.0,0.0,0.0,0.6000000000000001,0.0,4.6532704777119695e-05,2.1553312777671505e-05,0.00013824375138243752,1.6607111718808384e-05,0.002109883485452165,0.0007092428699749635,0.0,0.00020282604286390375,0.0,0.0,0.0,0.0,0.014814814814814814,0.056547694757583686,0.0,0.023622047244094488,0.4252929343226386,0.013240680222963005,0.5118404678489572,0.4181026019245069,0.5555555555555556,0.9938079899999066,0.0,1.0
0.036036036036036036,0.0007259756186659987,0.4277525993068515,0.0,1.0,9.019396211552945e-05,0.06666666666666667,0.48000000000000004,0.0,0.0002970170091296971,0.0004052600529800359,0.00022119000221190003,0.0002394191939461542,0.003934647580978362,0.0018320930629405461,0.0,0.0006760868095463458,0.0,0.0,0.0,0.0,0.2009009009009009,0.3537660712867125,0.0,0.14173228346456693,0.9974419540067343,0.006363878205288367,0.9937010828193955,0.9992680798382283,1.0,0.0,1.0,1.0
0.006006006006006006,3.021567758816863e-05,0.028125833111170354,1.0,0.0,4.509698105776473e-06,0.23333333333333334,0.2,0.0,0.00035642582395759,0.00016810962662456788,0.000718867507188675,0.00011486585605509132,0.0,0.0,0.0,0.0,0.0,0.0,0.0,0.0,0.0,0.0,0.0,0.0,0.8957742356390721,0.24997113998782539,0.7806156259217332,0.9859537542679364,0.5714285714285714,0.989743318610787,0.0,1.0
0.04504504504504505,8.61706360847772e-05,0.0667821914156225,1.0,0.0,3.758081754813727e-05,0.26,0.15999999999999998,0.0,0.0007122251848414555,0.00035551974655020625,0.0012994912629949126,0.00025741023164153,0.002889623034423617,0.0011079006738102248,0.0,0.00047326076668244207,0.0,0.0,0.0,0.0,0.10942028985507246,0.1262043476413509,0.0,0.07874015748031496,0.6992975569286628,0.42743932140669094,0.4213113203497505,0.994936054745005,0.6521739130434783,0.9525609695742019,0.0,1.0
0.025025025025025023,0.0008428415462689154,0.05385230605171954,1.0,1.0,0.0002916271441735452,0.4266666666666667,0.15999999999999998,0.0,0.007521662621764711,0.0036866049971398846,0.01692103516921035,0.0025062899435634987,0.019070100733894566,0.00441010234953873,0.0,0.0016902170238658645,0.19230769230769232,0.7882269819968922,0.0,1.0,0.052564102564102565,0.2770920969122033,0.0,0.1653543307086614,0.976974348739752,0.03796604430523763,0.9480881632359184,0.9914545161902266,0.6923076923076923,0.9230769230769229,0.0,1.0
0.5835835835835836,0.0009222975873340996,0.052519328179152225,1.0,0.0,6.764547158664709e-05,0.7533333333333334,0.27999999999999997,0.0,0.000899234465391579,0.0006221363602403213,0.0009400575094005751,0.0007542396572292141,0.004917040109076021,0.001739932583556758,0.0,0.0009465215333648841,0.0,0.0,0.0,0.0,0.3445205479452055,0.6664421539109812,0.0,0.2755905511811024,0.8600067947465968,0.19409863396428786,0.7750327086315618,0.997666951312083,0.1506849315068493,0.7154830058740053,0.0,1.0
0.35235235235235235,7.561912962541672e-05,0.07318048520394561,1.0,0.0,5.561960997124316e-05,0.3066666666666667,0.24,0.0,0.00033909295144398386,0.00038481761346079564,0.00013824375138243752,0.00032660653046989816,0.0024206878515810955,0.0019239891576185466,0.0,0.0021634777905483065,0.0,0.0,0.0,0.0,0.032011331444759206,0.08147259979837554,0.0,0.03937007874015748,0.6753983706978577,0.46048990121216354,0.439306060450499,0.9922807354242407,0.8073654390934845,0.7887369316847527,0.0,1.0
0.09509509509509509,8.920819097459309e-05,0.08211143695014662,1.0,0.0,7.666486779820004e-05,0.05333333333333334,0.12,0.0,0.0007537120212214844,0.0006376050412478776,0.00047002875470028755,0.0003778117916028907,0.0027032882157355864,0.0012425792572209186,0.0,0.0005408694476370766,0.0,0.0,0.0,0.0,0.036458333333333336,0.11490896961279017,0.0,0.08661417322834646,0.5989424824094529,0.4710627013795389,0.4208472180483538,0.9330653741520596,0.46875,0.998044963916957,0.0,1.0
0.4574574574574575,0.0003119089257910952,0.25513196480938416,1.0,1.0,1.0522628913478436e-05,0.9666666666666667,0.52,0.3333333333333333,9.267916450150579e-05,0.00033135339371979195,0.0,0.000750087879299512,0.0034181955157325463,0.002381965547664352,0.0,0.00162260834291123,0.0,0.0,0.0,0.0,0.09788937409024745,0.16338729707166555,0.0,0.08661417322834646,0.825436446510535,0.4592445121693005,0.3923968769629438,0.9977997211687759,0.0,0.0,0.0,0.0
0.030030030030030033,0.00011031120389331404,0.08424420154625432,0.0,0.0,7.967133320205101e-05,0.32666666666666666,0.27999999999999997,0.0,0.0011113909589795168,0.0005185390952268673,0.000718867507188675,0.0003985706812514012,0.007078318789904037,0.002054740632540934,0.0,0.0006760868095463458,0.0,0.0,0.0,0.0,0.00967741935483871,0.02685421464491125,0.0,0.007874015748031496,0.7481491746267572,0.5848325112548117,0.2863267757293073,0.9999264407061075,0.7096774193548387,0.9078224051271154,0.0,1.0
0.05905905905905906,0.011754378195727567,0.35470541189016264,1.0,0.0,8.2677798605902e-05,0.7266666666666667,0.39999999999999997,0.0,0.011076084000665233,0.052346706366796114,0.0015759787657597876,0.059612611440639264,0.2682716851752428,0.4429845090265658,0.0,0.33817862213508215,0.0,0.0,0.0,0.0,0.14777777777777779,0.5118286153370873,0.0,0.23622047244094488,0.9684431629453654,0.02980863149692159,0.9610448164743932,0.9869679543293683,0.0,0.0,0.0,0.0
0.23823823823823823,0.00024172542070534904,0.17182084777392695,0.0,1.0,4.058728295198825e-05,0.9,0.8400000000000001,0.0,0.00048325411250896646,0.001847893164848877,2.7648750276487504e-05,0.003166422634386132,0.005014283764589246,0.0018669772776293652,0.0,0.0011493475762287878,0.0,0.0,0.0,0.0,0.35383542538354257,0.30255404507500305,0.0,0.22834645669291337,0.6937239593072233,0.5852659061360874,0.1796725311080305,0.9945363497271105,0.5313807531380753,0.9980285533640552,0.0,1.0
0.05405405405405406,0.0005232587975982853,0.3617701946147694,0.0,0.0,0.0001488200374906236,0.0,0.15999999999999998,0.5,0.0016436568027687042,0.0033380450752962727,0.003566688785666888,0.003978787182631175,0.01668726029403076,0.008485995845310488,0.0,0.005543911838280035,0.0,0.0,0.0,0.0,0.9981818181818182,0.023713573234162413,0.9,0.23622047244094488,0.9737454689522167,0.008004351451920473,0.9727735866350384,0.9770054477297174,0.0,0.0,0.0,0.0
0.022022022022022025,2.957619234820739e-05,0.03345774460143962,0.0,1.0,3.0064654038509817e-06,0.0,0.2,0.0,0.0014671113895322538,0.0022187879242731544,0.0,0.0010960693734413534,0.0007338725166790139,0.000582151458937566,0.0,0.00020282604286390375,0.0,0.0,0.0,0.0,0.0014492753623188406,0.012064937014380418,0.0,0.007874015748031496,0.7666372019855832,0.32189329601461597,0.703602922373376,0.9962406480160864,0.043478260869565216,0.4078622399846461,0.0,1.0
0.01001001001001001,0.00028760848667256804,0.0769128232471341,0.0,0.0,9.019396211552946e-06,0.6466666666666667,0.15999999999999998,0.0,0.0029223859930120667,0.002287917371651264,0.006939836319398363,0.0013507117531297486,0.031264637102609356,0.009340079469381802,0.023809523809523808,0.0031099993239131906,0.0,0.0,0.0,0.0,1.0,0.0,1.0,0.23622047244094488,0.9774709156379897,1.813399013592576e-06,0.9810667257772376,0.9747162596786039,0.0,0.0,0.0,0.0
0.6716716716716716,1.0000000000000002,0.08717675286590243,0.0,0.0,1.0,0.0,0.32,0.16666666666666666,0.9999999999999999,1.0,1.0,1.0,1.0,0.9999999999999999,0.0,1.0,0.6755952380952381,0.9363040368561415,0.0,1.0,0.014732142857142857,0.08452638243554801,0.0,0.14173228346456693,0.7814988067247155,0.3101178384263326,0.6462370108142634,0.9986965531748959,0.013392857142857142,0.2298998783854238,0.0,1.0
0.13213213213213212,7.450003045548455e-05,0.06664889362836576,0.0,0.0,6.614223888472159e-05,0.16666666666666669,0.2,0.0,0.0006811094065492038,0.0003264229579905018,0.001050652510506525,0.0003086154927745225,0.00421976697090433,0.001722854712801959,0.0,0.0007436954905009804,0.0,0.0,0.0,0.0,0.005513784461152882,0.030933784787317925,0.0,0.023622047244094488,0.5697309528293957,0.4103892674949843,0.42888954447542016,0.9975842100753001,0.15037593984962405,0.7148790570829903,0.0,1.0
0.08608608608608607,4.012769880756786e-05,0.03239136230338576,0.0,0.0,3.156788674043531e-05,0.29333333333333333,0.24,0.0,0.00036194320886881497,0.00021464536476767593,0.00044238000442380006,0.00015223185742241019,0.009336840711483718,0.0037325207942268375,0.0,0.0021634777905483065,0.0,0.0,0.0,0.0,0.06590038314176246,0.10304954322593901,0.0,0.07086614173228346,0.7947744247280442,0.41176603021870045,0.3005937497983009,0.9986184651600167,0.05747126436781609,0.46548176393831225,0.0,1.0
1.0,0.0001768176688492831,0.24913356438283124,1.0,1.0,2.5554955932733344e-05,0.8200000000000001,0.39999999999999997,0.3333333333333333,0.0003939007298823668,0.00027628529840711686,0.00022119000221190003,0.0002477227498055584,0.0024242561247845374,0.001440709379572037,0.0,0.002095869109593672,0.0,0.0,0.0,0.0,0.018866666666666664,0.1746992062260201,0.0,0.2204724409448819,0.718802063057363,0.35151920909726014,0.550495706957677,0.9984135522074036,0.128,0.6681796165702751,0.0,1.0
0.13113113113113112,0.032481054050731324,0.1061050386563583,1.0,0.0,4.509698105776473e-06,0.9733333333333334,0.52,0.0,0.013053690306004536,0.010057075718112818,0.0010230037602300375,0.007601905389284538,0.0037562319627368087,0.0013792102355603738,0.0,0.0006760868095463458,0.0,0.0,0.0,0.0,0.7699494949494949,0.4511429160448554,0.0,0.2440944881889764,0.9567100857913511,0.07227120200070739,0.9071697251998785,0.997360943611981,0.9393939393939394,0.4772125984249582,0.0,1.0
0.1111111111111111,0.00011334875878312994,0.07957877899226873,1.0,0.0,7.516163509627454e-05,0.02,0.32,0.0,0.0007364529515460588,0.0005847273375756517,0.0005253262552532625,0.0003736600136731886,0.007968577806663088,0.0023800787240986295,0.0,0.001284564938138057,0.0,0.0,0.0,0.0,0.005952380952380952,0.028738850121309775,0.0,0.023622047244094488,0.6506214472513827,0.43979553992471776,0.46693112487227406,0.9864964382180084,0.3482142857142857,0.952808683711007,0.0,1.0
0.2212212212212212,0.00019903978093793623,0.10517195414556119,1.0,1.0,0.00010221982373093338,0.09333333333333334,0.24,0.0,0.001083020681212587,0.0009245904462550218,0.0007741650077416501,0.0007985252884793697,0.007108976788820808,0.006014347841947339,0.0,0.006219998647826381,0.0,0.0,0.0,0.0,0.48543543543543544,0.43082567506107405,0.0,0.22834645669291337,0.611879916477573,0.40583508642091304,0.252327034469622,0.9824931526179643,0.9279279279279279,0.5172144178164801,0.0,1.0
0.005005005005005005,0.0001298155037121319,0.24366835510530524,0.0,1.0,0.0,0.49333333333333335,0.39999999999999997,0.0,0.0007877473893926035,0.0007295656471679812,0.0017418712674187127,0.00041932957089991173,0.016527420636041956,0.00275830743577128,0.03571428571428571,0.0010141302143195188,0.0,0.0,0.0,0.0,0.2388888888888889,0.19447559320369845,0.0,0.07086614173228346,0.9215830306325348,0.002029309708015748,0.9329908680507089,0.9178672510905876,0.0,0.0,0.0,0.0
0.043043043043043044,4.3964610247335304e-05,0.052785923753665684,1.0,0.0,5.8626075375094144e-05,0.0,0.2,0.0,0.0005231887828993653,0.0002953672931629321,0.00041473125414731257,0.0001923657107428638,0.005034949226647212,0.0017107202008481894,0.0,0.000811304171455615,0.0,0.0,0.0,0.0,0.011363636363636362,0.045378563121464995,0.0,0.031496062992125984,0.8510384936082884,0.3155509797899944,0.583574069455425,0.9734480051137089,0.3409090909090909,0.9480297097551912,0.0,1.0
0.015015015015015015,0.0037675272912316505,0.17088776326312982,1.0,1.0,4.509698105776473e-06,0.7533333333333334,0.15999999999999998,0.0,0.006635433996693647,0.0026293451558562224,0.007852245078522451,0.0023872723095787053,0.03283506174234932,0.0055021882682611874,0.047619047619047616,0.0021634777905483065,0.0,0.0,0.0,0.0,0.025,0.07685346368351693,0.0,0.03937007874015748,0.9627419476230363,0.052062724026455814,0.9392937701377866,0.9943059192733221,0.0,0.0,0.0,0.0
0.07107107107107107,3.5651302127839173e-05,0.04052252732604639,0.0,0.0,2.2548490528882363e-05,0.0,0.12,0.0,0.0001475928050677241,0.0001331392397737284,0.00019354125193541254,8.857126250031138e-05,0.0018461480497706443,0.0011758120625401556,0.0,0.000811304171455615,0.0,0.0,0.0,0.0,0.12777777777777777,0.15370692736703387,0.0,0.10236220472440945,0.5954765526792682,0.4058016827305229,0.42387512221663837,0.9697510280909922,0.8333333333333334,0.7453559924999299,0.0,1.0
0.1961961961961962,4.7481779067122136e-05,0.0985070647827246,0.0,0.0,0.00031868533280820404,0.0,0.15999999999999998,0.0,0.00019504651635875994,0.0002241582432716967,0.00011059500110595002,0.00015223185742241019,0.005301483884765592,0.003384739185627177,0.0,0.003515651409640998,0.0,0.0,0.0,0.0,0.03417935702199661,0.0906858255760206,0.0,0.07086614173228346,0.4563048052741676,0.537521679531338,0.293694762268057,0.9972890547054396,0.41116751269035534,0.9840910307453915,0.0,1.0
0.09209209209209208,0.0009462782838326461,0.21367635297254065,1.0,1.0,1.3529094317329417e-05,0.8600000000000001,0.2,0.3333333333333333,0.0018656352743598157,0.002314492328277965,0.001161247511612475,0.0015209346482475345,0.014791871317363564,0.0035459781737288442,0.0,0.0016902170238658645,0.010752688172043012,0.20627232358334283,0.0,1.0,0.03189964157706093,0.2369514939015635,0.0,0.19685039370078738,0.869078910278807,0.2624509758650915,0.6679429652324798,0.9981815914298009,0.8494623655913979,0.7151952321856296,0.0,1.0
0.08408408408408408,7.338093128555238e-05,0.07971207677952545,1.0,0.0,3.6077584846211784e-05,0.54,0.15999999999999998,0.0,0.0004865549698490994,0.000283853311179055,0.0007465162574651626,0.0002740173433603383,0.0034254578940282206,0.0017575316232360503,0.0,0.0012169562571834225,0.0,0.0,0.0,0.0,0.0196078431372549,0.0843019626836414,0.0,0.047244094488188976,0.8294371217013632,0.35089352320031997,0.4885211370858018,0.9981084990143598,0.3764705882352941,0.9690004838576001,0.0,1.0
0.03203203203203203,2.941632103821708e-05,0.029058917621967474,0.0,1.0,6.914870428857258e-05,0.09333333333333334,0.39999999999999997,0.0,7.298271365456799e-05,8.412019380994055e-05,5.529750055297501e-05,5.120526113299252e-05,0.00031967931597760076,0.00029264149281523524,0.0,0.00013521736190926916,0.0,0.0,0.0,0.0,0.04343434343434343,0.13066421025819466,0.0,0.07874015748031496,0.34988942595098216,0.3766528538395371,0.26739666325967004,0.5679542183554931,0.42424242424242425,0.9884549351697024,0.0,1.0
0.2272272272272272,0.0023600202780769595,0.7370034657424687,0.0,0.0,0.0003953502006064041,0.9933333333333334,0.56,0.0,0.0023251703247639415,0.0020339629248142415,0.0013271400132714001,0.0016759343576230794,0.010845541425219023,0.002800401819234635,0.011904761904761904,0.0014873909810019608,0.0,0.0,0.0,0.0,0.12002923976608187,0.3319219068346163,0.0,0.23622047244094488,0.9282101239215734,0.11070731836726999,0.8867836106419471,0.9983177072487317,0.0,0.0,0.0,0.0
0.15715715715715714,6.26695535162016e-05,0.03265795787789923,1.0,1.0,0.0,0.7133333333333334,0.27999999999999997,0.0,4.176202923731893e-05,5.738483202456366e-05,0.0,3.0446371484482037e-05,0.0003739034024851938,0.00042499988790176065,0.0,0.0002704347238185383,0.0,0.0,0.0,0.0,0.1341772151898734,0.2878345563877925,0.0,0.13385826771653542,0.9800898183328277,0.07395329045518675,0.9405645247306103,0.9987909093100589,0.0,0.0,0.0,0.0
0.035035035035035036,4.508370941726747e-05,0.03345774460143962,0.0,0.0,2.8561421336584325e-05,0.0,0.32,0.0,0.00029419431997973147,0.00034146603577029576,5.529750055297501e-05,0.00020620497050853742,0.005040277215246839,0.004675835990139364,0.0,0.0028395646000946525,0.0,0.0,0.0,0.0,0.01574074074074074,0.05120927989028167,0.0,0.023622047244094488,0.46191317291490197,0.61545865272948,0.24842458685437308,0.9940620842204213,0.6388888888888888,0.9606453592105879,0.0,1.0
0.5785785785785786,0.0005689819922555141,0.2628632364702746,1.0,0.0,0.0001668588299137295,0.33333333333333337,0.27999999999999997,0.0,0.00045127338695480384,0.0008914953285619645,0.00011059500110595002,0.0010517837421911978,0.005804912594689635,0.002758558278116844,0.0,0.0020282604286390375,0.0,0.0,0.0,0.0,0.05325273459988486,0.16207237188717274,0.0,0.08661417322834646,0.436125147790718,0.6512727136107855,0.1659828197089297,0.9917582154357598,0.5751295336787565,0.9886466571413927,0.0,1.0
0.004004004004004004,5.9951741246366325e-05,0.05131964809384164,1.0,1.0,0.0,0.02666666666666667,0.24,0.0,0.0006964070821872739,0.0003408521885564148,0.0014653837646538377,0.00022142815625077845,0.0050637203650851954,0.0014493565032098587,0.0,0.0003380434047731729,0.0,0.0,0.0,0.0,0.0,0.0,0.0,0.0,0.8076499615871011,0.46867395419901414,0.5512257595532501,0.997636329273166,0.6,0.9797958971132713,0.0,1.0
0.055055055055055056,4.0927055357519414e-05,0.02252732604638763,1.0,0.0,0.0,0.10666666666666667,0.12,0.0,0.00048149804316392146,0.00017982345419593972,0.0007465162574651626,0.00018129430293032487,0.004295119952527621,0.002514234381411728,0.0,0.0013521736190926915,0.0,0.0,0.0,0.0,0.0,0.0,0.0,0.0,0.6250387395247197,0.41906283731088156,0.3520695854499678,0.9628661583096951,0.8571428571428571,0.6998542122237652,0.0,1.0
0.21521521521521522,0.0006922427722580432,0.17781924820047987,0.0,0.0,3.457435214428629e-05,0.7000000000000001,0.36000000000000004,0.0,0.0003543261524774849,0.0004152802140098843,0.00013824375138243752,0.00047607053593917367,0.006280810560859916,0.001969604322403862,0.0,0.0009465215333648841,0.0,0.0,0.0,0.0,0.11527777777777778,0.10322950299989374,0.0,0.08661417322834646,0.7666731320136826,0.3031233725468682,0.6428670505479603,0.9953373108368675,0.3101851851851852,0.9251385541135284,0.0,1.0
1.0,0.001154910343370001,0.9817382031458277,1.0,1.0,0.0008914169922418161,0.7000000000000001,0.15999999999999998,0.0,0.0013111872133054299,0.0027313857344464145,0.00027648750276487504,0.0022059780066483806,0.007513295091695159,0.002578880719569485,0.0,0.0031099993239131906,0.0,0.0,0.0,0.0,0.28833333333333333,0.40134877287908893,0.0,0.23622047244094488,0.7167272806274196,0.4120619069568695,0.49106240565739157,0.9984772188656512,0.015,0.24310491562286435,0.0,1.0
0.14614614614614613,0.002144513752210021,0.19768061850173285,1.0,1.0,9.169719481745495e-05,0.8733333333333334,0.6799999999999999,0.0,0.0015284366087784471,0.0019294371380035155,0.0007741650077416501,0.0011708013761759911,0.014439066573910734,0.005676132151285731,0.0,0.0031099993239131906,0.0,0.0,0.0,0.0,0.7,0.7087670693713649,0.0,0.23622047244094488,0.8056494574072861,0.28606585830337994,0.6157985855363401,0.9972409714124142,0.20408163265306123,0.806057863597204,0.0,1.0
0.16316316316316315,0.0002573928090843994,0.15102639296187684,1.0,0.0,2.1045257826956873e-05,0.35333333333333333,0.03999999999999998,0.0,0.0007222435827377218,0.0003748481724367786,0.001050652510506525,0.00037504393964975604,0.018525806213726327,0.0050929342324275454,0.0,0.002231086471502941,0.0,0.0,0.0,0.0,0.7217479674796747,0.47901363907071515,0.0,0.25196850393700787,0.8958000516150131,0.18938861053523415,0.7412189367095161,0.9973069154000003,0.725609756097561,0.8924129939744243,0.0,1.0
0.07607607607607607,5.771354290650199e-05,0.073980271927486,1.0,0.0,2.7058188634658835e-05,0.2,0.2,0.0,0.0003746331941646325,0.0003304795248320442,0.00033178500331785003,0.0002228120822273458,0.005726826603370162,0.002028295565001712,0.0,0.0010817388952741533,0.0,0.0,0.0,0.0,0.023376623376623377,0.07631701668605596,0.0,0.05511811023622047,0.5122312888214209,0.56335580251891,0.23759014114889077,0.9922944720258071,0.16883116883116883,0.7492054598366731,0.0,1.0
0.036036036036036036,5.3876631466734544e-05,0.04052252732604639,0.0,0.0,0.00017437499342335693,0.0,0.36000000000000004,0.0,0.00034524193562402583,0.00041139816207754615,5.529750055297501e-05,0.0002200442302742111,0.0025090506313485204,0.0012301484311126236,0.0,0.0004056520857278075,0.0,0.0,0.0,0.0,0.09009009009009009,0.10553190214144213,0.0,0.05511811023622047,0.5396109936516424,0.5831755311338477,0.24611208315203026,0.8981875565801563,0.2972972972972973,0.914137001366906,0.0,1.0
0.06406406406406406,7.018350508574618e-05,0.04718741668888296,1.0,0.0,9.169719481745495e-05,0.03333333333333333,0.27999999999999997,0.0,0.0007943576409304751,0.00024348333729336561,0.001050652510506525,0.00031138334472765716,0.006881466137167061,0.0022057663090391914,0.0,0.0011493475762287878,0.015384615384615385,0.24615384615384617,0.0,1.0,0.014358974358974359,0.04399107928621852,0.0,0.023622047244094488,0.7997148574136865,0.299934646396679,0.5329695563994088,0.9895296178326491,0.38461538461538464,0.9730085108210399,0.0,1.0
0.002002002002002002,2.5739280908439944e-05,0.02505998400426553,0.0,0.0,3.0064654038509817e-06,0.09333333333333334,0.27999999999999997,0.0,0.0004140824962798912,4.180971053512797e-05,0.0018801150188011502,0.00010656230019568713,0.007736239446657938,0.0020799083773206883,0.011904761904761904,0.0005408694476370766,0.0,0.0,0.0,0.0,0.02222222222222222,0.05577830251559532,0.0,0.015748031496062992,0.9492449971500916,0.08673509741336238,0.9243114589223405,0.9914677081002674,0.6666666666666666,0.9428090415820634,0.0,1.0
0.2542542542542543,0.0012009532806472104,0.6843508397760597,1.0,1.0,0.0,0.52,0.36000000000000004,0.0,0.0029961699519251467,0.004566808502423052,8.294625082946251e-05,0.0032549938968864434,0.005336764110261358,0.0019498812570770822,0.0,0.002433912514366845,0.0,0.0,0.0,0.0,0.07176470588235294,0.18304526276877775,0.0,0.11023622047244094,0.8346986134624146,0.2319124144236801,0.6011801925276323,0.9922786552213596,0.00784313725490196,0.17642700986983517,0.0,1.0
0.06706706706706705,5.307727491678299e-05,0.04505465209277526,0.0,0.0,1.8038792423105892e-05,0.2866666666666667,0.12,0.0,0.0003071344808168667,0.00020310723380114723,0.00047002875470028755,0.00017714252500062276,0.002078855787136692,0.0009824800802791802,0.0,0.0003380434047731729,0.0,0.0,0.0,0.0,0.1338235294117647,0.2640914792153288,0.0,0.12598425196850394,0.633864173198111,0.2894848028325344,0.5103655754466034,0.9959336702463117,0.7205882352941176,0.8974203707289622,0.0,1.0
0.025025025025025023,3.197426199806204e-05,0.04105571847507331,0.0,0.0,1.5032327019254909e-06,0.0,0.2,0.0,0.00013214412731629412,0.00012380222574835927,0.00019354125193541254,8.303555859404192e-05,0.0009737923779009992,0.0008598593576852214,0.0,0.0004056520857278075,0.0,0.0,0.0,0.0,0.06923076923076923,0.07856087905475001,0.0,0.047244094488188976,0.6010053724936384,0.15821290065619753,0.5771333419484419,0.708204323793507,0.19230769230769232,0.7882269819968922,0.0,1.0
0.002002002002002002,0.00035363533769856614,0.0022660623833644362,0.0,1.0,0.0,0.45333333333333337,0.32,0.16666666666666666,0.0012038961463217486,0.0004013166447322,0.004036717540367176,0.0003321422343761677,0.01687906788361732,0.0033417308328393494,0.011904761904761904,0.000811304171455615,0.0,0.0,0.0,0.0,0.7333333333333333,0.0,0.7333333333333333,0.1732283464566929,0.9971833495942741,0.003253167385699885,0.9961710283191723,0.9964606774554694,1.0,0.0,1.0,1.0
0.002002002002002002,2.8457093178275217e-05,0.03332444681418288,0.0,0.0,5.411637726931767e-05,0.0,0.24,0.16666666666666666,0.0003426323616795275,6.831894884487648e-05,0.0014930325149303252,9.549089238314821e-05,0.002109883485452165,0.0005493771647658772,0.0,0.00013521736190926916,0.0,0.0,0.0,0.0,0.02222222222222222,0.05577830251559532,0.0,0.015748031496062992,0.7166243706551461,0.1350856821700434,0.7266290163641234,0.7833978167694946,0.3333333333333333,0.9428090415820634,0.0,1.0
0.32632632632632635,0.000843640902818867,0.7207411356971474,1.0,1.0,3.9084050250062765e-05,0.9533333333333334,0.24,0.0,0.0028552393266093492,0.004399970900298249,0.0013271400132714001,0.003303431306066301,0.01854374659690985,0.0037116200113459434,0.0,0.002231086471502941,0.0,0.0,0.0,0.0,0.988481141692151,0.0517243663072276,0.7333333333333333,0.23622047244094488,0.8434349207489671,0.15157776587191046,0.7945108977082063,0.9973833849029115,0.9327217125382263,0.5010066646182848,0.0,1.0
0.01901901901901902,0.00010887236210340124,0.08997600639829378,1.0,0.0,1.2025861615403927e-05,0.13333333333333333,0.08000000000000002,0.0,0.0008253069871757677,0.0003266856309702654,0.0016036275160362752,0.000272633417383771,0.0020043893111795566,0.0010947985603188594,0.0,0.0004056520857278075,0.0,0.0,0.0,0.0,0.016666666666666666,0.043875582910700844,0.0,0.015748031496062992,0.811057876421792,0.3742197676943712,0.514595275063467,0.9479065167615408,0.8,0.8,0.0,1.0
0.18118118118118118,0.00011398824402309117,0.09837376699546788,1.0,0.0,4.2090515653913746e-05,0.23333333333333334,0.32,0.0,0.0003432159312374455,0.00035229856339118214,0.00013824375138243752,0.00028508875117287723,0.004602328262222579,0.00278898144242767,0.0,0.003042390642958556,0.0,0.0,0.0,0.0,0.13846153846153847,0.3003156988595236,0.0,0.2125984251968504,0.5083337394084868,0.5788261547058825,0.24792779903302797,0.9882874928984551,0.5164835164835165,0.9994564396397427,0.0,1.0
0.1101101101101101,0.0007285335596258436,0.05011996800853106,1.0,0.0,0.00010372305643285887,0.7066666666666667,0.24,0.3333333333333333,0.0013704913469385204,0.0007105459846786442,0.0029860650298606504,0.0006490612830100943,0.009713067216811318,0.003675670104341208,0.0,0.00162260834291123,0.46846846846846846,0.9980095440811697,0.0,1.0,0.02132132132132132,0.1539463109846626,0.0,0.13385826771653542,0.9148461495425622,0.1222966405494264,0.8384370536596064,0.9958981926714925,0.9819819819819819,0.26603284793213333,0.0,1.0
0.19019019019019018,0.00013988739624152144,0.07131431618235137,0.0,0.0,0.00010522628913478436,0.0,0.32,0.0,0.00046976042061047023,0.0004698428179090722,0.00016589250165892502,0.0002837048251963099,0.003380232180881479,0.001495650567440607,0.0,0.0010141302143195188,0.0,0.0,0.0,0.0,0.01675392670157068,0.057711254768149235,0.0,0.06299212598425197,0.622297344975002,0.8113222648010059,0.009980113839237248,0.9922840865740179,0.6178010471204188,0.971849604202899,0.0,1.0
0.06206206206206206,0.00017649792622930247,0.012663289789389496,1.0,0.0,1.6535559721180398e-05,0.62,0.27999999999999997,0.0,0.0007076993299722478,0.0013323044394769566,0.00016589250165892502,0.000939685738089241,0.0030810996930412567,0.0012037766815842438,0.0,0.0005408694476370766,0.0,0.0,0.0,0.0,0.020634920634920634,0.11325123276053796,0.0,0.08661417322834646,0.9744150079963765,0.028192571432940395,0.9656556065432689,0.9954456110751329,0.25396825396825395,0.8705593143366404,0.0,1.0
0.12012012012012012,0.0002490795009649033,0.2825913089842709,1.0,0.0,4.509698105776473e-06,0.04,0.08000000000000002,0.0,0.0003636827810536351,0.0003264871256052696,0.0006635700066357001,0.00029062445507914674,0.002632995093415512,0.0010814130974154486,0.0,0.0006084781285917113,0.0,0.0,0.0,0.0,0.35399449035812675,0.08580317130364465,0.23333333333333334,0.11023622047244094,0.8893545432876939,0.16586674385347872,0.8361745596892574,0.9968037708672819,0.0,0.0,0.0,0.0
0.40240240240240244,3.261374723802328e-05,0.040655825113303116,0.0,0.0,5.261314456739218e-05,0.060000000000000005,0.2,0.0,0.00011117053472385959,0.00011471941759891164,2.7648750276487504e-05,0.00012870511582076496,0.0007486683335475424,0.0005590975512909638,0.0,0.0004056520857278075,0.0,0.0,0.0,0.0,0.0445822994210091,0.07315030187518258,0.0,0.05511811023622047,0.6580921196021912,0.5163318313539909,0.3717350102540209,0.9936213924619741,0.456575682382134,0.9962215188188271,0.0,1.0
0.025025025025025023,0.00014340456506130826,0.09584110903758997,1.0,0.0,1.0522628913478436e-05,0.3666666666666667,0.12,0.0,0.0007246157735814715,0.00037510483245642505,0.0011059500110595002,0.0002989280109385509,0.003245974593003331,0.0011688478140878132,0.0,0.00047326076668244207,0.0,0.0,0.0,0.0,0.005128205128205128,0.0355437397044597,0.0,0.023622047244094488,0.7975613113211804,0.3324359571439964,0.5436471850597444,0.9883489081650554,0.5,1.0,0.0,1.0
0.02102102102102102,0.0001207028390426842,0.06998133830978405,0.0,0.0,2.1045257826956873e-05,0.04,0.15999999999999998,0.0,0.0009308232117495971,0.0008887459359012101,0.0020736562707365626,0.0006670523207054701,0.005562420098010253,0.0021136141681662637,0.0,0.0009465215333648841,0.0,0.0,0.0,0.0,0.022727272727272724,0.041399304658375845,0.0,0.015748031496062992,0.9495164496147366,0.05988658311865758,0.9319261255242752,0.9913783994399248,0.3181818181818182,0.9315409787235999,0.0,1.0
0.11211211211211211,0.0005470796227868415,0.4738736336976806,0.0,1.0,1.5032327019254908e-05,0.9066666666666667,0.12,0.0,0.004033516293892571,0.004212477508729807,0.0033731475337314756,0.00295744981192446,0.024478382738299012,0.00931573361068356,0.0,0.005814346562098574,0.0,0.0,0.0,0.0,0.6050147492625368,0.5860011075728998,0.0,0.25196850393700787,0.5481983682186655,0.12204824339645934,0.5846686354609281,0.8911267203102744,0.35398230088495575,0.9564075105207996,0.0,1.0
0.2182182182182182,9.384445896431209e-05,0.06598240469208211,0.0,1.0,0.00017738145882720792,0.22,0.2,0.0,0.00023552329281730154,0.0003868100379457704,0.0,0.00024633882382899105,0.0029191538634338174,0.0013160105869098825,0.0,0.0006760868095463458,0.0,0.0,0.0,0.0,0.0182648401826484,0.0568538769716387,0.0,0.05511811023622047,0.3921530871165757,0.5829563693082189,0.17798840578797304,0.9883227577842009,0.2602739726027397,0.8775680755094228,0.0,1.0
1.0,0.0008209391768002429,0.13396427619301518,0.0,1.0,6.012930807701963e-06,0.6866666666666668,0.24,0.16666666666666666,0.004315041632886507,0.014513945617746833,0.0,0.014621177942434213,0.0018482579332560964,0.00085391239253702,0.0,0.0006760868095463458,0.0,0.0,0.0,0.0,0.6517,0.3343632373930949,0.0,0.23622047244094488,0.6958615638611914,0.3163184038183319,0.6274652983769853,0.9938382575029605,0.144,0.7021794642397341,0.0,1.0
0.13613613613613612,6.298929613618222e-05,0.05305251932817915,0.0,0.0,0.00014431033938484714,0.0,0.03999999999999998,0.0,0.00019874540685598996,0.00033381792989297873,0.0,0.0002477227498055584,0.0034651371111440667,0.001416837225464007,0.0,0.0007436954905009804,0.0,0.0,0.0,0.0,0.046228710462287104,0.1308818665973433,0.0,0.15748031496062992,0.35489143874361684,0.6459532844355164,0.10554302559030493,0.9864379331604249,0.3284671532846715,0.9393114126800242,0.0,1.0
0.05905905905905906,0.0005481987219567737,0.269128232471341,1.0,0.0,1.6535559721180398e-05,0.8,0.6000000000000001,0.0,0.0030269366752264317,0.001457654796724111,0.005170316301703164,0.0013022743439498909,0.010268099629200535,0.003295041924286429,0.0,0.00162260834291123,0.05,0.4358898943540673,0.0,1.0,0.1827777777777778,0.24092054250493314,0.0,0.14173228346456693,0.9275217359458257,0.10498898169070682,0.8874107606261568,0.9957811410560202,0.016666666666666666,0.25603819159562025,0.0,1.0
0.6976976976976977,0.0004903253077402814,0.3459077579312183,0.0,1.0,0.00015633620100025106,0.4266666666666667,0.24,0.0,0.0004183209229122677,0.00025963883920214194,0.00019354125193541254,0.0002587941576180973,0.004621793480309972,0.0013339927746098775,0.0,0.0014197823000473263,0.0,0.0,0.0,0.0,0.04321872015281757,0.2727327535015879,0.0,0.25196850393700787,0.9667999518043056,0.07317084320683705,0.8554852053994075,0.9989505661780518,0.0014326647564469914,0.07564686981343315,0.0,1.0
0.08708708708708708,0.00048488968320061084,0.5225273260463876,0.0,0.0,1.9542025125031382e-05,0.0,0.32,0.0,0.0008877688001752994,0.0012567808204032892,0.0006635700066357001,0.0007210254337915973,0.011028936401227226,0.004202817658360258,0.0,0.0020282604286390375,0.0,0.0,0.0,0.0,0.2984848484848485,0.5220392217802603,0.0,0.26771653543307083,0.93059730970492,0.09665581675581539,0.9062504233171635,0.9977570432907177,0.8181818181818182,0.77138921583987,0.0,1.0
0.6716716716716716,0.0074348152710993765,0.8143161823513729,1.0,1.0,0.013473474707358175,0.88,0.48000000000000004,0.0,0.0024135827881078278,0.002220356279563842,0.0019907100199071004,0.0036203503547002276,0.013092580557046917,0.004793272242451498,0.0,0.00649043337164492,0.0,0.0,0.0,0.0,0.05148809523809524,0.2653332180732681,0.0,0.23622047244094488,0.9228382966088313,0.10797333085968544,0.8738295914941929,0.9983732657845286,0.005952380952380952,0.15384342837285817,0.0,1.0
0.2522522522522523,0.0017510704583238678,0.5395894428152492,1.0,1.0,0.00030665947119280014,0.9600000000000001,0.12,0.0,0.0037592478889332793,0.004611954251780444,0.0005529750055297501,0.003643877096301873,0.01034093091684065,0.007053393753871293,0.0,0.006693259414508823,0.0,0.0,0.0,0.0,0.1458498023715415,0.5207437218292881,0.0,0.22834645669291337,0.8807470883792297,0.2841655381684295,0.4821146485368839,0.9959150106708448,0.3557312252964427,0.9574685804673367,0.0,1.0
0.0,5.94721273163954e-05,0.03452412689949347,0.0,0.0,0.0,0.7533333333333334,0.24,0.0,1.0485790023783093e-05,0.0,8.294625082946251e-05,1.3839259765673653e-06,0.0,0.0,0.0,0.0,0.0,0.0,0.0,0.0,0.0,0.0,0.0,0.0,1.0,0.0,1.0,0.9979809945091,1.0,0.0,1.0,1.0
0.008008008008008008,9.991956874394387e-05,0.09264196214342842,1.0,0.0,7.516163509627454e-06,0.05333333333333334,0.27999999999999997,0.0,0.001191022248195557,0.00046035286588637104,0.004119663791196638,0.0004414723865249896,0.002578746482219313,0.0008257596148090248,0.0,0.00020282604286390375,0.0,0.0,0.0,0.0,0.040740740740740744,0.07260707819084194,0.0,0.023622047244094488,0.8513345706956574,0.1710308195292613,0.814778541503208,0.9796458010023246,1.0,0.0,1.0,1.0
0.5395395395395396,0.0005670635365356303,0.15409224206878167,1.0,1.0,6.313577348087062e-05,0.9666666666666667,0.08000000000000002,0.0,0.00031038324687341745,0.0006947687357959346,0.00024883875248838755,0.0018503090306705675,0.008365297300653862,0.0034240508701895976,0.0,0.0033128253667770945,0.0,0.0,0.0,0.0,0.5885185185185184,0.6244509747265282,0.0,0.25984251968503935,0.8616246973161896,0.2478350243824573,0.7076980807411362,0.9990926580411701,0.08888888888888889,0.5691665988829199,0.0,1.0
0.6476476476476477,0.00010599467852357567,0.08744334844041589,0.0,0.0,3.9084050250062765e-05,0.26666666666666666,0.24,0.0,0.00021726383846870428,0.000865092019888226,0.0,0.0012164709334027142,0.002835969931834623,0.001426897272533542,0.0,0.001284564938138057,0.0015432098765432098,0.07850677371590681,0.0,1.0,0.19691358024691358,0.4059420905301659,0.0,0.23622047244094488,0.5303602794512061,0.5328148258021265,0.34119563682627785,0.9903832220816442,0.683641975308642,0.9301088643911316,0.0,1.0
0.16916916916916916,7.817707058526168e-05,0.08557717941882165,0.0,0.0,0.00013228447776944319,0.0,0.24,0.0,0.0002879485861682158,0.0002451747594151908,0.00019354125193541254,0.0001716068210943533,0.002122294564778354,0.0012002951300126685,0.0,0.0007436954905009804,0.0,0.0,0.0,0.0,0.07372549019607844,0.0822248536706669,0.0,0.05511811023622047,0.6178745341976573,0.4920563963598249,0.415491436205925,0.9805834796854622,0.6470588235294118,0.9557692240748188,0.0,1.0
0.057057057057057055,0.0002823327334428878,0.25299920021327643,0.0,0.0,0.0,0.1,0.15999999999999998,0.0,0.0009512902883473968,0.0018878446185216675,0.0,0.0010822301136756798,0.012295527897979858,0.004933549647071962,0.0,0.002231086471502941,0.017241379310344827,0.26033911845761204,0.0,1.0,0.16724137931034483,0.285952858553172,0.0,0.14960629921259844,0.9103707636212937,0.17103717075047462,0.8202875100734444,0.9988384479115568,0.2413793103448276,0.8558395617924729,0.0,1.0
0.004004004004004004,5.435624539670547e-05,0.04825379898693682,0.0,0.0,7.516163509627454e-06,0.0,0.27999999999999997,0.0,0.00032911476864702627,0.00012108678926288191,0.0008847600088476001,9.549089238314821e-05,0.0029538368796330305,0.0005382774920053281,0.0,0.00013521736190926916,0.0,0.0,0.0,0.0,0.09333333333333332,0.09465891828444507,0.0,0.03937007874015748,0.4782138506599445,0.008689439076943894,0.55602001995062,0.4627464428932768,0.8,0.8,0.0,1.0
0.009009009009009009,7.050324770572679e-05,0.06318315115969075,0.0,0.0,0.00014431033938484714,0.0,0.39999999999999997,0.0,0.0001726969064137978,0.00020700410364987525,0.0003870825038708251,0.00013008904179733234,0.000421976697090433,0.00040370811900399613,0.0,0.00013521736190926916,0.0,0.0,0.0,0.0,0.12333333333333334,0.16533586488026042,0.0,0.07874015748031496,0.46801921091270415,0.42573173274034537,0.4732302784456355,0.9618233541617665,0.1,0.6000000000000001,0.0,1.0
0.035035035035035036,4.2845511077403136e-05,0.05385230605171954,0.0,0.0,3.3071119442360796e-05,0.0,0.27999999999999997,0.0,0.00033362063299119334,0.00017645551463681881,0.00047002875470028755,0.00012870511582076496,0.0032234331027741407,0.0011268495616154198,0.0,0.0004056520857278075,0.0,0.0,0.0,0.0,0.005555555555555555,0.026087912203648596,0.0,0.015748031496062992,0.7014783938007385,0.4741446724322714,0.39171687209105777,0.9882476059160323,0.2222222222222222,0.8314794192830981,0.0,1.0
0.22922922922922923,0.0015974341294231796,0.16249000266595573,1.0,0.0,0.0002946336095773962,0.5666666666666667,0.24,0.0,0.0021703368799814494,0.0031061586021167414,0.0029307675293076753,0.002895173142978928,0.015117773843587687,0.007529420296040524,0.0,0.005003042390642959,0.0,0.0,0.0,0.0,0.008115942028985508,0.03908132247422589,0.0,0.03937007874015748,0.6778929406920478,0.40624300943215763,0.4699636598058152,0.9935308024796585,0.5478260869565217,0.9954148188698564,0.0,1.0
0.06906906906906907,0.0023483496724476666,0.24513463076512929,1.0,1.0,7.516163509627454e-05,0.33333333333333337,0.32,0.0,0.007151499145999507,0.004436482043623631,0.006359212563592126,0.003383699012707208,0.05907673759266062,0.014571002261969154,0.023809523809523808,0.007774998309782976,0.0,0.0,0.0,0.0,0.023809523809523808,0.0900808924707957,0.0,0.06299212598425197,0.8502113450646895,0.2985793883760092,0.6442772346543961,0.9914657938986133,0.4142857142857143,0.9851965514038094,0.0,1.0
0.11211211211211211,6.538736578603687e-05,0.08251133031191682,1.0,0.0,6.914870428857258e-05,0.04666666666666667,0.27999999999999997,0.0,0.00035623540093853,0.00026519669754044363,0.00041473125414731257,0.00021035674843823953,0.002912759502040157,0.001279516658400133,0.0,0.000811304171455615,0.0,0.0,0.0,0.0,0.010029498525073746,0.03420387546326905,0.0,0.023622047244094488,0.6515019184431452,0.4718675265147723,0.43369037743569283,0.9994562733547196,0.8407079646017699,0.731896393916295,0.0,1.0
0.09909909909909909,0.0015870424942738095,0.0018661690215942416,0.0,1.0,4.509698105776473e-06,0.6066666666666667,0.15999999999999998,0.0,0.00020838335201960102,0.0001750073644344822,0.00016589250165892502,0.00013147296777389972,0.0019199939717614702,0.0012077366946440934,0.0,0.000811304171455615,0.0,0.0,0.0,0.0,0.14166666666666666,0.2997321576057842,0.0,0.2047244094488189,0.9197588982046829,0.07015520430025032,0.8657735289594273,0.9801557930856744,0.05,0.4358898943540674,0.0,1.0
0.2312312312312312,6.250968220621129e-05,0.059584110903758994,0.0,0.0,0.00017738145882720792,0.0,0.2,0.0,0.0003255189557221245,0.0004260375954644495,8.294625082946251e-05,0.0002698655654306362,0.00213716646155715,0.0011166305013710046,0.0,0.0006760868095463458,0.0,0.0,0.0,0.0,0.008620689655172414,0.04701006127231082,0.0,0.03937007874015748,0.4600456113961222,0.6587604595090774,0.2251921684210929,0.9980121871772356,0.1896551724137931,0.784056344889798,0.0,1.0
0.5445445445445446,0.00286041747834663,0.9506798187150093,1.0,1.0,0.00021496227637534518,0.18000000000000002,0.6799999999999999,0.0,0.00233077443332187,0.0015511395560819537,0.0009677062596770627,0.0017921841396547381,0.01987548956754388,0.0050695517429018636,0.0,0.004326955581096613,0.0,0.0,0.0,0.0,0.01235474006116208,0.08523139894300917,0.0,0.14173228346456693,0.848862082066729,0.21236539287846123,0.7200586949707368,0.9982702464603106,0.03669724770642202,0.37603489049393024,0.0,1.0
0.04604604604604605,2.1262884228711258e-05,0.017728605705145294,1.0,0.0,1.8038792423105892e-05,0.2066666666666667,0.2,0.0,3.1070331389385265e-05,4.0520959668530784e-05,0.0,2.2142815625077845e-05,0.0005386936558601272,0.00047003235695798254,0.0,0.00020282604286390375,0.0,0.0,0.0,0.0,0.06312056737588652,0.09313139177736607,0.0,0.047244094488188976,0.15096151026612592,0.24100216501288763,0.1427358335720017,0.29494448605109547,0.5957446808510638,0.9814946889081527,0.0,1.0
0.025025025025025023,5.915238469641477e-05,0.051719541455611834,0.0,0.0,3.758081754813727e-05,0.06666666666666667,0.2,0.0,0.00032488123676322096,0.00029889661919617696,0.00022119000221190003,0.0001992853406257006,0.00990022250866016,0.005027404542227569,0.0,0.0022986951524575755,0.0,0.0,0.0,0.0,0.20512820512820515,0.37835551351885255,0.0,0.19685039370078738,0.7029339323376149,0.741677828836713,0.25378700035789414,0.984972495075068,0.11538461538461539,0.6389710663783135,0.0,1.0
